PRICE_USD,BEDROOMS,BATHROOMS,PARKING_SPOTS,CONSTRUCTION_AREA_SQM,LATITUDE,LONGITUDE,CITY_Guayaquil,CITY_Manta,CITY_Quito
830000,3,4,4,900.0,-0.213978515543631,-78.43265400749824,0.0,0.0,1.0
92500,3,2,2,115.0,0.000536778325986,-78.45575056931152,0.0,0.0,1.0
105000,3,2,2,170.0,-0.2783826,-78.5409063,0.0,0.0,1.0
1430000,6,5,7,1950.0,-0.2110884,-78.4972829,0.0,0.0,1.0
214000,3,3,2,220.0,-0.1628172,-78.3422466,0.0,0.0,1.0
215000,4,4,8,387.0,-0.2266456,-78.4446536,0.0,0.0,1.0
41000,2,1,1,66.0,0.0042501,-78.4383282,0.0,0.0,1.0
220000,3,3,2,219.0,-0.210703336226963,-78.41541892808691,0.0,0.0,1.0
135000,3,2,3,212.0,-0.314331499999999,-78.4862389,0.0,0.0,1.0
435000,4,5,5,1400.0,-0.212211349507135,-78.39849246931152,0.0,0.0,1.0
338000,4,4,2,377.0,-0.1989529,-78.4511704,0.0,0.0,1.0
85000,3,2,1,120.0,-0.260502710528999,-78.4803546989,0.0,0.0,1.0
525000,4,4,4,260.0,-0.191949341092999,-78.4510233278,0.0,0.0,1.0
1550000,4,4,6,1600.0,-0.198285560635445,-78.42498890419922,0.0,0.0,1.0
90000,3,3,1,122.0,-0.094049199999999,-78.4510101,0.0,0.0,1.0
258000,4,3,2,320.0,-0.193289,-78.3872039,0.0,0.0,1.0
250000,3,3,2,322.0,-0.205677867869602,-78.39738412265433,0.0,0.0,1.0
269000,4,4,4,350.0,-0.31535390780285,-78.44158244230424,0.0,0.0,1.0
230000,3,4,2,245.0,-0.197422299999999,-78.4212162,0.0,0.0,1.0
85000,3,2,1,120.0,-0.260502710528999,-78.4803546989,0.0,0.0,1.0
190000,3,2,2,224.0,-0.2298098,-78.4426335,0.0,0.0,1.0
148900,4,3,4,450.0,-0.322541272845997,-78.43141904529345,0.0,0.0,1.0
92500,3,2,2,115.0,0.000536778325986,-78.45575056931152,0.0,0.0,1.0
375000,4,4,2,487.0,-0.234387,-78.44522,0.0,0.0,1.0
87000,2,2,1,167.0,-0.100888897239456,-78.43904259416503,0.0,0.0,1.0
147000,3,2,2,143.0,-0.200525705937,-78.3927553953,0.0,0.0,1.0
485000,5,4,6,572.0,-0.2151522,-78.43203849999999,0.0,0.0,1.0
155000,3,2,2,162.0,-0.211875599999999,-78.3727773,0.0,0.0,1.0
137000,3,2,2,218.0,-0.2929148,-78.46705109999999,0.0,0.0,1.0
800000,4,5,3,1150.0,-0.2009974,-78.43303809999999,0.0,0.0,1.0
490000,4,4,5,2000.0,-0.277834906705346,-78.54034679224723,0.0,0.0,1.0
579000,3,4,2,1000.0,-0.1577503,-78.438969,0.0,0.0,1.0
389000,3,3,4,490.0,-0.155602,-78.37284559999999,0.0,0.0,1.0
403000,3,3,2,500.0,-0.196249662319,-78.4468268382,0.0,0.0,1.0
140800,3,2,2,133.0,-0.298922399999999,-78.451999,0.0,0.0,1.0
390000,5,5,10,1260.0,-0.294200520599958,-78.45394049228643,0.0,0.0,1.0
260000,2,2,2,200.0,-0.1606761,-78.4544211,0.0,0.0,1.0
184129,3,3,2,207.0,-0.2260817,-78.407381,0.0,0.0,1.0
89000,3,2,1,94.0,-0.0500302,-78.4565314,0.0,0.0,1.0
450000,3,3,4,634.0,-0.173921799999999,-78.4718282,0.0,0.0,1.0
240000,3,3,3,374.0,-0.200398372944999,-78.3907397594,0.0,0.0,1.0
118000,3,2,2,160.0,-0.2128993,-78.4007561,0.0,0.0,1.0
169000,3,2,2,123.0,-0.210690999999999,-78.3955986,0.0,0.0,1.0
159000,3,2,2,200.0,-0.197003987382509,-78.37977096651701,0.0,0.0,1.0
580000,4,4,6,980.0,-0.198558857382747,-78.40376883558196,0.0,0.0,1.0
520000,4,4,10,1250.0,-0.138721663136,-78.4698503111,0.0,0.0,1.0
105000,3,2,2,179.0,-0.2714131,-78.45510019999999,0.0,0.0,1.0
495000,3,3,4,1960.0,-0.0020596,-78.4558364,0.0,0.0,1.0
114900,3,2,2,181.0,-0.266886774027999,-78.4671617387,0.0,0.0,1.0
54500,3,2,1,120.0,-0.3046521,-78.54683880000002,0.0,0.0,1.0
256000,3,3,2,324.0,-0.1963997,-78.3771627,0.0,0.0,1.0
269000,3,4,4,497.0,-0.0289921,-78.4477442,0.0,0.0,1.0
690000,4,4,4,1247.0,-0.155601999999999,-78.3728456,0.0,0.0,1.0
234999,3,3,2,238.0,-0.2178331,-78.4527441,0.0,0.0,1.0
110000,3,2,1,114.0,-0.151240958322999,-78.5001413307,0.0,0.0,1.0
73900,3,3,2,112.0,-0.0948703,-78.4259287,0.0,0.0,1.0
210000,3,3,3,230.0,-0.270544032990466,-78.46856450478515,0.0,0.0,1.0
169900,11,5,4,495.0,-0.223077296152,-78.5143621921,0.0,0.0,1.0
104900,4,3,2,214.0,-0.277154,-78.4550818,0.0,0.0,1.0
316046,3,3,2,330.0,-0.222608599999999,-78.4146153,0.0,0.0,1.0
189000,3,2,2,133.0,-0.2267731,-78.45435789999999,0.0,0.0,1.0
265000,4,4,5,457.0,-0.100709458375999,-78.4993616529,0.0,0.0,1.0
150000,3,2,2,322.0,-0.200986,-78.3916394,0.0,0.0,1.0
85000,3,3,1,166.0,-0.095472080564903,-78.4392082491035,0.0,0.0,1.0
64800,2,1,1,142.0,-0.0795398,-78.4485114,0.0,0.0,1.0
379000,4,3,2,350.0,-0.211850641489125,-78.42042719281136,0.0,0.0,1.0
297000,2,2,2,143.0,-0.1177809,-78.335622,0.0,0.0,1.0
189000,3,4,3,240.0,-0.220200383327563,-78.42212758120658,0.0,0.0,1.0
214000,3,3,2,180.0,-0.170901258072999,-78.36224551,0.0,0.0,1.0
234000,3,3,2,230.0,-0.172016799999999,-78.3618319,0.0,0.0,1.0
1600000,5,6,6,2000.0,-0.195232857995,-78.4159303794,0.0,0.0,1.0
240000,3,3,5,528.0,-0.305498326335,-78.4716431423,0.0,0.0,1.0
119900,4,2,2,185.0,-0.291718635677383,-78.47772351599916,0.0,0.0,1.0
69000,3,2,1,141.0,-0.3301626,-78.4510729,0.0,0.0,1.0
260000,2,3,2,287.0,-0.1804328,-78.43793000000001,0.0,0.0,1.0
238000,4,4,3,1300.0,-0.069734099999999,-78.4595644,0.0,0.0,1.0
220000,3,2,2,224.0,-0.201202899999999,-78.4499087,0.0,0.0,1.0
136900,6,3,4,303.0,-0.005892279732293,-78.44901571468507,0.0,0.0,1.0
490000,5,5,10,992.0,-0.202980702348662,-78.43722988625382,0.0,0.0,1.0
85000,4,2,2,348.0,-0.0831651,-78.4732399,0.0,0.0,1.0
250000,3,3,2,212.0,-0.1997595,-78.4412918,0.0,0.0,1.0
73500,3,2,1,122.0,-0.0841772,-78.41888809999999,0.0,0.0,1.0
620000,4,3,7,2571.0,-0.1257235,-78.4734507,0.0,0.0,1.0
210000,3,3,6,448.0,-0.270518499999999,-78.4695111,0.0,0.0,1.0
1600000,4,4,4,1399.0,-0.2009974,-78.43303809999999,0.0,0.0,1.0
290000,4,5,2,598.0,-0.1632633,-78.4629544,0.0,0.0,1.0
1300000,6,5,10,5000.0,0.046064978337837,-78.34999254232393,0.0,0.0,1.0
105000,2,2,1,193.0,-0.141020645592759,-78.4697107312134,0.0,0.0,1.0
900000,3,3,5,2026.0,-0.197413990414999,-78.4157861316,0.0,0.0,1.0
144000,4,3,2,224.0,-0.207407998018,-78.4027010895,0.0,0.0,1.0
94500,5,3,4,257.0,-0.2793302,-78.5550406,0.0,0.0,1.0
100000,4,2,2,151.0,-0.30145004588028,-78.46317655819702,0.0,0.0,1.0
650000,5,4,2,1108.0,-0.197281281453492,-78.4360221818823,0.0,0.0,1.0
105000,3,2,2,171.0,-0.32848535885,-78.463415364,0.0,0.0,1.0
295000,3,3,3,366.0,-0.172016799999999,-78.3618319,0.0,0.0,1.0
309000,7,5,2,486.0,-0.157798090165454,-78.4935654467718,0.0,0.0,1.0
580000,3,4,4,1986.0,-0.1980156,-78.4220216,0.0,0.0,1.0
85000,3,2,1,140.0,-0.27545857077069,-78.45799789210015,0.0,0.0,1.0
55555,3,1,1,99.0,-0.088203030821662,-78.45635024865723,0.0,0.0,1.0
1150000,6,5,4,1703.0,-0.186388682229189,-78.44772884208373,0.0,0.0,1.0
95000,3,2,2,203.0,-0.0833302,-78.4162787,0.0,0.0,1.0
540000,4,4,3,1847.0,-0.21498,-78.4192433,0.0,0.0,1.0
358000,3,3,5,631.0,-0.220063918432752,-78.40339156150718,0.0,0.0,1.0
365000,3,3,5,900.0,-0.210691,-78.39559860000001,0.0,0.0,1.0
219000,3,2,2,287.0,-0.203972823338938,-78.42137922009888,0.0,0.0,1.0
145000,4,3,1,337.0,-0.318706197247999,-78.4717973712,0.0,0.0,1.0
239990,3,2,2,161.0,-0.202393929581897,-78.43017589893492,0.0,0.0,1.0
79000,4,2,1,156.0,-0.097567,-78.4659334,0.0,0.0,1.0
265000,4,4,2,171.0,-0.204965139722367,-78.42289202645874,0.0,0.0,1.0
207360,3,3,2,167.0,-0.18286451808371,-78.36564498087859,0.0,0.0,1.0
254000,4,3,2,248.0,-0.201498460699999,-78.4328712116,0.0,0.0,1.0
535000,3,3,2,760.0,-0.155189152383822,-78.37666965863001,0.0,0.0,1.0
320000,3,3,4,500.0,-0.305394226024999,-78.4723709199,0.0,0.0,1.0
250000,4,3,4,500.0,-0.3053689,-78.44675939999999,0.0,0.0,1.0
639000,4,4,3,591.0,-0.2124452,-78.4375362,0.0,0.0,1.0
119000,3,2,2,196.0,-0.19379572727676,-78.39704279525446,0.0,0.0,1.0
268000,3,3,2,240.0,-0.210690999999999,-78.3955986,0.0,0.0,1.0
128000,3,2,2,217.0,-0.3082103,-78.489289,0.0,0.0,1.0
599000,4,6,4,660.0,-0.1665679,-78.4955154,0.0,0.0,1.0
140000,3,3,2,153.0,-0.284362888117,-78.4525079716,0.0,0.0,1.0
349500,6,4,2,1528.0,-0.3062205,-78.4149763,0.0,0.0,1.0
249000,4,3,2,405.0,-0.1045366,-78.50495149999999,0.0,0.0,1.0
830000,4,4,4,1623.0,-0.199204021783,-78.4520566307,0.0,0.0,1.0
650000,3,5,8,2380.0,-0.2320259,-78.3369554,0.0,0.0,1.0
77500,3,2,1,95.0,-0.127196499999999,-78.5036225,0.0,0.0,1.0
185000,3,2,2,385.0,-0.326030478372517,-78.42906883809816,0.0,0.0,1.0
199000,3,3,2,180.0,-0.225632905401343,-78.44572207679899,0.0,0.0,1.0
75000,3,2,1,158.0,-0.076365399999999,-78.42031750000001,0.0,0.0,1.0
355000,5,4,4,566.0,-0.2067855,-78.48088709999999,0.0,0.0,1.0
97000,4,3,2,160.0,-0.154630254323784,-78.4753476557892,0.0,0.0,1.0
415000,3,3,2,455.0,-0.1939295,-78.3563501,0.0,0.0,1.0
288100,3,2,2,271.0,-0.204013060289999,-78.4490374429,0.0,0.0,1.0
90500,3,2,1,110.0,-0.0857708,-78.47858389999999,0.0,0.0,1.0
92000,3,3,1,160.0,-0.31149914085,-78.4950647333,0.0,0.0,1.0
82000,3,2,3,104.0,-0.3301626,-78.4510729,0.0,0.0,1.0
155000,3,3,2,125.0,-0.346595521103999,-78.4547966618,0.0,0.0,1.0
250000,12,7,4,640.0,-0.244494712012132,-78.51894965889386,0.0,0.0,1.0
142000,3,2,2,171.0,-0.211377640849999,-78.4026581741,0.0,0.0,1.0
164900,3,3,4,209.0,-0.30645466899,-78.4383079712,0.0,0.0,1.0
122000,3,3,2,210.0,-0.13052404705505,-78.44220787357177,0.0,0.0,1.0
85000,4,2,1,149.0,-0.094730327253564,-78.45790561821289,0.0,0.0,1.0
629000,4,4,4,604.0,-0.1567015,-78.38341609999998,0.0,0.0,1.0
190000,9,6,2,230.0,-0.243755074704778,-78.50846743551254,0.0,0.0,1.0
159000,3,3,2,140.0,-0.214334334624,-78.4003902222,0.0,0.0,1.0
180000,4,3,2,316.0,-0.216727399999999,-78.3844162,0.0,0.0,1.0
85000,4,3,2,130.0,-0.097567,-78.4659334,0.0,0.0,1.0
467000,5,5,5,2000.0,-0.278382599999999,-78.5409063,0.0,0.0,1.0
399000,4,6,6,550.0,-0.1212732,-78.4894015,0.0,0.0,1.0
250000,8,2,6,360.0,-0.151370649204861,-78.4889827632294,0.0,0.0,1.0
895000,5,5,6,905.0,-0.224756402486,-78.3996326424,0.0,0.0,1.0
81990,3,2,1,179.0,-0.114193699999999,-78.4380215,0.0,0.0,1.0
105000,3,2,2,130.0,-0.263743529360301,-78.47244573395791,0.0,0.0,1.0
178000,3,2,2,185.0,-0.20841380129229,-78.40412223646595,0.0,0.0,1.0
225000,9,9,1,402.0,-0.254475828296,-78.5405818534,0.0,0.0,1.0
219000,6,6,4,580.0,-0.040091799999999,-78.4549279,0.0,0.0,1.0
439000,3,2,6,1648.0,-0.1671741,-78.4340229,0.0,0.0,1.0
90000,4,3,1,118.0,-0.069734099999999,-78.4595644,0.0,0.0,1.0
88000,3,2,1,140.0,-0.313856627473541,-78.47360404922733,0.0,0.0,1.0
91500,2,2,1,128.0,-0.2801221,-78.4804805,0.0,0.0,1.0
445000,3,3,2,440.0,-0.2256893,-78.3922181,0.0,0.0,1.0
265000,3,3,4,951.0,-0.299894111,-78.4505769468,0.0,0.0,1.0
105000,4,3,1,290.0,-0.107711924493102,-78.50463894348471,0.0,0.0,1.0
80000,3,2,1,182.0,-0.077314695323511,-78.4207950550171,0.0,0.0,1.0
590000,3,4,7,2121.0,-0.155601999999999,-78.3728456,0.0,0.0,1.0
900000,4,4,2,1230.0,-0.200997399999999,-78.43303809999999,0.0,0.0,1.0
163000,4,3,2,339.0,-0.074409182607997,-78.49113582614747,0.0,0.0,1.0
289900,4,3,4,900.0,-0.0875297,-78.4689224,0.0,0.0,1.0
320000,3,3,2,406.0,-0.200263178571,-78.3875813475,0.0,0.0,1.0
465000,4,5,4,980.0,-0.2449654,-78.5029992,0.0,0.0,1.0
365000,3,4,2,395.0,-0.189410324323,-78.4259356105,0.0,0.0,1.0
650000,3,3,4,2140.0,-0.185289,-78.4148898,0.0,0.0,1.0
399000,3,3,2,470.0,-0.1587763,-78.36654659999999,0.0,0.0,1.0
750000,5,5,4,1200.0,-0.1768556,-78.3585117,0.0,0.0,1.0
143976,3,2,2,211.0,-0.218168457517,-78.3849337,0.0,0.0,1.0
78500,3,1,1,104.0,-0.262900886803809,-78.51956029625596,0.0,0.0,1.0
220000,3,3,2,177.0,-0.203081320935048,-78.42803589364013,0.0,0.0,1.0
1200000,5,7,10,1828.0,-0.154400374758,-78.3859133223,0.0,0.0,1.0
168000,4,3,2,255.0,-0.1367941,-78.47363229999999,0.0,0.0,1.0
69900,3,2,1,114.0,-0.0891264,-78.42804799999999,0.0,0.0,1.0
115000,3,3,1,140.0,-0.335383897970999,-78.4231615198,0.0,0.0,1.0
690,3,2,2,127.0,-0.2320259,-78.3369554,0.0,0.0,1.0
190000,4,4,2,380.0,-0.200986,-78.3916394,0.0,0.0,1.0
195000,4,3,2,315.0,-0.197548,-78.4801671,0.0,0.0,1.0
580000,4,3,6,737.0,-0.190079381915683,-78.4489304717224,0.0,0.0,1.0
890000,3,4,4,818.0,-0.182909999999999,-78.383019,0.0,0.0,1.0
600000,4,4,2,400.0,-0.1770622,-78.3719676,0.0,0.0,1.0
485000,5,4,6,572.0,-0.2151522,-78.43203849999999,0.0,0.0,1.0
325000,3,3,1,360.0,-0.2087466,-78.4848844,0.0,0.0,1.0
465000,4,5,4,980.0,-0.2449654,-78.5029992,0.0,0.0,1.0
799000,5,6,2,944.0,-0.192758436808503,-78.3831697576359,0.0,0.0,1.0
125000,3,2,2,227.0,-0.325570733349999,-78.4566304371,0.0,0.0,1.0
110000,4,2,2,207.0,-0.275886143352612,-78.45883443748802,0.0,0.0,1.0
120000,3,3,2,135.0,-0.104659981911903,-78.50148879423891,0.0,0.0,1.0
282665,3,4,2,361.0,-0.155602,-78.3728456,0.0,0.0,1.0
260000,3,3,2,400.0,-0.2107252,-78.4410895,0.0,0.0,1.0
510000,3,4,4,472.0,-0.210691,-78.39559860000001,0.0,0.0,1.0
400000,5,4,4,718.0,-0.187010951417002,-78.44696173030547,0.0,0.0,1.0
398000,4,5,4,365.0,-0.1733133,-78.4229127,0.0,0.0,1.0
290000,9,8,6,509.0,-0.107021,-78.49828959999999,0.0,0.0,1.0
138500,4,4,2,185.0,-0.319636359392467,-78.46996864774627,0.0,0.0,1.0
590000,3,4,7,2121.0,-0.155601999999999,-78.3728456,0.0,0.0,1.0
110000,3,2,1,114.0,-0.151240958322999,-78.5001413307,0.0,0.0,1.0
80000,3,2,1,120.0,-0.103641195625589,-78.46140570806473,0.0,0.0,1.0
105000,3,2,2,179.0,-0.2714131,-78.45510019999999,0.0,0.0,1.0
258000,3,2,4,928.0,-0.3035751,-78.4502219,0.0,0.0,1.0
295000,3,3,2,400.0,-0.2038414,-78.4496168,0.0,0.0,1.0
119000,3,2,2,196.0,-0.19379572727676,-78.39704279525446,0.0,0.0,1.0
79990,3,2,1,120.0,-0.106806056110083,-78.44188906134488,0.0,0.0,1.0
80000,3,2,1,182.0,-0.077314695323511,-78.4207950550171,0.0,0.0,1.0
220885,3,2,2,218.0,-0.2107252,-78.44108949999999,0.0,0.0,1.0
1050000,4,4,4,1030.0,-0.200997399999999,-78.4330381,0.0,0.0,1.0
169900,11,5,4,495.0,-0.223077296152,-78.5143621921,0.0,0.0,1.0
599900,8,6,4,724.0,-0.1723433,-78.49100159999999,0.0,0.0,1.0
202068,3,2,2,152.0,-0.1967032,-78.4828957,0.0,0.0,1.0
215000,9,7,2,611.0,-0.242314587401999,-78.5107628106,0.0,0.0,1.0
319000,3,2,2,1000.0,-0.217203,-78.3968236,0.0,0.0,1.0
159000,3,3,2,140.0,-0.214334334624,-78.4003902222,0.0,0.0,1.0
225000,3,2,2,228.0,-0.1083197,-78.5041479,0.0,0.0,1.0
149500,3,2,2,185.0,-0.222954013284185,-78.41980548447427,0.0,0.0,1.0
290000,6,4,3,776.0,-0.1733298,-78.472799,0.0,0.0,1.0
404900,4,3,2,282.0,-0.1567987,-78.46240639999999,0.0,0.0,1.0
114500,3,2,4,226.0,-0.333321556216682,-78.42317586086106,0.0,0.0,1.0
64900,3,2,1,120.0,-0.0819386,-78.4255496,0.0,0.0,1.0
248000,3,2,2,175.0,-0.2034793,-78.4223019,0.0,0.0,1.0
580000,3,3,10,1950.0,-0.1069051,-78.4555238,0.0,0.0,1.0
390000,5,5,10,1260.0,-0.294200520599958,-78.45394049228643,0.0,0.0,1.0
78000,5,2,1,179.0,-0.089369406200145,-78.43903943603857,0.0,0.0,1.0
295000,4,4,3,359.0,-0.2256893,-78.3922181,0.0,0.0,1.0
122000,3,3,2,210.0,-0.13052404705505,-78.44220787357177,0.0,0.0,1.0
450000,3,3,4,473.0,-0.1057055,-78.5111939,0.0,0.0,1.0
142000,3,2,2,171.0,-0.211377640849999,-78.4026581741,0.0,0.0,1.0
129000,3,2,2,200.0,-0.1248558,-78.4760988,0.0,0.0,1.0
190000,3,3,2,160.0,-0.216636446272538,-78.44440510685422,0.0,0.0,1.0
85000,3,2,1,140.0,-0.27545857077069,-78.45799789210015,0.0,0.0,1.0
110000,4,4,2,149.0,-0.2160451,-78.4923143,0.0,0.0,1.0
120000,3,2,2,202.0,-0.3372072,-78.47705260000001,0.0,0.0,1.0
55555,3,1,1,99.0,-0.088203030821662,-78.45635024865723,0.0,0.0,1.0
114999,3,2,1,167.0,-0.270518499999999,-78.4695111,0.0,0.0,1.0
75000,3,2,1,109.0,-0.219638699999999,-78.382263,0.0,0.0,1.0
92000,3,3,1,160.0,-0.31149914085,-78.4950647333,0.0,0.0,1.0
580000,4,4,4,700.0,-0.2009974,-78.43303809999999,0.0,0.0,1.0
209245,3,3,2,213.0,-0.1928677,-78.4855485,0.0,0.0,1.0
135000,3,2,1,213.0,-0.202862830091752,-78.38523229035188,0.0,0.0,1.0
65000,4,2,2,138.0,-0.088709661166358,-78.456369693396,0.0,0.0,1.0
420000,12,4,4,496.0,-0.1733442,-78.4707654,0.0,0.0,1.0
117998,3,2,2,168.0,-0.1267057,-78.4740922,0.0,0.0,1.0
147000,3,2,2,143.0,-0.200525705937,-78.3927553953,0.0,0.0,1.0
73900,3,3,2,112.0,-0.0948703,-78.4259287,0.0,0.0,1.0
94580,3,2,1,148.0,-0.3314841,-78.4254543,0.0,0.0,1.0
895000,5,5,6,905.0,-0.224756402486,-78.3996326424,0.0,0.0,1.0
155000,3,2,2,162.0,-0.211875599999999,-78.3727773,0.0,0.0,1.0
219000,6,6,4,580.0,-0.040091799999999,-78.4549279,0.0,0.0,1.0
115000,10,4,2,287.0,-0.2809164,-78.5535704,0.0,0.0,1.0
350000,4,2,5,499.0,-0.234387,-78.44522,0.0,0.0,1.0
120000,4,4,3,200.0,-0.1405447,-78.4697896,0.0,0.0,1.0
87500,3,2,2,250.0,-0.366423157868,-78.4379849307,0.0,0.0,1.0
385000,4,4,4,1010.0,-0.307319661721,-78.4709054026,0.0,0.0,1.0
298000,3,4,2,246.0,-0.222189785431888,-78.42435621237792,0.0,0.0,1.0
898000,4,4,8,1200.0,-0.156721129851006,-78.38468239192656,0.0,0.0,1.0
580000,5,5,10,2338.0,-0.155601999999999,-78.3728456,0.0,0.0,1.0
139000,3,2,3,444.0,-0.2673735,-78.4670593,0.0,0.0,1.0
900000,3,3,5,2026.0,-0.197413990414999,-78.4157861316,0.0,0.0,1.0
119000,3,2,2,160.0,-0.3371178,-78.4774674,0.0,0.0,1.0
410000,4,5,3,660.0,-0.2009974,-78.43303809999999,0.0,0.0,1.0
227000,5,5,3,330.0,-0.2818929,-78.4611417,0.0,0.0,1.0
195000,3,2,2,236.0,-0.210898651658481,-78.45280480635988,0.0,0.0,1.0
60000,3,1,1,93.0,-0.084605777080776,-78.44557424024963,0.0,0.0,1.0
245000,3,3,3,451.0,-0.2038414,-78.4496168,0.0,0.0,1.0
89900,3,2,2,170.0,-0.335451926623999,-78.4648256198,0.0,0.0,1.0
118000,3,2,2,160.0,-0.2128993,-78.4007561,0.0,0.0,1.0
1200000,5,5,9,3012.0,-0.1234952,-78.4759129,0.0,0.0,1.0
54900,3,2,2,135.0,-0.293019835672434,-78.48763290796103,0.0,0.0,1.0
260000,2,3,2,287.0,-0.1804328,-78.43793000000001,0.0,0.0,1.0
262000,6,4,4,369.0,-0.293110718009229,-78.45417216517637,0.0,0.0,1.0
260000,4,4,10,1040.0,-0.239509432806729,-78.32762315242309,0.0,0.0,1.0
179000,3,2,2,230.0,-0.1577503,-78.438969,0.0,0.0,1.0
110000,7,3,3,367.0,-0.254494,-78.5467722,0.0,0.0,1.0
269000,3,4,4,497.0,-0.0289921,-78.4477442,0.0,0.0,1.0
107630,3,2,2,198.0,-0.304642718914999,-78.4320263103,0.0,0.0,1.0
235000,3,3,2,196.0,-0.1840699,-78.3874328,0.0,0.0,1.0
85000,3,3,1,166.0,-0.095472080564903,-78.4392082491035,0.0,0.0,1.0
349000,4,4,5,1125.0,-0.273322351448279,-78.45940487301637,0.0,0.0,1.0
234000,3,2,3,300.0,-0.234387,-78.44522,0.0,0.0,1.0
730000,4,3,10,2471.0,-0.179295257205262,-78.44077299933622,0.0,0.0,1.0
120000,3,3,2,212.0,-0.086549317803059,-78.47974001009521,0.0,0.0,1.0
389000,3,3,4,490.0,-0.155602,-78.37284559999999,0.0,0.0,1.0
189999,3,3,2,198.0,-0.2134195,-78.4434001,0.0,0.0,1.0
177900,6,3,6,466.0,-0.2419394,-78.4860288,0.0,0.0,1.0
850000,4,6,6,2232.0,-0.219804629953154,-78.43901145452269,0.0,0.0,1.0
77900,3,2,2,89.0,-0.319523682596999,-78.4858689153,0.0,0.0,1.0
419900,3,3,4,800.0,-0.155907674247632,-78.4345266022876,0.0,0.0,1.0
178000,3,2,2,185.0,-0.20841380129229,-78.40412223646595,0.0,0.0,1.0
265000,4,4,5,457.0,-0.100709458375999,-78.4993616529,0.0,0.0,1.0
190000,9,6,2,230.0,-0.243755074704778,-78.50846743551254,0.0,0.0,1.0
209335,3,3,2,227.0,-0.218810455549652,-78.40540903439329,0.0,0.0,1.0
650000,5,4,2,1108.0,-0.197281281453492,-78.4360221818823,0.0,0.0,1.0
37000,3,1,1,102.0,0.001932484655791,-78.45068400740966,0.0,0.0,1.0
105000,3,2,2,163.0,-0.279216834375,-78.4597551226,0.0,0.0,1.0
124900,4,3,2,214.0,-0.09761007539418,-78.48113289255981,0.0,0.0,1.0
289900,4,3,4,900.0,-0.0875297,-78.4689224,0.0,0.0,1.0
920000,4,4,4,1070.0,-0.2256893,-78.3922181,0.0,0.0,1.0
159000,3,2,2,142.0,-0.2013251147,-78.3853640937,0.0,0.0,1.0
107000,3,3,2,160.0,-0.10010912338984,-78.46572652592315,0.0,0.0,1.0
800000,4,5,3,1150.0,-0.2009974,-78.43303809999999,0.0,0.0,1.0
85000,4,2,1,149.0,-0.094730327253564,-78.45790561821289,0.0,0.0,1.0
148000,4,3,3,476.0,-0.31486086187,-78.4838381198,0.0,0.0,1.0
92000,3,2,2,157.0,-0.077314695323511,-78.4207950550171,0.0,0.0,1.0
360000,10,6,8,703.0,-0.1171059,-78.4927854,0.0,0.0,1.0
189000,3,4,3,240.0,-0.220200383327563,-78.42212758120658,0.0,0.0,1.0
158500,6,3,1,328.0,-0.253235793435,-78.5172804355,0.0,0.0,1.0
315000,3,3,4,240.0,-0.2067855,-78.48088709999999,0.0,0.0,1.0
349500,6,4,2,1528.0,-0.3062205,-78.4149763,0.0,0.0,1.0
454000,3,3,4,344.0,-0.2256893,-78.3922181,0.0,0.0,1.0
80000,3,3,1,135.0,-0.270950799999999,-78.5520677,0.0,0.0,1.0
620000,4,5,5,1235.0,-0.1577774,-78.4606135,0.0,0.0,1.0
178000,3,3,2,365.0,-0.286343,-78.4579368,0.0,0.0,1.0
82000,3,2,1,100.0,-0.210690999999999,-78.3955986,0.0,0.0,1.0
105000,3,2,2,171.0,-0.32848535885,-78.463415364,0.0,0.0,1.0
415000,10,10,2,2230.0,-0.115021136733,-78.5059556091,0.0,0.0,1.0
115000,3,2,2,120.0,-0.1412935,-78.465499,0.0,0.0,1.0
169000,3,2,2,123.0,-0.210690999999999,-78.3955986,0.0,0.0,1.0
78790,3,2,2,82.0,-0.321143136852999,-78.4878665824,0.0,0.0,1.0
195000,3,2,2,270.0,-0.207038599999999,-78.4448597,0.0,0.0,1.0
450000,3,3,4,634.0,-0.173921799999999,-78.4718282,0.0,0.0,1.0
223000,5,3,7,1172.0,-0.3488407,-78.4549568,0.0,0.0,1.0
1550000,6,5,4,1111.0,-0.2009974,-78.43303809999999,0.0,0.0,1.0
79000,4,2,1,156.0,-0.097567,-78.4659334,0.0,0.0,1.0
95000,3,2,1,132.0,-0.1294335,-78.4785418,0.0,0.0,1.0
69000,3,2,1,105.0,-0.306949099999999,-78.5018999,0.0,0.0,1.0
200000,6,5,3,360.0,-0.147441668090141,-78.49501689206544,0.0,0.0,1.0
235000,3,3,2,360.0,-0.178611965724999,-78.3947832085,0.0,0.0,1.0
124900,3,3,2,162.0,-0.298540199999999,-78.4778372,0.0,0.0,1.0
900000,5,6,2,1100.0,-0.2058235,-78.400392,0.0,0.0,1.0
1600000,4,5,7,5000.0,-0.155602,-78.37284559999999,0.0,0.0,1.0
250000,4,3,4,500.0,-0.3053689,-78.44675939999999,0.0,0.0,1.0
1150000,6,5,4,1703.0,-0.186388682229189,-78.44772884208373,0.0,0.0,1.0
380000,3,3,3,515.0,-0.2107252,-78.44108949999999,0.0,0.0,1.0
260000,3,3,3,1300.0,-0.2783826,-78.5409063,0.0,0.0,1.0
1600000,4,4,4,1399.0,-0.2009974,-78.43303809999999,0.0,0.0,1.0
179700,5,5,2,355.0,-0.1956524,-78.5062561,0.0,0.0,1.0
137000,7,3,3,315.0,-0.125430046275672,-78.49301464003295,0.0,0.0,1.0
165000,7,3,3,350.0,-0.3304566,-78.4473505,0.0,0.0,1.0
90000,3,2,2,179.0,-0.295681665133755,-78.44584000000002,0.0,0.0,1.0
288100,3,2,2,271.0,-0.204013060289999,-78.4490374429,0.0,0.0,1.0
260000,2,2,2,200.0,-0.1606761,-78.4544211,0.0,0.0,1.0
1600000,5,4,5,4300.0,-0.193346957405927,-78.38056409192654,0.0,0.0,1.0
155000,3,3,2,125.0,-0.346595521103999,-78.4547966618,0.0,0.0,1.0
85000,3,2,1,126.0,-0.2173116,-78.4109204,0.0,0.0,1.0
123000,4,2,2,165.0,-0.270518499999999,-78.4695111,0.0,0.0,1.0
850000,4,5,3,1191.0,-0.2009974,-78.43303809999999,0.0,0.0,1.0
432000,2,2,2,1800.0,-0.222612229344528,-78.38244078834059,0.0,0.0,1.0
79000,3,2,1,140.0,-0.326749933374012,-78.48170596676482,0.0,0.0,1.0
89000,3,2,1,94.0,-0.0500302,-78.4565314,0.0,0.0,1.0
490000,4,4,5,2000.0,-0.277834906705346,-78.54034679224723,0.0,0.0,1.0
140800,3,2,2,133.0,-0.298922399999999,-78.451999,0.0,0.0,1.0
90500,3,2,1,110.0,-0.0857708,-78.47858389999999,0.0,0.0,1.0
170000,4,4,2,399.0,-0.2257093,-78.5050269,0.0,0.0,1.0
160000,4,5,2,430.0,-0.1351507,-78.5027689,0.0,0.0,1.0
700000,4,5,10,2565.0,-0.350438,-78.4251204,0.0,0.0,1.0
90000,4,2,1,148.0,-0.1384832,-78.5075159,0.0,0.0,1.0
160000,3,2,2,254.0,-0.282120660962,-78.4669425682,0.0,0.0,1.0
199000,5,6,3,572.0,-0.026112599637843,-78.44711087776682,0.0,0.0,1.0
136900,6,3,4,303.0,-0.005892279732293,-78.44901571468507,0.0,0.0,1.0
122900,3,2,2,145.0,-0.302657626303331,-78.4903556723999,0.0,0.0,1.0
140000,3,3,2,153.0,-0.284362888117,-78.4525079716,0.0,0.0,1.0
600000,3,3,2,881.0,-0.197271499999999,-78.4441541,0.0,0.0,1.0
195000,3,3,2,260.0,-0.19064933854124,-78.38897187188056,0.0,0.0,1.0
88500,3,3,2,176.0,-0.321056376521999,-78.4417207796,0.0,0.0,1.0
710000,4,4,5,931.0,-0.2049214,-78.40841379999999,0.0,0.0,1.0
369000,3,4,2,450.0,-0.184202399999999,-78.4426302,0.0,0.0,1.0
158000,3,2,5,333.0,-0.3874404,-78.5465388,0.0,0.0,1.0
365000,3,3,5,900.0,-0.210691,-78.39559860000001,0.0,0.0,1.0
250000,9,4,2,750.0,-0.111938800347,-78.5055818085,0.0,0.0,1.0
140000,3,2,2,239.0,-0.291649967324004,-78.48931400683269,0.0,0.0,1.0
159000,6,3,2,365.0,-0.298499,-78.5394655,0.0,0.0,1.0
133000,3,2,2,212.0,-0.281575986723314,-78.45789899415227,0.0,0.0,1.0
120990,3,3,2,160.0,-0.281026857987608,-78.46610147356883,0.0,0.0,1.0
230000,3,2,2,205.0,-0.216526295911546,-78.42529496683007,0.0,0.0,1.0
445000,3,3,2,440.0,-0.2256893,-78.3922181,0.0,0.0,1.0
549900,4,5,6,2000.0,-0.289244447364,-78.4481788863,0.0,0.0,1.0
258000,12,10,6,777.0,-0.232787111094893,-78.48313084140624,0.0,0.0,1.0
65000,3,2,1,102.0,-0.236302099999999,-78.4856723,0.0,0.0,1.0
320000,3,3,2,406.0,-0.200263178571,-78.3875813475,0.0,0.0,1.0
369000,3,4,2,450.0,-0.184202399999999,-78.4426302,0.0,0.0,1.0
199000,4,3,3,207.0,-0.1623087,-78.4965113,0.0,0.0,1.0
469900,4,4,3,1108.0,-0.310041101506782,-78.47135491586914,0.0,0.0,1.0
75000,3,2,1,158.0,-0.076365399999999,-78.42031750000001,0.0,0.0,1.0
105000,3,2,2,130.0,-0.263743529360301,-78.47244573395791,0.0,0.0,1.0
375000,4,4,2,490.0,-0.2107252,-78.44108949999999,0.0,0.0,1.0
185000,3,2,2,385.0,-0.326030478372517,-78.42906883809816,0.0,0.0,1.0
240000,3,3,3,374.0,-0.200398372944999,-78.3907397594,0.0,0.0,1.0
495000,3,3,4,1960.0,-0.0020596,-78.4558364,0.0,0.0,1.0
144700,4,3,4,202.0,-0.091808,-78.4801819,0.0,0.0,1.0
395000,12,9,5,416.0,-0.187500970477231,-78.49038120383246,0.0,0.0,1.0
440000,4,4,3,420.0,-0.172676233363,-78.4797147889,0.0,0.0,1.0
118000,4,2,2,249.0,-0.107375592474332,-78.46172414495238,0.0,0.0,1.0
800000,4,4,3,1000.0,-0.187986689793999,-78.4101721682,0.0,0.0,1.0
300000,3,2,4,200.0,-0.204545799999999,-78.4226786,0.0,0.0,1.0
1580000,4,4,4,1182.0,-0.155932563336,-78.3852563847,0.0,0.0,1.0
235000,3,2,2,332.0,-0.193346957405927,-78.38056409192654,0.0,0.0,1.0
800000,3,4,4,1000.0,-0.195208199999999,-78.4159498,0.0,0.0,1.0
1600000,5,6,6,2000.0,-0.195232857995,-78.4159303794,0.0,0.0,1.0
90000,4,3,1,118.0,-0.069734099999999,-78.4595644,0.0,0.0,1.0
89900,3,3,2,150.0,0.000899576196263,-78.45723541694944,0.0,0.0,1.0
98000,4,4,1,125.0,-0.1331228,-78.4774233,0.0,0.0,1.0
879999,6,5,7,1100.0,-0.20122779287725,-78.42933073046507,0.0,0.0,1.0
370000,3,3,2,396.0,-0.1770622,-78.3719676,0.0,0.0,1.0
260000,3,3,2,400.0,-0.2107252,-78.4410895,0.0,0.0,1.0
114900,3,2,2,181.0,-0.266886774027999,-78.4671617387,0.0,0.0,1.0
250000,4,3,2,450.0,-0.2783826,-78.5409063,0.0,0.0,1.0
1300000,6,5,10,5000.0,0.046064978337837,-78.34999254232393,0.0,0.0,1.0
105000,3,2,2,163.0,-0.279702995726051,-78.4595966725304,0.0,0.0,1.0
830000,4,4,4,1623.0,-0.199204021783,-78.4520566307,0.0,0.0,1.0
119500,7,4,1,350.0,-0.2186676,-78.5125638,0.0,0.0,1.0
270000,3,3,2,330.0,-0.327918561707868,-78.41386587037579,0.0,0.0,1.0
150000,3,2,1,169.0,-0.201627,-78.4524188,0.0,0.0,1.0
175000,3,2,2,297.0,-0.2863273,-78.450569,0.0,0.0,1.0
105000,4,3,1,290.0,-0.107711924493102,-78.50463894348471,0.0,0.0,1.0
454000,3,4,2,454.0,-0.228778199999999,-78.3856993,0.0,0.0,1.0
599000,4,6,4,660.0,-0.1665679,-78.4955154,0.0,0.0,1.0
150000,2,3,1,127.0,-0.2018807,-78.42647939999999,0.0,0.0,1.0
699990,8,6,8,625.0,-0.1945365,-78.4885541,0.0,0.0,1.0
91000,3,2,1,135.0,-0.135002299999999,-78.4382469,0.0,0.0,1.0
230000,2,2,2,185.0,-0.2107252,-78.4410895,0.0,0.0,1.0
75000,3,2,1,128.0,-0.110570219308617,-78.42418667061294,0.0,0.0,1.0
435000,8,7,5,380.0,-0.187467828611716,-78.50083874976808,0.0,0.0,1.0
64800,2,1,1,142.0,-0.0795398,-78.4485114,0.0,0.0,1.0
238000,3,3,4,329.0,-0.201375899999999,-78.4278941,0.0,0.0,1.0
79900,3,2,1,132.0,-0.358676869876999,-78.4401795909,0.0,0.0,1.0
115000,4,3,2,165.0,-0.098823179104435,-78.4597959664598,0.0,0.0,1.0
125000,4,3,3,213.0,-0.1357044,-78.4674702,0.0,0.0,1.0
75000,3,1,1,100.0,-0.349328004991072,-78.45183490656872,0.0,0.0,1.0
277000,3,3,2,342.0,-0.155601999999999,-78.3728456,0.0,0.0,1.0
530000,5,3,5,2000.0,-0.222485289273983,-78.4099178917906,0.0,0.0,1.0
99900,4,2,2,199.0,-0.093086397037733,-78.47933344618376,0.0,0.0,1.0
340000,3,3,3,300.0,-0.169804587134341,-78.43484858415977,0.0,0.0,1.0
230000,3,2,2,260.0,-0.1064573,-78.4831906,0.0,0.0,1.0
1200000,5,5,10,3000.0,-0.126476699999999,-78.4773646,0.0,0.0,1.0
82000,3,2,2,204.0,-0.366373747457,-78.4378719229,0.0,0.0,1.0
137000,8,3,6,360.0,-0.2740202,-78.5440777,0.0,0.0,1.0
147900,3,2,2,160.0,-0.226294099999999,-78.4461122,0.0,0.0,1.0
138000,3,2,2,104.0,-0.21454,-78.3890933,0.0,0.0,1.0
288000,3,2,2,275.0,-0.2107252,-78.4410895,0.0,0.0,1.0
98000,3,2,2,125.0,-0.357408609139,-78.4401056315,0.0,0.0,1.0
285000,4,3,3,340.0,-0.2147393,-78.4155366,0.0,0.0,1.0
385000,4,4,5,1467.0,-0.3098909,-78.4718699,0.0,0.0,1.0
280000,4,3,2,597.0,-0.163196299999999,-78.4764345,0.0,0.0,1.0
398000,3,4,4,816.0,-0.1804328,-78.43793000000001,0.0,0.0,1.0
629000,4,4,4,604.0,-0.1567015,-78.38341609999998,0.0,0.0,1.0
154900,3,3,2,239.0,-0.310874449981999,-78.4636640448,0.0,0.0,1.0
750000,4,4,4,720.0,-0.168890399999999,-78.3706009,0.0,0.0,1.0
139000,3,2,1,211.0,-0.1291454,-78.5004525,0.0,0.0,1.0
250000,8,2,6,360.0,-0.151370649204861,-78.4889827632294,0.0,0.0,1.0
155500,3,2,2,220.0,-0.3333712,-78.46570529999997,0.0,0.0,1.0
295000,3,3,3,366.0,-0.172016799999999,-78.3618319,0.0,0.0,1.0
195600,7,4,1,471.0,-0.253881,-78.5128388,0.0,0.0,1.0
135000,3,3,2,170.0,-0.160951199999999,-78.4946784,0.0,0.0,1.0
128000,3,2,2,217.0,-0.3082103,-78.489289,0.0,0.0,1.0
149500,3,2,2,184.0,-0.221583,-78.3694643,0.0,0.0,1.0
247000,3,4,2,317.0,-0.202683857879257,-78.41939498518067,0.0,0.0,1.0
275000,3,3,4,450.0,-0.315302825504,-78.4655618314,0.0,0.0,1.0
175000,4,4,3,248.0,-0.329956131341422,-78.42714963047182,0.0,0.0,1.0
250000,3,3,2,361.0,-0.178270099999999,-78.4439343,0.0,0.0,1.0
100000,4,2,2,151.0,-0.30145004588028,-78.46317655819702,0.0,0.0,1.0
91500,2,2,1,128.0,-0.2801221,-78.4804805,0.0,0.0,1.0
104999,3,2,2,277.0,-0.002059599999999,-78.4558364,0.0,0.0,1.0
61900,3,2,1,99.0,0.003907268921817,-78.45511471690254,0.0,0.0,1.0
255000,3,4,2,310.0,-0.1804328,-78.43793000000001,0.0,0.0,1.0
920000,4,4,5,1475.0,-0.1563188,-78.3852993,0.0,0.0,1.0
138000,4,3,3,279.0,-0.118254884732577,-78.47554614813231,0.0,0.0,1.0
490000,5,5,10,992.0,-0.202980702348662,-78.43722988625382,0.0,0.0,1.0
112000,4,3,1,291.0,-0.2068152,-78.5216634,0.0,0.0,1.0
180000,3,2,5,250.0,-0.361861957989083,-78.4374905473968,0.0,0.0,1.0
69000,3,2,1,141.0,-0.3301626,-78.4510729,0.0,0.0,1.0
198900,3,3,2,300.0,-0.2198717,-78.389209,0.0,0.0,1.0
285000,4,4,5,1000.0,-0.308329801224999,-78.4711325372,0.0,0.0,1.0
530000,4,4,3,490.0,-0.204747753415306,-78.40433542272342,0.0,0.0,1.0
580000,4,4,6,980.0,-0.198558857382747,-78.40376883558196,0.0,0.0,1.0
500000,5,3,4,555.0,-0.2094539,-78.4816764,0.0,0.0,1.0
650000,5,4,6,2666.0,-0.2815367,-78.451551,0.0,0.0,1.0
135000,11,5,3,338.0,-0.299576131848797,-78.5319254642131,0.0,0.0,1.0
750000,4,5,4,1053.0,-0.1999237,-78.3756967,0.0,0.0,1.0
450000,3,4,2,657.0,-0.2124452,-78.4375362,0.0,0.0,1.0
185000,3,2,2,229.0,-0.2051898,-78.379773,0.0,0.0,1.0
203000,3,3,2,159.0,-0.170064412564999,-78.3629750708,0.0,0.0,1.0
580000,4,5,4,1000.0,-0.199303191054424,-78.43661386573613,0.0,0.0,1.0
155000,4,3,3,267.0,-0.085200046984957,-78.4658026539673,0.0,0.0,1.0
1100000,4,4,4,4198.0,-0.19622818534836,-78.43185200693907,0.0,0.0,1.0
191000,6,3,3,637.0,-0.308128531751055,-78.4890649219513,0.0,0.0,1.0
220000,8,5,4,543.0,-0.1119358,-78.49995299999999,0.0,0.0,1.0
639000,4,4,3,591.0,-0.2124452,-78.4375362,0.0,0.0,1.0
579000,3,4,2,1000.0,-0.1577503,-78.438969,0.0,0.0,1.0
54500,3,2,1,120.0,-0.3046521,-78.54683880000002,0.0,0.0,1.0
784990,6,8,6,1170.0,-0.249574099999999,-78.49948,0.0,0.0,1.0
93000,3,2,2,154.0,-0.0981188,-78.4487989,0.0,0.0,1.0
199800,6,5,4,590.0,-0.3049176,-78.4598649,0.0,0.0,1.0
115000,8,3,2,367.0,-0.3091615,-78.5483395,0.0,0.0,1.0
530000,3,5,4,2218.0,-0.227693979180244,-78.39214747605742,0.0,0.0,1.0
144900,4,3,3,252.0,-0.303377426293,-78.4606850712,0.0,0.0,1.0
265000,4,4,2,171.0,-0.204965139722367,-78.42289202645874,0.0,0.0,1.0
95900,3,3,1,115.0,-0.2545488,-78.4840268,0.0,0.0,1.0
1600000,4,5,9,853.0,-0.2034793,-78.4223019,0.0,0.0,1.0
145000,4,3,1,337.0,-0.318706197247999,-78.4717973712,0.0,0.0,1.0
148900,3,4,2,255.0,-0.281026857987608,-78.46610147356883,0.0,0.0,1.0
265000,3,3,4,951.0,-0.299894111,-78.4505769468,0.0,0.0,1.0
129000,4,3,2,229.0,-0.14000308372995,-78.48402728416139,0.0,0.0,1.0
120000,3,2,6,1000.0,-0.330739218115,-78.5483405203,0.0,0.0,1.0
49000,3,1,1,83.0,-0.081634251115299,-78.4363896616,0.0,0.0,1.0
369000,4,5,5,428.0,-0.1403883,-78.48828519999999,0.0,0.0,1.0
199000,3,3,2,180.0,-0.225632905401343,-78.44572207679899,0.0,0.0,1.0
101900,3,2,2,155.0,-0.3067162,-78.4418717,0.0,0.0,1.0
77500,3,2,1,95.0,-0.127196499999999,-78.5036225,0.0,0.0,1.0
215000,4,4,2,266.0,-0.198257387829654,-78.43528987314454,0.0,0.0,1.0
164900,3,3,4,209.0,-0.30645466899,-78.4383079712,0.0,0.0,1.0
69000,3,2,1,93.0,-0.285893564675515,-78.4855245528067,0.0,0.0,1.0
1100000,4,5,4,1120.0,-0.1562547,-78.3848319,0.0,0.0,1.0
799000,4,3,6,1500.0,-0.207905486839577,-78.44037058751915,0.0,0.0,1.0
375000,3,3,3,400.0,-0.155601999999999,-78.3728456,0.0,0.0,1.0
95000,4,2,2,210.0,-0.3058516,-78.456514,0.0,0.0,1.0
85000,4,3,1,130.0,-0.320122430730681,-78.44111764354568,0.0,0.0,1.0
225000,9,9,1,402.0,-0.254475828296,-78.5405818534,0.0,0.0,1.0
220000,3,2,2,224.0,-0.201202899999999,-78.4499087,0.0,0.0,1.0
429000,4,3,3,485.0,-0.166104453203999,-78.4376815397,0.0,0.0,1.0
79900,3,2,1,101.0,-0.314116999999999,-78.485737,0.0,0.0,1.0
265000,5,5,3,570.0,-0.070241421309804,-78.47968316508013,0.0,0.0,1.0
900000,5,5,4,1100.0,-0.206509344312295,-78.40060221876188,0.0,0.0,1.0
79900,3,2,1,98.0,-0.334335797714999,-78.4216298847,0.0,0.0,1.0
66700,3,2,1,113.0,-0.064286994130898,-78.41329096742139,0.0,0.0,1.0
210000,3,3,3,230.0,-0.270544032990466,-78.46856450478515,0.0,0.0,1.0
214218,3,3,2,241.0,-0.1812012,-78.356634,0.0,0.0,1.0
150000,3,2,2,322.0,-0.200986,-78.3916394,0.0,0.0,1.0
109000,3,2,1,142.0,-0.011803352370599,-78.4433440348,0.0,0.0,1.0
467000,5,5,5,2000.0,-0.278382599999999,-78.5409063,0.0,0.0,1.0
165000,3,3,2,250.0,-0.180089478945223,-78.43848789947509,0.0,0.0,1.0
227000,3,3,3,305.0,-0.1804328,-78.43793,0.0,0.0,1.0
234999,3,3,2,238.0,-0.2178331,-78.4527441,0.0,0.0,1.0
134500,3,2,3,200.0,-0.289425953537999,-78.4448151621,0.0,0.0,1.0
249090,3,2,4,239.0,-0.213687881414637,-78.41336937511596,0.0,0.0,1.0
149900,4,3,2,160.0,-0.210690999999999,-78.3955986,0.0,0.0,1.0
115000,4,3,2,239.0,-0.2399031,-78.4895464,0.0,0.0,1.0
375000,4,4,2,487.0,-0.234387,-78.44522,0.0,0.0,1.0
278000,3,2,2,339.0,-0.21498,-78.4192433,0.0,0.0,1.0
390000,4,3,10,1258.0,-0.2783826,-78.5409063,0.0,0.0,1.0
122900,3,2,1,145.0,-0.280122099999999,-78.4804805,0.0,0.0,1.0
410000,3,3,2,480.0,-0.155601999999999,-78.3728456,0.0,0.0,1.0
65000,4,2,2,177.0,-0.087629333774199,-78.4422243021,0.0,0.0,1.0
580000,3,4,4,1986.0,-0.1980156,-78.4220216,0.0,0.0,1.0
720000,4,4,4,1200.0,-0.194614011479094,-78.43378637626574,0.0,0.0,1.0
66900,3,2,1,127.0,-0.0355354,-78.4532846,0.0,0.0,1.0
180000,3,2,2,333.0,-0.286735009557297,-78.4537754682312,0.0,0.0,1.0
280000,4,4,3,758.0,-0.029890981262576,-78.44662589508084,0.0,0.0,1.0
214000,5,4,10,1823.0,-0.3069491,-78.5018999,0.0,0.0,1.0
110000,3,2,2,220.0,-0.088051858834364,-78.48108744603273,0.0,0.0,1.0
249900,3,4,3,390.0,-0.182219940084801,-78.41911276103681,0.0,0.0,1.0
762000,5,6,7,1070.0,-0.157791386939561,-78.4584904009442,0.0,0.0,1.0
62000,3,2,1,120.0,-0.068457736716615,-78.45089795541993,0.0,0.0,1.0
143500,3,2,2,191.0,-0.2038414,-78.4496168,0.0,0.0,1.0
119990,4,3,4,213.0,-0.1394176,-78.505144,0.0,0.0,1.0
215995,3,5,3,565.0,-0.1318744,-78.462434,0.0,0.0,1.0
115000,3,2,2,196.0,-0.097583594737204,-78.48506125819702,0.0,0.0,1.0
315000,3,3,2,257.0,-0.2045629,-78.4030686,0.0,0.0,1.0
142000,3,2,2,293.0,-0.305193659993999,-78.4758625709,0.0,0.0,1.0
338000,4,4,2,446.0,-0.2107252,-78.44108949999999,0.0,0.0,1.0
360000,3,3,2,450.0,-0.2299321,-78.4473502,0.0,0.0,1.0
390000,2,3,2,340.0,-0.2210501,-78.4513193,0.0,0.0,1.0
299000,4,4,2,838.0,-0.355111,-78.4247431,0.0,0.0,1.0
310000,3,3,2,390.0,-0.1556503,-78.3676192,0.0,0.0,1.0
675000,4,4,3,600.0,-0.0774259,-78.4283303,0.0,0.0,1.0
460000,3,5,5,2875.0,-0.282433656696,-78.4815873985,0.0,0.0,1.0
104000,3,2,1,153.0,-0.1291728,-78.4446537,0.0,0.0,1.0
156000,4,3,2,247.0,-0.1340071,-78.4717625,0.0,0.0,1.0
395000,3,2,4,550.0,-0.18601439482513,-78.44683254827237,0.0,0.0,1.0
85000,5,1,1,450.0,-0.225145808881211,-78.50557175289207,0.0,0.0,1.0
170000,3,2,2,249.0,-0.09508537202831,-78.48312025564087,0.0,0.0,1.0
391057,3,3,4,304.0,-0.230747399999999,-78.3912078,0.0,0.0,1.0
595000,4,4,4,976.0,-0.206853199999999,-78.480745,0.0,0.0,1.0
210000,3,3,2,222.0,-0.2045629,-78.4030686,0.0,0.0,1.0
300000,5,3,2,450.0,-0.207249,-78.4327867,0.0,0.0,1.0
265000,3,3,2,239.0,-0.220692218049999,-78.4150935302,0.0,0.0,1.0
550000,4,4,4,1600.0,-0.1545003,-78.4538802,0.0,0.0,1.0
137000,3,2,2,240.0,-0.3069491,-78.5018999,0.0,0.0,1.0
170880,3,3,2,208.0,-0.2238068,-78.34966539999999,0.0,0.0,1.0
98000,3,3,1,162.0,-0.040091799999999,-78.4549279,0.0,0.0,1.0
750000,4,4,4,720.0,-0.1565382,-78.3843737,0.0,0.0,1.0
380000,2,4,4,370.0,-0.146452599999999,-78.47527,0.0,0.0,1.0
514000,4,3,4,680.0,-0.2256893,-78.3922181,0.0,0.0,1.0
72400,3,2,1,149.0,-0.133349086814999,-78.4645330905,0.0,0.0,1.0
625000,3,4,4,2443.0,-0.1587763,-78.3665466,0.0,0.0,1.0
550000,4,5,4,460.0,-0.194451801979286,-78.42512588328808,0.0,0.0,1.0
420000,4,4,5,445.0,-0.0980734,-78.4840741,0.0,0.0,1.0
1600000,3,6,7,3000.0,-0.166807299999999,-78.3782921,0.0,0.0,1.0
155000,6,6,3,295.0,-0.282142835178283,-78.53783670065954,0.0,0.0,1.0
185000,3,2,3,262.0,-0.027625214034499,-78.4441863391,0.0,0.0,1.0
336000,3,2,2,270.0,-0.180744864507946,-78.4338749535188,0.0,0.0,1.0
440000,5,5,2,710.0,-0.0635883,-78.4523142,0.0,0.0,1.0
80000,3,2,1,128.0,-0.0216341,-78.4433185,0.0,0.0,1.0
650000,4,4,4,740.0,-0.195427359976905,-78.43594964773712,0.0,0.0,1.0
1200000,4,7,7,1250.0,-0.201648663474999,-78.4265841136,0.0,0.0,1.0
95000,3,2,1,132.0,-0.2649611,-78.4695178,0.0,0.0,1.0
378000,4,6,2,468.0,-0.201673723632104,-78.43286080040527,0.0,0.0,1.0
490000,2,3,2,993.0,-0.198573476002316,-78.4738119220881,0.0,0.0,1.0
157500,3,2,4,283.0,-0.296831699999999,-78.4524911,0.0,0.0,1.0
400000,2,2,3,212.0,-0.2457898,-78.44210869999999,0.0,0.0,1.0
90000,3,2,2,160.0,-0.3313649,-78.4549684,0.0,0.0,1.0
190275,3,2,2,186.0,-0.198814999999999,-78.3945616,0.0,0.0,1.0
250000,3,3,2,236.0,-0.1770622,-78.3719676,0.0,0.0,1.0
370000,3,3,2,297.0,-0.170084,-78.3765185,0.0,0.0,1.0
780000,4,4,2,900.0,-0.1597442,-78.4603307,0.0,0.0,1.0
325000,7,5,5,500.0,-0.113465899999999,-78.495983,0.0,0.0,1.0
385000,9,7,4,488.0,-0.1791766,-78.4730632,0.0,0.0,1.0
220000,3,2,2,276.0,-0.2140111,-78.4356426,0.0,0.0,1.0
199000,3,2,1,227.0,-0.194825521331418,-78.39001837525481,0.0,0.0,1.0
55000,3,2,2,151.0,-0.0844652,-78.4216408,0.0,0.0,1.0
398000,5,8,8,560.0,-0.1953033,-78.4360767,0.0,0.0,1.0
198000,3,3,2,197.0,-0.2049214,-78.4084138,0.0,0.0,1.0
152000,4,3,2,453.0,-0.10062,-78.4206213,0.0,0.0,1.0
205000,3,3,2,286.0,-0.210690999999999,-78.3955986,0.0,0.0,1.0
160000,12,10,6,1000.0,-0.147071,-78.5000555,0.0,0.0,1.0
720000,4,4,3,1325.0,-0.2034793,-78.4223019,0.0,0.0,1.0
339000,3,2,2,280.0,-0.2009974,-78.43303809999999,0.0,0.0,1.0
580000,4,3,4,692.0,-0.2051368,-78.4223985,0.0,0.0,1.0
569990,5,5,4,720.0,-0.221345571513119,-78.44296761700866,0.0,0.0,1.0
190000,3,3,2,249.0,-0.176635827566045,-78.3572436749775,0.0,0.0,1.0
215000,6,7,1,450.0,-0.146454599999999,-78.4922945,0.0,0.0,1.0
650000,8,4,10,741.0,-0.1611961,-78.4966549,0.0,0.0,1.0
268000,3,2,2,316.0,-0.2031233,-78.4454184,0.0,0.0,1.0
200000,3,2,2,293.0,-0.20122779287725,-78.42936291697325,0.0,0.0,1.0
210000,3,3,3,260.0,-0.188109609932999,-78.3844932969,0.0,0.0,1.0
85975,3,2,1,95.0,-0.32129735559,-78.4872192044,0.0,0.0,1.0
600000,4,4,3,700.0,-0.2009974,-78.43303809999999,0.0,0.0,1.0
270000,3,3,2,399.0,-0.184034,-78.4421555,0.0,0.0,1.0
130000,3,3,3,130.0,-0.300049456759582,-78.46690388392248,0.0,0.0,1.0
350000,3,3,2,450.0,-0.210690999999999,-78.3955986,0.0,0.0,1.0
377000,3,3,3,508.0,-0.2158424,-78.3883366,0.0,0.0,1.0
58000,3,2,1,70.0,-0.083330199999999,-78.4162787,0.0,0.0,1.0
280000,3,2,2,306.0,-0.2107252,-78.4410895,0.0,0.0,1.0
85900,4,3,2,189.0,0.0045685,-78.44677449999999,0.0,0.0,1.0
690000,4,5,8,5000.0,-0.222939183902132,-78.42729530007355,0.0,0.0,1.0
239000,10,7,2,700.0,-0.117839157677141,-78.50671897249146,0.0,0.0,1.0
455000,5,4,3,427.0,-0.1823385,-78.4234317,0.0,0.0,1.0
130000,5,2,3,308.0,-0.2432331,-78.50891,0.0,0.0,1.0
200000,3,2,2,969.0,-0.014570671409245,-78.44744597558078,0.0,0.0,1.0
175000,3,2,2,242.0,-0.233425512755163,-78.4500009608943,0.0,0.0,1.0
327000,6,10,4,5000.0,-0.107150406965809,-78.48157946344875,0.0,0.0,1.0
320000,8,2,4,407.0,-0.18200329973085,-78.48783247976226,0.0,0.0,1.0
205000,3,3,2,268.0,-0.1916571,-78.378548,0.0,0.0,1.0
375000,11,10,4,473.0,-0.221555499999999,-78.5090839,0.0,0.0,1.0
420000,4,4,2,660.0,-0.207568929504131,-78.41399855384218,0.0,0.0,1.0
380000,4,3,4,707.0,-0.150398653522348,-78.50129113599851,0.0,0.0,1.0
298000,4,4,5,650.0,-0.1180011,-78.50731159999998,0.0,0.0,1.0
97900,3,2,2,209.0,-0.0906406212652,-78.4791454127,0.0,0.0,1.0
380000,4,4,3,628.0,-0.201095999999999,-78.4199958,0.0,0.0,1.0
47000,3,2,1,92.0,-0.084805658877804,-78.44677640222594,0.0,0.0,1.0
129800,3,2,2,196.0,-0.2839754,-78.4690235,0.0,0.0,1.0
280000,3,1,2,258.0,-0.2096097,-78.4851396,0.0,0.0,1.0
499000,5,3,4,890.0,-0.2100278,-78.428425,0.0,0.0,1.0
167600,3,3,2,292.0,-0.215111249939277,-78.37703771361696,0.0,0.0,1.0
95000,3,2,2,150.0,-0.333916228018716,-78.42246710569613,0.0,0.0,1.0
950000,5,5,4,1467.0,-0.198746432544563,-78.4250179786604,0.0,0.0,1.0
550000,4,4,2,1000.0,-0.165679563079195,-78.41684343494146,0.0,0.0,1.0
210000,4,4,4,387.0,-0.32816466250011,-78.4631882192688,0.0,0.0,1.0
223126,3,4,2,155.0,-0.21498,-78.4192433,0.0,0.0,1.0
100000,3,2,2,130.0,-0.0932068,-78.4774623,0.0,0.0,1.0
370000,11,10,5,473.0,-0.2034568,-78.4883582,0.0,0.0,1.0
198000,3,3,2,273.0,-0.2045629,-78.4030686,0.0,0.0,1.0
380000,6,2,4,377.0,-0.179597223921391,-78.49104465331027,0.0,0.0,1.0
129000,4,5,2,434.0,-0.3335387,-78.4569444,0.0,0.0,1.0
120000,3,2,2,170.0,-0.14919740341285,-78.44568280369714,0.0,0.0,1.0
290000,8,7,4,359.0,-0.1045366,-78.50495149999999,0.0,0.0,1.0
191000,3,3,2,349.0,-0.155602,-78.37284559999999,0.0,0.0,1.0
285000,3,4,3,440.0,-0.234387,-78.44521999999999,0.0,0.0,1.0
155000,3,2,2,116.0,-0.17058896498562,-78.36174744829071,0.0,0.0,1.0
52000,3,2,1,55.0,-0.273659417117799,-78.49054965770263,0.0,0.0,1.0
59800,2,1,1,98.0,-0.1075886,-78.5011558,0.0,0.0,1.0
470000,3,3,10,500.0,-0.1822568,-78.4159741,0.0,0.0,1.0
630000,5,5,4,2670.0,-0.2273249,-78.3880405,0.0,0.0,1.0
195000,3,2,2,210.0,-0.2234572,-78.4275966,0.0,0.0,1.0
615000,5,5,4,615.0,-0.210691,-78.39559860000001,0.0,0.0,1.0
122000,3,3,2,162.0,-0.223728252170743,-78.35723945822826,0.0,0.0,1.0
336500,3,3,5,2549.0,-0.308768299999999,-78.5547121,0.0,0.0,1.0
175000,3,2,2,300.0,-0.2783826,-78.5409063,0.0,0.0,1.0
298970,3,4,2,301.0,-0.223618200795559,-78.41425537193604,0.0,0.0,1.0
1600000,4,6,7,1050.0,-0.180785053706211,-78.44747713737206,0.0,0.0,1.0
350000,3,2,2,425.0,-0.1804328,-78.43793000000001,0.0,0.0,1.0
80990,3,2,1,174.0,-0.035081069950155,-78.4439253546036,0.0,0.0,1.0
560000,4,3,3,600.0,-0.187153587834992,-78.44863676201491,0.0,0.0,1.0
129999,4,3,2,205.0,-0.0901561,-78.4783684,0.0,0.0,1.0
228000,4,3,2,265.0,-0.213018854587219,-78.41428037001582,0.0,0.0,1.0
649000,4,4,4,1155.0,-0.2261902,-78.4052617,0.0,0.0,1.0
98500,3,2,2,149.0,-0.293235499999999,-78.4830981,0.0,0.0,1.0
235000,4,4,4,236.0,-0.1897097,-78.494074,0.0,0.0,1.0
185000,4,4,2,240.0,-0.2155994,-78.4123424,0.0,0.0,1.0
650000,4,5,3,690.0,-0.210045309193819,-78.43010730950925,0.0,0.0,1.0
585000,12,9,5,559.0,-0.1889484,-78.4965043,0.0,0.0,1.0
240000,4,3,1,306.0,-0.161062049470008,-78.49969450419923,0.0,0.0,1.0
225000,4,4,4,390.0,-0.1728797,-78.4965043,0.0,0.0,1.0
130000,5,4,2,260.0,-0.3006359,-78.57149179999999,0.0,0.0,1.0
245000,3,4,2,275.0,-0.222417099167699,-78.44686701300444,0.0,0.0,1.0
1190000,2,3,3,5000.0,-0.177205714545418,-78.32716747412907,0.0,0.0,1.0
398000,3,3,2,295.0,-0.1804328,-78.43793,0.0,0.0,1.0
54999,4,2,1,151.0,0.002699838965478,-78.43953479470555,0.0,0.0,1.0
198000,3,4,3,303.0,-0.315985855523999,-78.4659585181,0.0,0.0,1.0
85000,3,2,1,128.0,-0.1186047,-78.4319833,0.0,0.0,1.0
285000,4,3,2,265.0,-0.1889232,-78.4766052,0.0,0.0,1.0
156119,3,3,2,133.0,-0.210690999999999,-78.3955986,0.0,0.0,1.0
128000,4,3,1,250.0,-0.094745766577305,-78.4644439259127,0.0,0.0,1.0
580000,5,6,2,400.0,-0.188637852330647,-78.41630111574706,0.0,0.0,1.0
89900,4,3,1,162.0,-0.3464259,-78.44156819999999,0.0,0.0,1.0
400000,10,7,3,500.0,-0.145539007654753,-78.47502962908327,0.0,0.0,1.0
229900,3,3,4,979.0,-0.278382599999999,-78.5409063,0.0,0.0,1.0
175000,3,3,2,276.0,-0.1405982,-78.4634143,0.0,0.0,1.0
375000,3,3,2,380.0,-0.206948099999999,-78.4190546,0.0,0.0,1.0
177000,3,2,2,230.0,-0.1989922,-78.4513859,0.0,0.0,1.0
575000,4,5,2,919.0,-0.2124452,-78.4375362,0.0,0.0,1.0
299000,3,2,3,496.0,-0.2043925,-78.4398189,0.0,0.0,1.0
139000,4,3,2,208.0,-0.1415102,-78.46738959999999,0.0,0.0,1.0
135000,3,2,2,160.0,-0.311512799999999,-78.4958804,0.0,0.0,1.0
168000,3,2,2,207.0,-0.158858628707999,-78.4649276765,0.0,0.0,1.0
88700,4,2,1,178.0,-0.323025799999999,-78.4562787,0.0,0.0,1.0
165000,2,2,2,182.0,-0.1968371,-78.38021049999999,0.0,0.0,1.0
115000,4,2,2,198.0,-0.1535708,-78.4976695,0.0,0.0,1.0
205000,3,2,1,262.0,-0.124122249084472,-78.50043140685423,0.0,0.0,1.0
240000,4,2,2,448.0,-0.2172546,-78.4341177,0.0,0.0,1.0
275000,3,4,2,250.0,-0.164874184833483,-78.49182881691894,0.0,0.0,1.0
136330,3,2,2,116.0,-0.210690999999999,-78.3955986,0.0,0.0,1.0
134550,3,3,2,150.0,-0.201618,-78.39969529999999,0.0,0.0,1.0
188000,3,2,2,223.0,-0.2256893,-78.3922181,0.0,0.0,1.0
475000,4,4,6,2169.0,-0.285061313083416,-78.45074066137694,0.0,0.0,1.0
550000,4,5,3,613.0,-0.173832937113999,-78.4792678086,0.0,0.0,1.0
155000,3,3,2,220.0,-0.3483263,-78.4550365,0.0,0.0,1.0
700000,4,4,4,1200.0,-0.210691,-78.39559860000001,0.0,0.0,1.0
520000,3,3,3,400.0,-0.188964,-78.4476142,0.0,0.0,1.0
220000,3,2,2,197.0,-0.215635556737068,-78.39160606085207,0.0,0.0,1.0
329000,3,5,3,599.0,-0.221389799999999,-78.3966673,0.0,0.0,1.0
298000,4,3,3,598.0,-0.288639241692711,-78.4546893734253,0.0,0.0,1.0
287000,6,4,2,590.0,-0.109454,-78.4991554,0.0,0.0,1.0
670000,4,3,7,1145.0,-0.160584960703446,-78.46363180317992,0.0,0.0,1.0
349000,4,3,3,536.0,-0.2090364,-78.4822159,0.0,0.0,1.0
320000,3,2,4,336.0,-0.126556,-78.4940133,0.0,0.0,1.0
288000,3,4,4,311.0,-0.1893802,-78.4092632,0.0,0.0,1.0
599000,4,5,6,860.0,-0.1782426,-78.4439809,0.0,0.0,1.0
364900,3,4,4,327.0,-0.196462007522781,-78.43182808092043,0.0,0.0,1.0
135000,3,2,2,5000.0,-0.2649611,-78.4695178,0.0,0.0,1.0
550000,3,2,8,400.0,-0.2102498,-78.4060015,0.0,0.0,1.0
350000,3,3,4,512.0,-0.160498,-78.3752875,0.0,0.0,1.0
270000,3,4,4,450.0,-0.315985855523999,-78.4659585181,0.0,0.0,1.0
380000,4,3,4,3500.0,-0.2722662,-78.4823375,0.0,0.0,1.0
710000,4,3,3,1100.0,-0.293854353014349,-78.47411444474639,0.0,0.0,1.0
575000,4,4,2,459.0,-0.166297678695997,-78.43344328307305,0.0,0.0,1.0
370000,4,5,4,500.0,-0.1840699,-78.3874328,0.0,0.0,1.0
83000,3,2,1,130.0,-0.1231232,-78.4854888,0.0,0.0,1.0
48000,3,1,1,78.0,-0.091097466139569,-78.4143652857361,0.0,0.0,1.0
1150000,3,3,3,500.0,-0.1983771,-78.4250691,0.0,0.0,1.0
189500,3,2,3,351.0,-0.282747598696588,-78.46887676508179,0.0,0.0,1.0
268000,3,3,4,385.0,-0.201400480423512,-78.42844358941039,0.0,0.0,1.0
275000,4,3,4,424.0,-0.1059179,-78.5039191,0.0,0.0,1.0
450000,6,4,2,385.0,-0.200410599999999,-78.4319824,0.0,0.0,1.0
290000,4,4,3,405.0,-0.1045366,-78.50495149999999,0.0,0.0,1.0
150000,3,2,2,159.0,-0.2262941,-78.4461122,0.0,0.0,1.0
630000,3,3,5,1393.0,-0.1577503,-78.438969,0.0,0.0,1.0
93000,3,2,2,138.0,-0.1020325,-78.4915518,0.0,0.0,1.0
1100000,4,5,4,1200.0,-0.1511718,-78.386681,0.0,0.0,1.0
425000,4,5,3,400.0,-0.184054578547618,-78.44556464603271,0.0,0.0,1.0
195000,3,3,3,325.0,-0.199861253960101,-78.41968501097267,0.0,0.0,1.0
520000,3,3,3,717.0,-0.195638144205794,-78.43376373493453,0.0,0.0,1.0
325000,3,3,4,389.0,-0.195354296880481,-78.43544934585498,0.0,0.0,1.0
149000,4,3,2,277.0,-0.292613599999999,-78.4522615,0.0,0.0,1.0
375000,4,4,4,1550.0,-0.309711499999999,-78.4682091,0.0,0.0,1.0
280000,4,3,2,400.0,-0.2081178,-78.3819293,0.0,0.0,1.0
285000,3,3,2,300.0,-0.219381209824303,-78.3821342539673,0.0,0.0,1.0
1250000,3,5,2,1295.0,-0.181875758652732,-78.40195066418602,0.0,0.0,1.0
255000,4,3,2,213.0,-0.1950961,-78.424241,0.0,0.0,1.0
139000,2,3,2,115.0,-0.210690999999999,-78.3955986,0.0,0.0,1.0
95000,3,2,1,189.0,-0.0987454,-78.4799984,0.0,0.0,1.0
1050000,4,4,4,1030.0,-0.194686570893796,-78.41738202849731,0.0,0.0,1.0
199000,4,3,2,274.0,-0.2089493,-78.4162081,0.0,0.0,1.0
299000,4,3,3,600.0,-0.2053491,-78.4377669,0.0,0.0,1.0
1200000,4,4,7,1250.0,-0.2051368,-78.4223985,0.0,0.0,1.0
189900,3,2,2,229.0,-0.210690999999999,-78.3955986,0.0,0.0,1.0
325000,4,4,2,300.0,-0.21498,-78.4192433,0.0,0.0,1.0
115000,3,2,2,183.0,-0.215239995063999,-78.4006626106,0.0,0.0,1.0
77500,4,2,2,203.0,-0.1038246,-78.4400098,0.0,0.0,1.0
500000,3,2,2,1000.0,-0.204959499999999,-78.4083949,0.0,0.0,1.0
360000,5,4,6,900.0,-0.1592482,-78.47345440000001,0.0,0.0,1.0
280000,3,2,4,400.0,-0.2043925,-78.4398189,0.0,0.0,1.0
155000,12,4,3,350.0,-0.3391381,-78.56253629999999,0.0,0.0,1.0
185000,4,3,2,234.0,-0.234387,-78.44521999999999,0.0,0.0,1.0
148999,3,3,3,277.0,-0.2982691,-78.4685845,0.0,0.0,1.0
125000,8,4,3,245.0,-0.0743121,-78.46240639999999,0.0,0.0,1.0
398000,4,4,4,760.0,-0.181051023968225,-78.44503393861432,0.0,0.0,1.0
390000,5,5,4,554.0,-0.104999095196943,-78.50554191578368,0.0,0.0,1.0
220000,3,2,2,280.0,-0.198315207270163,-78.433939322229,0.0,0.0,1.0
430000,4,4,3,5000.0,-0.179938009825088,-78.44059515127333,0.0,0.0,1.0
465000,3,3,3,510.0,-0.191053599999999,-78.4273216,0.0,0.0,1.0
239000,3,4,2,300.0,-0.203155446669194,-78.44156737857361,0.0,0.0,1.0
189000,3,3,2,330.0,-0.026004953980608,-78.44744350041657,0.0,0.0,1.0
230000,4,4,8,500.0,-0.296712,-78.456528,0.0,0.0,1.0
230000,4,3,3,350.0,-0.169021838131906,-78.49613428115845,0.0,0.0,1.0
360000,5,3,8,2090.0,-0.2507031,-78.4903588,0.0,0.0,1.0
298000,4,4,1,436.0,-0.2147088,-78.5114471,0.0,0.0,1.0
190000,4,3,2,283.0,-0.2197186,-78.4379523,0.0,0.0,1.0
1600000,5,10,6,2000.0,-0.196584683436246,-78.41673504214475,0.0,0.0,1.0
278000,3,3,2,374.0,-0.186914392407,-78.4486407931,0.0,0.0,1.0
298000,3,4,2,340.0,-0.228895957722143,-78.38553929226816,0.0,0.0,1.0
74900,3,3,1,173.0,-0.0943866625896,-78.4281117741,0.0,0.0,1.0
590000,3,3,4,800.0,-0.221355099999999,-78.4508376,0.0,0.0,1.0
1250000,4,5,4,980.0,-0.181705937848111,-78.4460748752075,0.0,0.0,1.0
670000,5,5,3,698.0,-0.2063869,-78.4289048,0.0,0.0,1.0
215000,4,4,2,265.0,-0.198659499999999,-78.436155,0.0,0.0,1.0
510000,4,4,10,735.0,-0.1910536,-78.4273216,0.0,0.0,1.0
114900,4,2,2,200.0,-0.295047915749173,-78.44421123068847,0.0,0.0,1.0
890000,4,4,9,1000.0,-0.190003699999999,-78.4131977,0.0,0.0,1.0
110000,2,1,5,450.0,-0.1051956,-78.5267631,0.0,0.0,1.0
349000,4,3,2,505.0,-0.1577503,-78.438969,0.0,0.0,1.0
229500,4,5,2,396.0,-0.1804328,-78.43793000000001,0.0,0.0,1.0
99000,2,1,4,250.0,-0.113807,-78.4542683,0.0,0.0,1.0
185000,4,3,2,400.0,-0.094180399999999,-78.481219,0.0,0.0,1.0
69000,3,1,2,133.0,-0.1393771,-78.5057834,0.0,0.0,1.0
94000,3,3,2,180.0,-0.116893,-78.5077392,0.0,0.0,1.0
155000,4,3,2,230.0,-0.3213531,-78.4740651,0.0,0.0,1.0
125000,4,2,2,160.0,-0.125723499999999,-78.4734507,0.0,0.0,1.0
1600000,6,5,6,1111.0,-0.207099299999999,-78.4290197,0.0,0.0,1.0
310000,3,2,2,210.0,-0.234387,-78.44522,0.0,0.0,1.0
178950,3,3,2,233.0,-0.2238068,-78.34966539999999,0.0,0.0,1.0
212000,3,2,2,170.0,-0.1839841,-78.493617,0.0,0.0,1.0
234900,3,2,2,264.0,-0.1669918,-78.4349629,0.0,0.0,1.0
295000,3,3,10,802.0,-0.353054160023457,-78.43018471186524,0.0,0.0,1.0
320000,6,4,7,1120.0,-0.283273109369707,-78.45568890317992,0.0,0.0,1.0
480000,3,3,2,500.0,-0.183840507201205,-78.44295254441876,0.0,0.0,1.0
235000,5,4,4,379.0,-0.1035293,-78.5027312,0.0,0.0,1.0
524000,4,4,2,600.0,-0.199897299999999,-78.4205518,0.0,0.0,1.0
125000,3,2,2,236.0,-0.1055674,-78.4997757,0.0,0.0,1.0
799000,3,4,8,1450.0,-0.2256893,-78.3922181,0.0,0.0,1.0
49300,3,1,1,73.0,-0.110986747259184,-78.4236458963983,0.0,0.0,1.0
295000,3,3,3,274.0,-0.1868275,-78.4758026,0.0,0.0,1.0
365000,3,4,2,315.0,-0.18897687334978,-78.42420272618102,0.0,0.0,1.0
317000,3,6,2,340.0,-0.186491228942999,-78.5013140813,0.0,0.0,1.0
150000,4,3,2,206.0,-0.2107252,-78.44108949999999,0.0,0.0,1.0
70000,3,3,1,108.0,-0.095334970350999,-78.4565446308,0.0,0.0,1.0
279000,3,3,5,900.0,-0.2783826,-78.5409063,0.0,0.0,1.0
185000,3,3,4,557.0,-0.28502589361805,-78.5640270088495,0.0,0.0,1.0
530000,5,5,4,1500.0,-0.222417099167699,-78.44686701300444,0.0,0.0,1.0
160000,6,6,8,700.0,-0.3323013,-78.4458149,0.0,0.0,1.0
669000,6,10,5,810.0,-0.1883464,-78.44879829999999,0.0,0.0,1.0
115000,3,3,2,137.0,-0.3316513,-78.4532576,0.0,0.0,1.0
194500,3,2,2,151.0,-0.0524219,-78.4522211,0.0,0.0,1.0
1500000,4,4,6,1049.0,-0.1842024,-78.4426302,0.0,0.0,1.0
330000,3,3,2,382.0,-0.1804328,-78.43793000000001,0.0,0.0,1.0
141630,2,2,2,106.0,-0.218147,-78.38493369999999,0.0,0.0,1.0
700000,3,2,6,2108.0,-0.204959499999999,-78.4083949,0.0,0.0,1.0
195000,3,3,6,557.0,-0.223302599999999,-78.5141047,0.0,0.0,1.0
158895,3,2,2,216.0,-0.184034,-78.4421555,0.0,0.0,1.0
395000,3,2,2,493.0,-0.188080346139821,-78.44601758471157,0.0,0.0,1.0
220000,3,4,3,1336.0,-0.2979679,-78.4871425,0.0,0.0,1.0
175700,3,2,2,300.0,-0.177482799999999,-78.3718304,0.0,0.0,1.0
83000,3,2,1,179.0,-0.106262175902787,-78.46128123616012,0.0,0.0,1.0
229000,3,3,2,341.0,-0.1879279,-78.3859157,0.0,0.0,1.0
87000,3,2,1,160.0,-0.0766041,-78.4737736,0.0,0.0,1.0
1340000,6,5,6,5000.0,-0.330162599999999,-78.4510729,0.0,0.0,1.0
174900,3,2,2,202.0,-0.2026282,-78.4433614,0.0,0.0,1.0
248900,3,3,2,321.0,-0.191623927536644,-78.42322674896042,0.0,0.0,1.0
950000,3,4,2,1779.0,-0.1951638,-78.4363858,0.0,0.0,1.0
85000,2,2,2,80.0,-0.303905046199684,-78.46640249730606,0.0,0.0,1.0
129000,3,2,2,185.0,-0.2894137,-78.45130870000003,0.0,0.0,1.0
89000,3,2,1,120.0,-0.2783826,-78.5409063,0.0,0.0,1.0
143976,3,2,2,128.0,-0.218147,-78.38493369999999,0.0,0.0,1.0
129500,3,2,1,366.0,-0.285975961524,-78.4549382826,0.0,0.0,1.0
389000,3,3,2,366.0,-0.2210501,-78.4513193,0.0,0.0,1.0
998000,5,5,4,2232.0,-0.21986880259964,-78.43891789524537,0.0,0.0,1.0
229900,3,4,2,308.0,-0.1980059,-78.4483359,0.0,0.0,1.0
185000,8,2,3,403.0,-0.309740836065217,-78.54833912696202,0.0,0.0,1.0
148800,3,2,2,214.0,-0.2705185,-78.46951109999999,0.0,0.0,1.0
235000,3,3,2,285.0,-0.198260997195076,-78.39335986931152,0.0,0.0,1.0
370000,3,4,2,4464.0,-0.204431499999999,-78.4369215,0.0,0.0,1.0
95000,4,1,1,120.0,-0.1564228,-78.46983809999999,0.0,0.0,1.0
148000,3,2,2,5000.0,-0.2705185,-78.46951109999999,0.0,0.0,1.0
200000,4,3,2,266.0,-0.1986595,-78.436155,0.0,0.0,1.0
165000,4,3,3,311.0,-0.067981192130084,-78.4559549634318,0.0,0.0,1.0
1100000,4,2,4,620.0,-0.199577599999999,-78.4829793,0.0,0.0,1.0
735000,4,5,4,1476.0,-0.1577503,-78.438969,0.0,0.0,1.0
69500,3,3,1,182.0,-0.2539829,-78.483485,0.0,0.0,1.0
239000,3,3,3,283.0,-0.195870899999999,-78.3914312,0.0,0.0,1.0
415000,3,4,10,1151.0,-0.0957143,-78.4221944,0.0,0.0,1.0
620000,3,4,2,1008.0,-0.1984505,-78.4427888,0.0,0.0,1.0
93000,3,2,1,97.0,-0.3069491,-78.5018999,0.0,0.0,1.0
475000,3,3,5,530.0,-0.182256799999999,-78.4159741,0.0,0.0,1.0
195000,3,2,2,228.0,-0.198071799999999,-78.4265446,0.0,0.0,1.0
360000,3,3,3,393.0,-0.2049595,-78.40839489999999,0.0,0.0,1.0
169000,4,3,2,450.0,-0.3220502,-78.4333695,0.0,0.0,1.0
158000,3,3,2,236.0,-0.202077208237168,-78.45341205564183,0.0,0.0,1.0
229000,3,2,3,408.0,-0.034061901341348,-78.44362925934142,0.0,0.0,1.0
900000,4,3,8,2026.0,-0.19622818534836,-78.43185200693907,0.0,0.0,1.0
298000,4,3,3,639.0,-0.092401013595393,-78.48278813956453,0.0,0.0,1.0
80000,3,2,2,137.0,-0.2232523,-78.5141064,0.0,0.0,1.0
119000,3,2,2,223.0,0.0045685,-78.44677449999999,0.0,0.0,1.0
310000,2,2,2,145.0,-0.119626314671309,-78.33397379490356,0.0,0.0,1.0
199000,4,4,4,210.0,-0.22043704563476,-78.38093263796897,0.0,0.0,1.0
149500,3,3,2,286.0,-0.103852313754999,-78.4811957307,0.0,0.0,1.0
135000,8,4,7,373.0,-0.232795541501999,-78.5273616671,0.0,0.0,1.0
235000,3,3,3,471.0,-0.2090116,-78.4531696,0.0,0.0,1.0
78000,3,2,1,78.0,-0.2705185,-78.46951109999999,0.0,0.0,1.0
249999,4,3,1,1053.0,-0.260745716685344,-78.46563023768961,0.0,0.0,1.0
113000,3,2,2,183.0,-0.2988958741358,-78.48028837626343,0.0,0.0,1.0
160000,3,2,2,138.0,-0.234387,-78.44521999999999,0.0,0.0,1.0
295000,3,2,2,153.0,-0.2016879,-78.4521114,0.0,0.0,1.0
178500,3,3,2,231.0,-0.2082592,-78.391163,0.0,0.0,1.0
190000,3,3,4,2355.0,-0.327764285358036,-78.44433923914796,0.0,0.0,1.0
119000,3,2,2,184.0,-0.3301626,-78.4510729,0.0,0.0,1.0
790000,4,4,4,2596.0,-0.2192714,-78.4346606,0.0,0.0,1.0
530000,4,4,6,800.0,-0.2210501,-78.4513193,0.0,0.0,1.0
420900,6,5,10,758.0,-0.0973798,-78.4830935,0.0,0.0,1.0
289000,4,4,2,385.0,-0.179021,-78.4379041,0.0,0.0,1.0
215000,4,4,3,293.0,-0.163407637206766,-78.47088218048707,0.0,0.0,1.0
230000,3,3,2,237.0,-0.2234572,-78.4275966,0.0,0.0,1.0
332000,3,3,2,359.0,-0.207124402720767,-78.45444477622681,0.0,0.0,1.0
197000,3,2,2,232.0,-0.216257824808775,-78.39036151586916,0.0,0.0,1.0
139000,3,2,1,172.0,-0.128848825841917,-78.4967295803273,0.0,0.0,1.0
139800,4,3,2,215.0,-0.2232523,-78.5141064,0.0,0.0,1.0
270000,4,4,4,507.0,-0.2640854,-78.4705373,0.0,0.0,1.0
205000,4,3,5,5000.0,-0.1236262,-78.4977351,0.0,0.0,1.0
250000,3,3,3,450.0,-0.105142,-78.4834498,0.0,0.0,1.0
98000,4,3,1,181.0,-0.103140651232227,-78.48190345112242,0.0,0.0,1.0
214000,3,2,2,283.0,-0.2695714,-78.4910352,0.0,0.0,1.0
112000,4,2,1,139.0,-0.1531462,-78.5035342,0.0,0.0,1.0
485000,3,3,2,980.0,-0.234387,-78.44521999999999,0.0,0.0,1.0
890000,3,5,3,5000.0,-0.210691,-78.39559860000001,0.0,0.0,1.0
142900,3,2,1,186.0,-0.2320259,-78.3369554,0.0,0.0,1.0
160000,3,2,2,153.0,-0.1229862,-78.4759048,0.0,0.0,1.0
135000,7,4,3,410.0,-0.145184577904095,-78.49859586721192,0.0,0.0,1.0
572000,5,5,5,616.0,-0.2034793,-78.42230189999998,0.0,0.0,1.0
120000,10,5,3,359.0,-0.058588728668699,-78.424909807,0.0,0.0,1.0
1100000,3,5,3,939.0,-0.2049595,-78.40839489999996,0.0,0.0,1.0
425000,3,4,2,220.0,-0.199265,-78.42805249999999,0.0,0.0,1.0
370000,4,3,2,829.0,-0.120436340016281,-78.33293175670127,0.0,0.0,1.0
108000,3,2,2,150.0,-0.1659101,-78.4730161,0.0,0.0,1.0
109500,3,3,1,104.0,-0.2854781,-78.46704240000001,0.0,0.0,1.0
69999,3,2,1,187.0,-0.0914801,-78.4446502,0.0,0.0,1.0
260000,3,4,2,240.0,-0.218557408154999,-78.3879125698,0.0,0.0,1.0
321000,3,3,2,210.0,-0.2213898,-78.3966673,0.0,0.0,1.0
360000,3,4,4,380.0,-0.220099289173305,-78.4448689239152,0.0,0.0,1.0
1600000,5,6,6,2500.0,-0.1545003,-78.4538802,0.0,0.0,1.0
299000,3,2,3,349.0,-0.2210501,-78.4513193,0.0,0.0,1.0
800000,7,10,2,490.0,-0.189710143201395,-78.48866152084047,0.0,0.0,1.0
214900,3,3,2,330.0,-0.177525372836,-78.4403054136,0.0,0.0,1.0
69000,3,2,2,100.0,-0.1670362,-78.3187871,0.0,0.0,1.0
89500,3,3,1,120.0,-0.310049692078326,-78.49335946931151,0.0,0.0,1.0
377000,3,3,3,508.0,-0.215842399999999,-78.3883366,0.0,0.0,1.0
215000,3,3,2,196.0,-0.2058235,-78.400392,0.0,0.0,1.0
45900,3,2,1,115.0,-0.2503189,-78.5485169,0.0,0.0,1.0
720000,4,3,6,887.0,-0.2125671,-78.43090640000003,0.0,0.0,1.0
600000,5,5,3,757.0,-0.1931597,-78.4280211,0.0,0.0,1.0
285000,3,3,2,405.0,-0.2086983,-78.4541624,0.0,0.0,1.0
580000,5,5,7,720.0,-0.1574533,-78.4604351,0.0,0.0,1.0
800000,3,3,6,1100.0,-0.1940618,-78.417627,0.0,0.0,1.0
600000,4,4,2,400.0,-0.15652386858897,-78.38298738165854,0.0,0.0,1.0
190274,3,2,2,154.0,-0.198337197756473,-78.3948935349182,0.0,0.0,1.0
298000,3,4,2,340.0,-0.228895957722143,-78.38553929226816,0.0,0.0,1.0
279000,3,3,5,900.0,-0.2783826,-78.5409063,0.0,0.0,1.0
900000,4,3,8,2026.0,-0.19622818534836,-78.43185200693907,0.0,0.0,1.0
610000,4,3,4,1007.0,-0.2107252,-78.4410895,0.0,0.0,1.0
285000,3,4,3,440.0,-0.234387,-78.44521999999999,0.0,0.0,1.0
187000,3,1,1,185.0,-0.121671408723117,-78.47833218966639,0.0,0.0,1.0
177000,3,2,2,230.0,-0.1989922,-78.4513859,0.0,0.0,1.0
514000,4,3,4,680.0,-0.2256893,-78.3922181,0.0,0.0,1.0
398000,3,3,2,295.0,-0.1804328,-78.43793,0.0,0.0,1.0
370000,5,5,6,1340.0,-0.1659101,-78.4730161,0.0,0.0,1.0
142000,3,2,2,293.0,-0.305193659993999,-78.4758625709,0.0,0.0,1.0
135000,8,4,7,373.0,-0.232795541501999,-78.5273616671,0.0,0.0,1.0
200000,3,2,2,969.0,-0.014570671409245,-78.44744597558078,0.0,0.0,1.0
199000,4,4,4,210.0,-0.22043704563476,-78.38093263796897,0.0,0.0,1.0
510000,4,4,10,735.0,-0.1910536,-78.4273216,0.0,0.0,1.0
310000,2,2,2,145.0,-0.119626314671309,-78.33397379490356,0.0,0.0,1.0
1200000,4,7,7,1250.0,-0.201648663474999,-78.4265841136,0.0,0.0,1.0
239000,3,3,3,283.0,-0.195870899999999,-78.3914312,0.0,0.0,1.0
129995,4,3,2,119.0,-0.2628634,-78.4621189,0.0,0.0,1.0
299000,3,2,3,496.0,-0.2043925,-78.4398189,0.0,0.0,1.0
320000,3,3,4,5000.0,-0.097992817605147,-78.49852208794402,0.0,0.0,1.0
174900,3,2,2,202.0,-0.2026282,-78.4433614,0.0,0.0,1.0
148000,3,2,2,5000.0,-0.2705185,-78.46951109999999,0.0,0.0,1.0
235000,3,3,3,471.0,-0.2090116,-78.4531696,0.0,0.0,1.0
185000,4,3,2,234.0,-0.234387,-78.44521999999999,0.0,0.0,1.0
229000,3,2,3,408.0,-0.034061901341348,-78.44362925934142,0.0,0.0,1.0
550000,4,4,2,1000.0,-0.165679563079195,-78.41684343494146,0.0,0.0,1.0
321000,3,3,2,210.0,-0.2213898,-78.3966673,0.0,0.0,1.0
580000,4,5,4,750.0,-0.216423985745384,-78.44748748888549,0.0,0.0,1.0
113000,3,2,2,183.0,-0.2988958741358,-78.48028837626343,0.0,0.0,1.0
122000,3,3,2,162.0,-0.223728252170743,-78.35723945822826,0.0,0.0,1.0
55000,3,2,2,151.0,-0.0844652,-78.4216408,0.0,0.0,1.0
440000,5,5,2,710.0,-0.0635883,-78.4523142,0.0,0.0,1.0
85000,2,2,2,80.0,-0.303905046199684,-78.46640249730606,0.0,0.0,1.0
83000,3,2,1,212.0,-0.2899177,-78.5323736,0.0,0.0,1.0
100000,3,2,2,130.0,-0.0932068,-78.4774623,0.0,0.0,1.0
390000,2,3,2,340.0,-0.2210501,-78.4513193,0.0,0.0,1.0
650000,4,5,3,690.0,-0.210045309193819,-78.43010730950925,0.0,0.0,1.0
188000,3,2,2,223.0,-0.2256893,-78.3922181,0.0,0.0,1.0
239000,3,4,2,300.0,-0.203155446669194,-78.44156737857361,0.0,0.0,1.0
172000,5,4,4,320.0,-0.3314841,-78.4254543,0.0,0.0,1.0
150000,3,2,2,159.0,-0.2262941,-78.4461122,0.0,0.0,1.0
417000,4,3,3,406.0,-0.1368403,-78.4641126,0.0,0.0,1.0
890000,4,4,9,1000.0,-0.190003699999999,-78.4131977,0.0,0.0,1.0
145000,12,10,1,685.0,-0.2419646,-78.5230553,0.0,0.0,1.0
285000,3,3,2,405.0,-0.2086983,-78.4541624,0.0,0.0,1.0
325000,3,3,4,389.0,-0.195354296880481,-78.43544934585498,0.0,0.0,1.0
425000,4,5,3,400.0,-0.184054578547618,-78.44556464603271,0.0,0.0,1.0
270000,3,4,4,450.0,-0.315985855523999,-78.4659585181,0.0,0.0,1.0
215995,3,5,3,565.0,-0.1318744,-78.462434,0.0,0.0,1.0
125000,8,4,3,245.0,-0.0743121,-78.46240639999999,0.0,0.0,1.0
670000,4,3,7,1145.0,-0.160584960703446,-78.46363180317992,0.0,0.0,1.0
134550,3,3,2,150.0,-0.201618,-78.39969529999999,0.0,0.0,1.0
299000,4,3,3,600.0,-0.2053491,-78.4377669,0.0,0.0,1.0
205000,3,3,2,268.0,-0.1916571,-78.378548,0.0,0.0,1.0
1600000,4,5,6,5000.0,-0.151844399999999,-78.3739539,0.0,0.0,1.0
260000,3,4,2,240.0,-0.218557408154999,-78.3879125698,0.0,0.0,1.0
84900,3,2,2,159.0,-0.135233797512999,-78.4531575327,0.0,0.0,1.0
143976,3,2,2,128.0,-0.218147,-78.38493369999999,0.0,0.0,1.0
375000,11,10,4,473.0,-0.221555499999999,-78.5090839,0.0,0.0,1.0
320000,8,2,4,407.0,-0.18200329973085,-78.48783247976226,0.0,0.0,1.0
77500,4,2,2,203.0,-0.1038246,-78.4400098,0.0,0.0,1.0
560000,4,3,3,600.0,-0.187153587834992,-78.44863676201491,0.0,0.0,1.0
595000,4,4,4,740.0,-0.1884821,-78.448454,0.0,0.0,1.0
68000,3,2,1,119.0,-0.1181102,-78.44049609999999,0.0,0.0,1.0
121000,3,2,2,182.0,-0.042841299999999,-78.45536410000001,0.0,0.0,1.0
110000,4,2,2,210.0,-0.033730068286549,-78.43047044912107,0.0,0.0,1.0
710000,4,4,4,1058.0,-0.2124452,-78.4375362,0.0,0.0,1.0
205000,3,2,2,160.0,-0.1804328,-78.43793,0.0,0.0,1.0
320000,3,3,2,247.0,-0.220264448381,-78.4219638856,0.0,0.0,1.0
63000,3,2,1,125.0,-0.3069491,-78.5018999,0.0,0.0,1.0
165000,3,3,2,200.0,-0.213438971238534,-78.42967095363028,0.0,0.0,1.0
345000,3,2,2,576.0,-0.201491948118852,-78.4836274860586,0.0,0.0,1.0
169000,4,3,2,450.0,-0.3210336,-78.4323768,0.0,0.0,1.0
245000,3,3,2,300.0,-0.207962980085375,-78.39615956952355,0.0,0.0,1.0
287000,3,3,2,414.0,-0.208262408122,-78.4553223313,0.0,0.0,1.0
310000,4,3,5,430.0,-0.1590077,-78.46139079999999,0.0,0.0,1.0
126000,4,3,2,152.0,-0.0678534,-78.4645831,0.0,0.0,1.0
1600000,4,4,4,400.0,-0.19622818534836,-78.43185200693907,0.0,0.0,1.0
475000,4,4,3,782.0,-0.187716563351298,-78.44606396607604,0.0,0.0,1.0
79900,3,2,1,135.0,-0.345452070211887,-78.4419128181136,0.0,0.0,1.0
229000,4,4,3,400.0,-0.282715576931773,-78.46662368280333,0.0,0.0,1.0
650000,4,4,2,736.0,-0.1793054,-78.4501497,0.0,0.0,1.0
210000,3,2,2,165.0,-0.221133466060444,-78.41329747514936,0.0,0.0,1.0
195000,6,4,5,445.0,-0.2839754,-78.4690235,0.0,0.0,1.0
80000,3,2,1,190.0,-0.090874328325151,-78.4348841002307,0.0,0.0,1.0
250000,3,2,2,277.0,-0.206616919474999,-78.451480191,0.0,0.0,1.0
120000,3,2,1,180.0,-0.263435554071802,-78.47024964735287,0.0,0.0,1.0
65000,3,2,1,162.0,-0.3392373,-78.439176,0.0,0.0,1.0
280000,4,5,3,395.0,-0.210412052146,-78.3863503433,0.0,0.0,1.0
109900,3,2,2,180.0,-0.089640129496903,-78.47894185183718,0.0,0.0,1.0
119000,3,2,2,182.0,-0.126476699999999,-78.4773646,0.0,0.0,1.0
206000,3,2,2,252.0,-0.2256893,-78.3922181,0.0,0.0,1.0
180000,3,2,2,209.0,-0.218323611390529,-78.38475815691189,0.0,0.0,1.0
84500,3,2,1,86.0,-0.2926455,-78.5457065,0.0,0.0,1.0
950000,8,8,10,1145.0,-0.2063442,-78.4801943,0.0,0.0,1.0
325030,3,3,2,226.0,-0.21976647718,-78.4354209043,0.0,0.0,1.0
380000,4,4,4,615.0,-0.140611450915407,-78.47863851338774,0.0,0.0,1.0
1100000,4,4,4,1600.0,-0.0774259,-78.4283303,0.0,0.0,1.0
525000,4,4,2,413.0,-0.13783421096968,-78.45821619046022,0.0,0.0,1.0
240000,3,3,2,200.0,-0.1921023,-78.4884107,0.0,0.0,1.0
1600000,4,4,4,1110.0,-0.1842024,-78.4426302,0.0,0.0,1.0
750000,4,4,2,600.0,-0.2107252,-78.4410895,0.0,0.0,1.0
64000,4,2,1,119.0,-0.068037952396866,-78.46720899626224,0.0,0.0,1.0
275000,6,5,2,564.0,-0.194151491714876,-78.51079360045497,0.0,0.0,1.0
249999,4,4,2,361.0,-0.1577503,-78.438969,0.0,0.0,1.0
95000,3,2,1,146.0,-0.069734099999999,-78.4595644,0.0,0.0,1.0
999999,7,7,4,1000.0,-0.217237894419496,-78.43696749996948,0.0,0.0,1.0
369000,3,3,2,500.0,-0.155601999999999,-78.3728456,0.0,0.0,1.0
189000,4,4,3,375.0,-0.103219150950333,-78.47996125968068,0.0,0.0,1.0
163000,3,2,2,160.0,-0.210690999999999,-78.3955986,0.0,0.0,1.0
249000,3,2,2,276.0,-0.1828874,-78.439605,0.0,0.0,1.0
590000,3,5,2,850.0,-0.1914423,-78.4435007,0.0,0.0,1.0
133850,3,2,2,142.0,-0.2010926,-78.3778083,0.0,0.0,1.0
96420,3,2,1,123.0,-0.214415854025968,-78.35909609614258,0.0,0.0,1.0
75000,3,2,1,123.0,-0.0891264,-78.42804799999999,0.0,0.0,1.0
180000,4,3,3,275.0,-0.161669377453865,-78.49264192941892,0.0,0.0,1.0
93000,2,2,1,125.0,-0.311059571357217,-78.45413422062377,0.0,0.0,1.0
260000,5,5,3,500.0,-0.096952399999999,-78.4638256,0.0,0.0,1.0
78000,3,2,2,82.0,-0.314323006296,-78.4844285004,0.0,0.0,1.0
365000,3,4,2,700.0,-0.221707741441218,-78.42610719015039,0.0,0.0,1.0
110800,3,3,1,93.0,-0.21454,-78.3890933,0.0,0.0,1.0
350000,5,5,5,2133.0,-0.2783826,-78.5409063,0.0,0.0,1.0
250000,3,2,4,373.0,-0.326018324666478,-78.39493090667115,0.0,0.0,1.0
109900,3,2,1,209.0,-0.2924727,-78.46888779999999,0.0,0.0,1.0
139000,4,4,2,228.0,-0.141627738186017,-78.46342989033988,0.0,0.0,1.0
116500,3,2,2,104.0,-0.0324467847141,-78.4445040915,0.0,0.0,1.0
465000,4,3,2,390.0,-0.210691,-78.39559860000001,0.0,0.0,1.0
320000,3,3,2,270.0,-0.21455335438594,-78.37834663161622,0.0,0.0,1.0
575000,4,5,3,520.0,-0.166121485831324,-78.43862501766236,0.0,0.0,1.0
550000,4,4,2,1144.0,-0.206403626089,-78.4480624154,0.0,0.0,1.0
80000,3,2,2,190.0,-0.0817464,-78.4254734,0.0,0.0,1.0
215000,12,10,1,490.0,-0.202477647925194,-78.4907103816147,0.0,0.0,1.0
248000,3,3,2,245.0,-0.200514012508164,-78.44187683334349,0.0,0.0,1.0
285000,4,4,3,400.0,-0.212804892344607,-78.41368014019776,0.0,0.0,1.0
265000,3,3,2,350.0,-0.2107252,-78.44108949999999,0.0,0.0,1.0
389000,3,3,2,500.0,-0.1103805,-78.451453,0.0,0.0,1.0
110000,3,2,1,143.0,-0.218979615030851,-78.49706584841002,0.0,0.0,1.0
89000,5,3,2,136.0,-0.124882599999999,-78.4986934,0.0,0.0,1.0
96000,3,3,1,90.0,-0.270518499999999,-78.4695111,0.0,0.0,1.0
538000,3,2,4,1665.0,-0.167174099999999,-78.4340229,0.0,0.0,1.0
79900,3,2,1,105.0,-0.02509508611921,-78.45142528308574,0.0,0.0,1.0
1600000,4,4,8,1600.0,-0.205529866140372,-78.43641707184928,0.0,0.0,1.0
230000,3,4,3,315.0,-0.202339321022111,-78.43327602222901,0.0,0.0,1.0
117000,6,4,3,520.0,-0.082750802396916,-78.41208038122865,0.0,0.0,1.0
319000,3,3,2,265.0,-0.2457898,-78.4421087,0.0,0.0,1.0
490000,4,4,4,735.0,-0.1804328,-78.43793000000001,0.0,0.0,1.0
550000,8,6,4,619.0,-0.16727357797356,-78.48097700992582,0.0,0.0,1.0
206000,3,3,2,165.0,-0.155601999999999,-78.3728456,0.0,0.0,1.0
65000,2,2,1,109.0,-0.286994677681948,-78.49317149245147,0.0,0.0,1.0
220000,6,3,2,545.0,-0.19987088358269,-78.47873072321957,0.0,0.0,1.0
580000,3,3,8,1170.0,-0.187922281991,-78.3795431577,0.0,0.0,1.0
279000,3,2,2,267.0,-0.226941062734268,-78.42988228081217,0.0,0.0,1.0
125000,11,8,1,180.0,-0.2914632,-78.5637979,0.0,0.0,1.0
70000,5,3,1,225.0,-0.235904391248,-78.5258720973,0.0,0.0,1.0
465000,4,4,4,980.0,-0.356823380066105,-78.42678197931066,0.0,0.0,1.0
89000,3,2,2,120.0,-0.0875297,-78.4689224,0.0,0.0,1.0
884450,12,10,4,1521.0,-0.1539268,-78.4630548,0.0,0.0,1.0
359000,5,5,5,1000.0,-0.30829234145067,-78.47083189136032,0.0,0.0,1.0
275000,3,2,2,220.0,-0.202006780540287,-78.45100081985169,0.0,0.0,1.0
150000,5,4,1,200.0,-0.128401160457551,-78.48741653494871,0.0,0.0,1.0
369000,3,4,2,450.0,-0.184202399999999,-78.4426302,0.0,0.0,1.0
125000,2,2,3,167.0,-0.1577503,-78.438969,0.0,0.0,1.0
105000,3,2,2,306.0,-0.3313365,-78.4367766,0.0,0.0,1.0
225000,12,10,7,350.0,-0.197767092651085,-78.5008561498291,0.0,0.0,1.0
129900,4,3,2,267.0,-0.1059179,-78.5039191,0.0,0.0,1.0
225000,3,2,2,190.0,-0.1810867,-78.4215092,0.0,0.0,1.0
38000,3,1,1,86.0,-0.0020596,-78.4558364,0.0,0.0,1.0
214000,3,2,3,293.0,-0.220990609520999,-78.3942682243,0.0,0.0,1.0
80000,4,1,2,180.0,-0.309237448098036,-78.49341028925173,0.0,0.0,1.0
70000,3,2,1,97.0,-0.012377687414899,-78.4510292103,0.0,0.0,1.0
78000,3,2,2,82.0,-0.321149999999999,-78.4878818,0.0,0.0,1.0
132000,3,2,2,200.0,-0.311802777929999,-78.4958727355,0.0,0.0,1.0
298063,3,4,2,246.0,-0.230664,-78.3894549,0.0,0.0,1.0
119000,4,3,2,212.0,-0.2208788,-78.3773702,0.0,0.0,1.0
130000,2,3,2,177.0,-0.280691273498917,-78.46459465100098,0.0,0.0,1.0
185000,12,10,6,700.0,-0.025374,-78.4508598,0.0,0.0,1.0
195000,3,3,3,340.0,-0.1665679,-78.4955154,0.0,0.0,1.0
239000,3,3,2,897.0,-0.1928729,-78.3865098,0.0,0.0,1.0
370000,3,4,2,480.0,-0.198659499999999,-78.436155,0.0,0.0,1.0
220000,3,3,2,270.0,-0.223457199999999,-78.4275966,0.0,0.0,1.0
114000,3,2,2,197.0,-0.126426602038999,-78.4763944623,0.0,0.0,1.0
320000,4,3,3,208.0,-0.2063442,-78.48019430000001,0.0,0.0,1.0
215000,4,3,2,236.0,-0.201176,-78.432863,0.0,0.0,1.0
112000,10,4,1,483.0,-0.248642862117192,-78.50910498305053,0.0,0.0,1.0
549000,5,5,3,832.0,-0.183233715124819,-78.47464912698365,0.0,0.0,1.0
94990,3,2,1,105.0,-0.097208700520398,-78.4369714627,0.0,0.0,1.0
95000,6,3,2,363.0,-0.2995559,-78.5241166,0.0,0.0,1.0
270000,3,3,2,264.0,-0.215152199999999,-78.4320385,0.0,0.0,1.0
500000,6,5,5,1457.0,-0.30508016424797,-78.47616374229732,0.0,0.0,1.0
148000,3,3,2,218.0,-0.2783826,-78.5409063,0.0,0.0,1.0
1000000,4,4,7,2200.0,-0.1803078,-78.447485,0.0,0.0,1.0
650000,5,4,4,357.0,-0.2063442,-78.4801943,0.0,0.0,1.0
237000,4,5,3,250.0,-0.105777862011003,-78.50743365795819,0.0,0.0,1.0
148999,12,5,4,429.0,-0.3189771,-78.53542139999999,0.0,0.0,1.0
198000,3,3,2,195.0,-0.284946499999999,-78.531744,0.0,0.0,1.0
250000,4,4,2,361.0,-0.1577503,-78.438969,0.0,0.0,1.0
50000,8,1,1,99.0,-0.0836166,-78.4435486,0.0,0.0,1.0
349000,12,8,6,2100.0,-0.303995947521999,-78.4666682899,0.0,0.0,1.0
130000,4,2,4,555.0,-0.3089769,-78.4666605,0.0,0.0,1.0
64990,4,2,2,125.0,-0.1023753,-78.4502184,0.0,0.0,1.0
66000,3,2,1,116.0,-0.283031791742113,-78.49566199286805,0.0,0.0,1.0
350000,3,4,3,500.0,-0.202110401241028,-78.35809907391354,0.0,0.0,1.0
245600,3,2,2,165.0,-0.2207396,-78.4239475,0.0,0.0,1.0
93000,3,2,2,154.0,-0.097871282975729,-78.44909782750854,0.0,0.0,1.0
112000,7,4,2,337.0,-0.2922544,-78.559693,0.0,0.0,1.0
50900,3,1,1,146.0,-0.084777743730274,-78.44710680559838,0.0,0.0,1.0
139000,3,2,3,444.0,-0.2701051,-78.4692096,0.0,0.0,1.0
485605,3,3,3,206.0,-0.2094824,-78.4202152,0.0,0.0,1.0
59000,3,2,2,80.0,-0.0136352,-78.4441049,0.0,0.0,1.0
378000,4,4,2,487.0,-0.221050099999999,-78.4513193,0.0,0.0,1.0
680000,3,3,2,1404.0,-0.193208311116,-78.4293902957,0.0,0.0,1.0
105000,4,2,2,205.0,-0.087337999999999,-78.4672581,0.0,0.0,1.0
70000,6,5,1,275.0,-0.0880769,-78.43923529999999,0.0,0.0,1.0
163000,12,5,6,1300.0,-0.3488407,-78.4549568,0.0,0.0,1.0
128000,4,3,2,230.0,-0.0880501,-78.470932,0.0,0.0,1.0
1180000,5,5,4,1150.0,-0.2011716,-78.42945209999999,0.0,0.0,1.0
660000,4,5,3,900.0,-0.204375386607957,-78.41080594643911,0.0,0.0,1.0
279000,4,3,2,395.0,-0.329323422487912,-78.45163006483952,0.0,0.0,1.0
98000,4,2,3,226.0,-0.347356059374729,-78.43129879106252,0.0,0.0,1.0
219000,4,3,4,477.0,-0.219944348777712,-78.43422711520942,0.0,0.0,1.0
287000,4,1,3,460.0,-0.1505114,-78.5000555,0.0,0.0,1.0
105000,3,2,2,108.0,-0.279788107454706,-78.46127135390624,0.0,0.0,1.0
127990,3,2,2,185.0,-0.217770221630959,-78.39857942184767,0.0,0.0,1.0
349999,12,10,4,107.0,-0.1509617,-78.4719937,0.0,0.0,1.0
320000,4,3,3,900.0,-0.320785590088,-78.4373466793,0.0,0.0,1.0
259000,3,2,4,290.0,-0.2063442,-78.4801943,0.0,0.0,1.0
250000,4,4,2,361.0,-0.1577503,-78.438969,0.0,0.0,1.0
1600000,5,4,2,1535.0,-0.159048899999999,-78.3856447,0.0,0.0,1.0
490000,3,4,4,384.0,-0.1577503,-78.438969,0.0,0.0,1.0
420000,4,4,3,352.0,-0.2053002,-78.4888536,0.0,0.0,1.0
500000,6,4,8,600.0,-0.184818285186821,-78.47794419372883,0.0,0.0,1.0
250000,4,5,3,393.0,-0.107766304796272,-78.50887540744019,0.0,0.0,1.0
230000,4,4,5,1888.0,-0.2981009,-78.4354042,0.0,0.0,1.0
204000,3,3,2,205.0,-0.284946499999999,-78.531744,0.0,0.0,1.0
580000,3,3,2,1100.0,-0.2213898,-78.3966673,0.0,0.0,1.0
110000,4,2,2,250.0,-0.217044442118935,-78.40390773063082,0.0,0.0,1.0
1458000,3,3,7,2790.0,-0.155601999999999,-78.3728456,0.0,0.0,1.0
85000,3,2,1,104.0,-0.025089682404896,-78.45127913041557,0.0,0.0,1.0
158895,3,2,2,225.0,-0.1803964,-78.4377738,0.0,0.0,1.0
75000,3,2,1,110.0,-0.082729499999999,-78.4613396,0.0,0.0,1.0
240000,3,2,2,224.0,-0.2049214,-78.40841379999999,0.0,0.0,1.0
1520000,4,4,8,2720.0,-0.1567987,-78.46240639999999,0.0,0.0,1.0
269000,3,3,2,257.0,-0.219397507050254,-78.38923876671629,0.0,0.0,1.0
315000,3,3,2,288.0,-0.2158204,-78.4308945,0.0,0.0,1.0
94000,3,2,2,103.0,-0.0948592,-78.4495762,0.0,0.0,1.0
151959,3,2,2,209.0,-0.180604460525,-78.4367069127,0.0,0.0,1.0
520000,4,3,3,881.0,-0.170722841747455,-78.49487440194343,0.0,0.0,1.0
1100000,5,6,2,1400.0,-0.2049595,-78.40839489999999,0.0,0.0,1.0
59000,3,1,2,105.0,-0.0570663,-78.4611739,0.0,0.0,1.0
145000,3,2,2,240.0,-0.047320518081288,-78.45362528535509,0.0,0.0,1.0
189000,3,2,2,269.0,-0.205744985939767,-78.43429879232089,0.0,0.0,1.0
290000,4,4,2,450.0,-0.3164696,-78.46606,0.0,0.0,1.0
58000,2,1,1,76.0,-0.293271069533009,-78.49426286671158,0.0,0.0,1.0
215000,7,4,4,219.0,-0.2610377,-78.53072360000002,0.0,0.0,1.0
250000,4,3,3,302.0,-0.303351415500119,-78.4660052811944,0.0,0.0,1.0
163000,3,2,2,138.0,-0.221040299999999,-78.3750057,0.0,0.0,1.0
68000,3,2,1,89.0,-0.050030199999999,-78.4565314,0.0,0.0,1.0
109900,3,2,2,92.0,-0.222954013284185,-78.41980548447427,0.0,0.0,1.0
49000,7,3,2,137.0,-0.0863214,-78.4520748,0.0,0.0,1.0
580000,3,4,6,2000.0,-0.0077765,-78.3238381,0.0,0.0,1.0
355000,3,3,3,375.0,-0.2028171,-78.4553533,0.0,0.0,1.0
1500000,4,4,5,5000.0,-0.039758007676811,-78.45582520778245,0.0,0.0,1.0
155000,4,3,2,228.0,-0.1229862,-78.4759048,0.0,0.0,1.0
129900,4,3,2,202.0,-0.094878229937799,-78.4384618536,0.0,0.0,1.0
165000,8,4,1,340.0,-0.2112826,-78.5120451,0.0,0.0,1.0
270000,7,8,3,428.0,-0.168061199999999,-78.4881452,0.0,0.0,1.0
305000,6,4,4,385.0,-0.1709593,-78.4762173,0.0,0.0,1.0
230000,5,5,4,442.0,-0.159789099999999,-78.480499,0.0,0.0,1.0
193000,3,2,2,250.0,-0.177496117089104,-78.35650572338257,0.0,0.0,1.0
700000,3,3,4,2140.0,-0.1804328,-78.43793,0.0,0.0,1.0
495000,4,3,4,500.0,-0.1857089,-78.4478667,0.0,0.0,1.0
267000,8,8,1,682.0,-0.1158945,-78.4803084,0.0,0.0,1.0
390000,5,6,3,515.0,-0.172879699999999,-78.4965043,0.0,0.0,1.0
172000,5,4,3,588.0,-0.0113778038253,-78.4424551056,0.0,0.0,1.0
65000,3,2,1,102.0,-0.0096739234186,-78.45475320900486,0.0,0.0,1.0
125000,3,2,2,224.0,-0.282549,-78.4942136,0.0,0.0,1.0
178000,3,3,3,328.0,-0.2981009,-78.4354042,0.0,0.0,1.0
68900,3,2,1,95.0,-0.084597492966947,-78.4366439878136,0.0,0.0,1.0
69000,3,1,1,100.0,-0.2757165,-78.5391873,0.0,0.0,1.0
205292,3,2,2,252.0,-0.216218999999999,-78.3959075,0.0,0.0,1.0
460000,7,5,7,470.0,-0.1567046,-78.4787295,0.0,0.0,1.0
250000,3,2,2,232.0,-0.21498,-78.4192433,0.0,0.0,1.0
350000,10,7,4,640.0,-0.177499999999999,-78.4766667,0.0,0.0,1.0
404000,3,3,4,500.0,-0.234387,-78.44522,0.0,0.0,1.0
95000,3,2,1,123.0,-0.146111109653841,-78.50367698280331,0.0,0.0,1.0
390999,4,3,3,500.0,-0.212042824144879,-78.38759488829957,0.0,0.0,1.0
649000,5,4,6,2580.0,-0.210656636153605,-78.40097863466741,0.0,0.0,1.0
118000,4,2,1,179.0,-0.1520544,-78.4996901,0.0,0.0,1.0
210000,3,3,2,183.0,-0.284946499999999,-78.531744,0.0,0.0,1.0
285000,4,4,2,504.0,-0.1999237,-78.3756967,0.0,0.0,1.0
800000,5,5,8,1832.0,-0.197887299999999,-78.4221288,0.0,0.0,1.0
205000,3,2,2,196.0,-0.170653206844615,-78.4434655878662,0.0,0.0,1.0
168000,5,2,1,285.0,-0.323773083062845,-78.4427279755772,0.0,0.0,1.0
429000,5,3,4,1045.0,-0.1586593,-78.4935054,0.0,0.0,1.0
550000,3,6,8,2331.0,-0.223794750090872,-78.39212910126389,0.0,0.0,1.0
290000,3,2,5,1426.0,-0.269728453646999,-78.4594310976,0.0,0.0,1.0
278000,3,3,2,310.0,-0.1772522,-78.3959201,0.0,0.0,1.0
220000,2,2,2,240.0,-0.218147,-78.38493369999999,0.0,0.0,1.0
345000,1,2,2,361.0,-0.234836639689439,-78.44351135566406,0.0,0.0,1.0
550000,3,3,2,980.0,-0.2081955,-78.41487959999999,0.0,0.0,1.0
970000,7,6,5,1070.0,-0.204560447593382,-78.48668001959135,0.0,0.0,1.0
112000,4,3,2,252.0,-0.227627409879702,-78.48464989844906,0.0,0.0,1.0
128000,3,2,2,218.0,-0.1233285,-78.4759875,0.0,0.0,1.0
70000,3,2,1,107.0,-0.3313365,-78.4367766,0.0,0.0,1.0
73000,3,2,1,173.0,-0.272745368283345,-78.54699059629517,0.0,0.0,1.0
390000,3,3,4,700.0,-0.198043085938292,-78.42382679910611,0.0,0.0,1.0
257000,6,2,4,313.0,-0.177353524069453,-78.48721614112571,0.0,0.0,1.0
245000,3,2,2,250.0,-0.221727287548334,-78.43927056458739,0.0,0.0,1.0
169990,3,2,2,189.0,-0.1577503,-78.438969,0.0,0.0,1.0
198000,4,4,4,387.0,-0.332175805931213,-78.46558200317993,0.0,0.0,1.0
370000,3,3,3,407.0,-0.221237622855776,-78.4177116838892,0.0,0.0,1.0
94500,3,2,2,184.0,-0.1464804,-78.4539285,0.0,0.0,1.0
135000,4,3,3,294.0,-0.2640854,-78.4705373,0.0,0.0,1.0
97500,1,1,5,600.0,-0.065824388289899,-78.46500481271973,0.0,0.0,1.0
520000,5,6,8,926.0,-0.220200383327563,-78.42212758120658,0.0,0.0,1.0
199500,3,2,2,153.0,-0.104203799999999,-78.4323145,0.0,0.0,1.0
150000,3,3,2,200.0,-0.2783826,-78.5409063,0.0,0.0,1.0
180000,3,2,2,208.0,-0.2216565,-78.3830744,0.0,0.0,1.0
107600,3,2,1,114.0,-0.219638699999999,-78.382263,0.0,0.0,1.0
310000,3,3,2,300.0,-0.206887453103288,-78.44583914958224,0.0,0.0,1.0
475000,5,4,7,2054.0,-0.35522134351,-78.4244125981,0.0,0.0,1.0
413000,4,4,3,600.0,-0.230272022404341,-78.44632824014795,0.0,0.0,1.0
685000,4,4,2,1200.0,-0.202063799999999,-78.4108226,0.0,0.0,1.0
165000,7,4,1,340.0,-0.2112848,-78.5121588,0.0,0.0,1.0
215000,3,3,2,282.0,-0.212526995071366,-78.41648210790405,0.0,0.0,1.0
285100,3,3,2,248.0,-0.2457898,-78.4421087,0.0,0.0,1.0
205000,3,2,2,163.0,-0.2147393,-78.4155366,0.0,0.0,1.0
905000,10,3,1,90.0,-0.1270432,-78.48538219999999,0.0,0.0,1.0
55000,3,2,1,110.0,-0.084292167527888,-78.42701853806764,0.0,0.0,1.0
148000,3,2,2,358.0,-0.29713457950589,-78.44517941437223,0.0,0.0,1.0
115000,3,3,1,122.0,-0.219638699999999,-78.382263,0.0,0.0,1.0
77000,3,2,2,140.0,-0.111201590304317,-78.42162473616894,0.0,0.0,1.0
440000,2,3,2,422.0,-0.2107252,-78.4410895,0.0,0.0,1.0
299000,3,2,2,350.0,-0.187071999999999,-78.472085,0.0,0.0,1.0
144999,11,6,3,601.0,-0.250793412987789,-78.49459239799194,0.0,0.0,1.0
54000,3,1,1,104.0,-0.089170550601311,-78.42479882272339,0.0,0.0,1.0
180000,3,3,2,208.0,-0.220872104359469,-78.380792369281,0.0,0.0,1.0
350000,5,4,2,550.0,-0.187555245180299,-78.44286142034913,0.0,0.0,1.0
680000,5,5,4,1100.0,-0.207642775243106,-78.43945630379606,0.0,0.0,1.0
429000,4,3,3,485.0,-0.166104453203999,-78.4376815397,0.0,0.0,1.0
130000,3,2,2,184.0,-0.1064573,-78.4831906,0.0,0.0,1.0
128000,3,3,5,586.0,-0.002525,-78.443824,0.0,0.0,1.0
299000,4,6,8,1154.0,-0.07093175774695,-78.47200531417235,0.0,0.0,1.0
82000,3,3,2,125.0,-0.0875297,-78.4689224,0.0,0.0,1.0
165000,4,2,4,1402.0,-0.3681891,-78.4698536,0.0,0.0,1.0
1600000,4,5,8,1100.0,-0.18224191878596,-78.44330659600872,0.0,0.0,1.0
583000,5,3,4,1148.0,-0.1659935,-78.4936632,0.0,0.0,1.0
129000,9,4,2,477.0,-0.120678,-78.5090904,0.0,0.0,1.0
995000,5,4,6,1045.0,-0.18103704598762,-78.44513792475614,0.0,0.0,1.0
89600,3,2,2,175.0,-0.0997761,-78.4669405,0.0,0.0,1.0
145000,10,6,2,463.0,-0.1407541,-78.4794568,0.0,0.0,1.0
165000,7,3,3,350.0,-0.32936531023909,-78.45265089457398,0.0,0.0,1.0
550000,4,4,2,625.0,-0.155601999999999,-78.37284559999999,0.0,0.0,1.0
71500,3,2,1,123.0,-0.2875648,-78.503276,0.0,0.0,1.0
134900,7,8,6,394.0,0.003907268921818,-78.45511471690254,0.0,0.0,1.0
1049000,3,3,6,5000.0,-0.2107252,-78.44108949999999,0.0,0.0,1.0
247000,3,2,2,300.0,-0.172879699999999,-78.4965043,0.0,0.0,1.0
300000,3,3,3,500.0,-0.191554599999999,-78.423605,0.0,0.0,1.0
199000,3,3,2,328.0,-0.198624982719,-78.3875929985,0.0,0.0,1.0
70000,2,1,1,78.0,-0.333409,-78.4890731,0.0,0.0,1.0
90000,3,3,2,206.0,-0.0020596,-78.4558364,0.0,0.0,1.0
295000,6,3,4,700.0,-0.089566999999999,-78.4715049,0.0,0.0,1.0
1400000,6,6,6,1463.0,-0.2246217,-78.4142471,0.0,0.0,1.0
420000,3,3,4,740.0,-0.2124452,-78.4375362,0.0,0.0,1.0
280000,6,5,6,1500.0,-0.32049584139156,-78.46759314893121,0.0,0.0,1.0
650000,4,4,4,574.0,-0.2183265,-78.444414,0.0,0.0,1.0
225000,4,2,2,297.0,-0.226123484943866,-78.44652116466837,0.0,0.0,1.0
119000,3,3,2,212.0,-0.2217441,-78.3782848,0.0,0.0,1.0
580000,5,5,4,536.0,-0.2144279,-78.4505095,0.0,0.0,1.0
65000,3,2,1,122.0,-0.121093841580787,-78.44296817420575,0.0,0.0,1.0
230000,5,3,4,400.0,-0.3148423,-78.4652785,0.0,0.0,1.0
230000,4,4,3,327.0,-0.031052599999999,-78.4438237,0.0,0.0,1.0
99900,3,2,2,121.0,-0.022554799018899,-78.4428518508,0.0,0.0,1.0
397000,2,2,2,759.0,-0.097958283382153,-78.44304124550781,0.0,0.0,1.0
750000,5,5,4,1071.0,-0.1906256,-78.4304294,0.0,0.0,1.0
650000,3,3,5,620.0,-0.2031233,-78.4454184,0.0,0.0,1.0
169000,3,2,2,240.0,-0.2146364,-78.4006255,0.0,0.0,1.0
590000,4,5,3,1900.0,-0.18107652696,-78.4388741376,0.0,0.0,1.0
320000,3,4,2,366.0,-0.206998906135054,-78.4262621681008,0.0,0.0,1.0
290000,4,3,2,290.0,-0.1839841,-78.493617,0.0,0.0,1.0
165000,3,2,3,448.0,-0.2187395,-78.5172645,0.0,0.0,1.0
105000,3,2,2,115.0,-0.1036664,-78.4400339,0.0,0.0,1.0
189000,3,3,3,328.0,-0.337207199999999,-78.4770526,0.0,0.0,1.0
750000,4,4,4,523.0,-0.179138061061691,-78.3883895846429,0.0,0.0,1.0
559379,3,3,3,900.0,-0.2038414,-78.4496168,0.0,0.0,1.0
65000,3,2,2,155.0,-0.2783826,-78.5409063,0.0,0.0,1.0
570000,5,5,2,461.0,-0.20304752330483,-78.42344140643382,0.0,0.0,1.0
805000,5,5,6,1107.0,-0.195700331946,-78.4258135063,0.0,0.0,1.0
179900,3,2,3,835.0,-0.2881421,-78.4618666,0.0,0.0,1.0
99900,4,3,1,168.0,-0.1410258,-78.4809484,0.0,0.0,1.0
380000,4,3,5,516.0,-0.217956568692,-78.4375143658,0.0,0.0,1.0
625000,4,6,4,980.0,-0.175413807576388,-78.44537736654351,0.0,0.0,1.0
99000,3,2,1,136.0,-0.1091387,-78.4320245,0.0,0.0,1.0
1480000,4,6,6,2990.0,-0.1567987,-78.46240639999999,0.0,0.0,1.0
78000,3,1,1,111.0,-0.153112370962245,-78.50374124841002,0.0,0.0,1.0
129000,2,2,2,220.0,-0.3037047,-78.45038939999999,0.0,0.0,1.0
85000,4,2,2,162.0,-0.1261568,-78.5037354,0.0,0.0,1.0
190000,4,3,2,310.0,-0.1325149,-78.48709099999999,0.0,0.0,1.0
339000,3,3,4,315.0,-0.166199,-78.4664882,0.0,0.0,1.0
259000,3,3,2,300.0,-0.184034,-78.4421555,0.0,0.0,1.0
130000,9,6,4,450.0,-0.343865486429,-78.568260609,0.0,0.0,1.0
860000,5,4,2,1466.0,-0.2209337,-78.3838378,0.0,0.0,1.0
125000,3,2,2,335.0,-0.1070103,-78.4822024,0.0,0.0,1.0
780000,3,3,3,1095.0,-0.195208199999999,-78.4159498,0.0,0.0,1.0
290000,3,3,2,500.0,-0.3257259,-78.444369,0.0,0.0,1.0
230000,9,6,2,735.0,-0.1714097,-78.4734214,0.0,0.0,1.0
345000,4,3,2,200.0,-0.1943944,-78.4251809,0.0,0.0,1.0
81500,3,2,1,80.0,-0.203855241176311,-78.38331719311525,0.0,0.0,1.0
109000,3,2,3,160.0,-0.018585524653599,-78.4489315498,0.0,0.0,1.0
249000,6,6,3,445.0,-0.1561905,-78.490203,0.0,0.0,1.0
240000,3,3,3,297.0,-0.201643132622,-78.4533214979,0.0,0.0,1.0
269500,3,2,2,500.0,-0.187775250205631,-78.42481426983642,0.0,0.0,1.0
280000,4,6,4,2000.0,0.0045685,-78.44677449999999,0.0,0.0,1.0
345000,3,3,2,380.0,-0.157575169826258,-78.43363640212212,0.0,0.0,1.0
215000,3,2,2,218.0,-0.210690999999999,-78.3955986,0.0,0.0,1.0
137000,3,2,2,159.0,-0.159294700649261,-78.43292460803221,0.0,0.0,1.0
259000,4,2,3,208.0,-0.191053599999999,-78.4273216,0.0,0.0,1.0
133000,5,2,7,295.0,-0.3745544,-78.5041811,0.0,0.0,1.0
93000,3,2,2,167.0,-0.0979893,-78.4497201,0.0,0.0,1.0
247000,3,2,2,133.0,-0.212927399999999,-78.4523813,0.0,0.0,1.0
398000,4,4,3,359.0,-0.1577774,-78.4606135,0.0,0.0,1.0
118000,8,4,2,180.0,-0.2969321,-78.567049,0.0,0.0,1.0
220000,3,3,2,324.0,-0.306731600776481,-78.44154779154054,0.0,0.0,1.0
260000,3,4,2,250.0,-0.208913090419024,-78.4161543731744,0.0,0.0,1.0
55000,3,2,2,167.0,-0.1181102,-78.44049609999999,0.0,0.0,1.0
550000,4,5,3,545.0,-0.142693497400691,-78.381227011084,0.0,0.0,1.0
109000,6,4,2,250.0,-0.2271882,-78.4838236,0.0,0.0,1.0
159000,6,5,5,304.0,-0.1114804,-78.48659599999999,0.0,0.0,1.0
189000,4,2,2,235.0,-0.212920617671,-78.4277684232,0.0,0.0,1.0
93000,3,2,2,154.0,-0.0981188,-78.4487989,0.0,0.0,1.0
358000,3,3,2,513.0,-0.1668367,-78.4356275,0.0,0.0,1.0
285000,3,2,5,1972.0,-0.241395782183589,-78.32714509953647,0.0,0.0,1.0
93000,3,2,2,154.0,-0.097989772309584,-78.44903997730252,0.0,0.0,1.0
615000,4,3,2,1279.0,-0.1577503,-78.438969,0.0,0.0,1.0
105000,3,2,2,190.0,-0.118110199999999,-78.4404961,0.0,0.0,1.0
70000,3,2,1,120.0,-0.110244179452955,-78.42043301216432,0.0,0.0,1.0
239000,4,5,6,522.0,-0.1407541,-78.4794568,0.0,0.0,1.0
336000,3,2,2,193.0,-0.17951,-78.4400795,0.0,0.0,1.0
450000,8,6,4,1060.0,-0.1473306,-78.4761545,0.0,0.0,1.0
130000,3,2,2,207.0,-0.266243698958646,-78.47024262869718,0.0,0.0,1.0
425000,3,2,3,500.0,-0.1597442,-78.4603307,0.0,0.0,1.0
198000,3,2,2,225.0,-0.2881942,-78.4628877,0.0,0.0,1.0
460000,3,3,10,3050.0,-0.29256785218485,-78.46486886697309,0.0,0.0,1.0
250000,6,6,5,552.0,-0.1405982,-78.4634143,0.0,0.0,1.0
1080000,3,4,4,1600.0,-0.201245884084955,-78.42951991583308,0.0,0.0,1.0
96000,4,3,2,236.0,-0.0570604,-78.4613281,0.0,0.0,1.0
125000,3,2,2,190.0,-0.069734099999999,-78.4595644,0.0,0.0,1.0
289900,5,5,4,392.0,-0.208236126669999,-78.4355748783,0.0,0.0,1.0
274000,8,4,4,300.0,-0.0078128,-78.4474718,0.0,0.0,1.0
135000,3,3,2,208.0,-0.1505114,-78.5000555,0.0,0.0,1.0
190000,3,2,2,233.0,-0.211798003496953,-78.4178314850372,0.0,0.0,1.0
480000,5,6,6,620.0,-0.102423358521902,-78.48728564359867,0.0,0.0,1.0
209334,3,3,2,227.0,-0.210690999999999,-78.3955986,0.0,0.0,1.0
380000,4,3,3,400.0,-0.2974229,-78.4463211,0.0,0.0,1.0
110000,8,4,1,320.0,-0.23810189976693,-78.51700281910622,0.0,0.0,1.0
77721,3,2,1,81.0,-0.257731399999999,-78.5267371,0.0,0.0,1.0
89500,3,2,2,162.0,-0.1261568,-78.5037354,0.0,0.0,1.0
136323,3,2,2,120.0,-0.205823499999999,-78.400392,0.0,0.0,1.0
99000,3,2,2,89.0,-0.298267,-78.4808942,0.0,0.0,1.0
275000,4,5,4,500.0,-0.294767852587517,-78.45965539265136,0.0,0.0,1.0
880000,3,4,3,1100.0,-0.155601999999999,-78.3728456,0.0,0.0,1.0
900000,3,3,4,2000.0,-0.1964142,-78.41704539999999,0.0,0.0,1.0
79900,10,6,3,252.0,-0.284823444510551,-78.57023169475096,0.0,0.0,1.0
980000,3,5,4,820.0,-0.192758436808503,-78.3831697576359,0.0,0.0,1.0
110000,8,3,1,450.0,-0.281758445118132,-78.56435957913341,0.0,0.0,1.0
138000,4,3,1,510.0,-0.379502808044068,-78.5522910814026,0.0,0.0,1.0
189000,3,2,2,192.0,-0.2038414,-78.4496168,0.0,0.0,1.0
215000,4,3,4,967.0,-0.295466385893524,-78.39896965819703,0.0,0.0,1.0
185000,3,3,2,174.0,-0.198893058668,-78.4344802818,0.0,0.0,1.0
420000,3,3,3,595.0,-0.210691,-78.39559860000001,0.0,0.0,1.0
789999,3,3,4,997.0,-0.206819929600428,-78.42076908450315,0.0,0.0,1.0
143500,3,2,2,260.0,-0.1013542,-78.464679,0.0,0.0,1.0
99000,3,2,2,203.0,-0.083330199999999,-78.4162787,0.0,0.0,1.0
235000,3,3,2,274.0,-0.2125756,-78.4129365,0.0,0.0,1.0
98500,7,5,3,410.0,-0.0639272,-78.4329423,0.0,0.0,1.0
590000,3,3,8,1143.0,-0.166969869896185,-78.46879038163637,0.0,0.0,1.0
112000,3,2,2,278.0,-0.307495251960869,-78.46184629112396,0.0,0.0,1.0
995000,12,10,6,1360.0,-0.203966394595207,-78.49632200824284,0.0,0.0,1.0
105000,3,1,3,192.0,-0.0020596,-78.4558364,0.0,0.0,1.0
133000,3,2,2,189.0,-0.210690999999999,-78.3955986,0.0,0.0,1.0
185000,4,4,4,805.0,-0.18434108485074,-78.33349874330048,0.0,0.0,1.0
95000,3,3,1,165.0,-0.2981009,-78.4354042,0.0,0.0,1.0
248000,4,3,2,280.0,-0.1577503,-78.438969,0.0,0.0,1.0
178800,3,3,2,161.0,-0.21433622261082,-78.39203659678955,0.0,0.0,1.0
585000,5,5,3,900.0,-0.0874531,-78.4659314,0.0,0.0,1.0
699000,7,3,4,2140.0,-0.17931967448151,-78.44130780710144,0.0,0.0,1.0
210000,5,4,3,450.0,-0.320940550043251,-78.43405867155002,0.0,0.0,1.0
273000,5,3,3,425.0,-0.177353524069453,-78.48721614112571,0.0,0.0,1.0
270000,3,3,5,570.0,-0.0289921,-78.4477442,0.0,0.0,1.0
39000,2,1,1,62.0,-0.3604717,-78.5632461,0.0,0.0,1.0
228000,4,3,3,335.0,-0.210255,-78.40607039999999,0.0,0.0,1.0
430000,7,5,4,540.0,-0.104023700255355,-78.50729418308941,0.0,0.0,1.0
150000,3,2,2,127.0,-0.2093549,-78.3874684,0.0,0.0,1.0
69900,3,2,1,105.0,-0.080675680389428,-78.41812215208347,0.0,0.0,1.0
43000,3,2,1,102.0,-0.082568220915,-78.4259079516,0.0,0.0,1.0
145000,4,2,1,192.0,-0.1146009,-78.4924923,0.0,0.0,1.0
240000,7,6,1,463.0,-0.029890981262576,-78.44662589508084,0.0,0.0,1.0
215000,3,2,2,160.0,-0.1103805,-78.451453,0.0,0.0,1.0
159900,3,2,1,300.0,-0.1656398,-78.487749,0.0,0.0,1.0
259000,4,4,2,421.0,-0.318024247650675,-78.46758928308105,0.0,0.0,1.0
125900,3,3,2,239.0,-0.119289179681155,-78.47803398833008,0.0,0.0,1.0
853584,12,1,10,694.0,-0.1921023,-78.4884107,0.0,0.0,1.0
147000,3,2,2,177.0,-0.141888100256403,-78.46162671148309,0.0,0.0,1.0
210000,3,2,2,196.0,-0.2038414,-78.4496168,0.0,0.0,1.0
274000,4,2,4,303.0,-0.328533824494814,-78.4633803001648,0.0,0.0,1.0
369000,3,4,2,450.0,-0.184202399999999,-78.4426302,0.0,0.0,1.0
290000,4,4,2,520.0,-0.15905,-78.46119599999997,0.0,0.0,1.0
310000,3,2,2,225.0,-0.2107252,-78.4410895,0.0,0.0,1.0
220000,3,4,5,1533.0,-0.022741751587638,-78.4488505297775,0.0,0.0,1.0
210000,2,2,2,195.0,-0.210690999999999,-78.3955986,0.0,0.0,1.0
264000,3,3,2,350.0,-0.172862869662141,-78.37448930203858,0.0,0.0,1.0
450000,3,3,4,980.0,-0.1577503,-78.438969,0.0,0.0,1.0
165000,3,2,2,180.0,-0.161049008494552,-78.43902199999998,0.0,0.0,1.0
419900,3,3,4,800.0,-0.155907674247632,-78.4345266022876,0.0,0.0,1.0
430000,4,3,4,1009.0,-0.306663442977305,-78.43964754526978,0.0,0.0,1.0
95000,3,2,3,211.0,-0.1884821,-78.448454,0.0,0.0,1.0
84990,3,2,1,119.0,-0.118110199999999,-78.44049609999999,0.0,0.0,1.0
600000,4,3,4,690.0,-0.257731399999999,-78.5267371,0.0,0.0,1.0
223922,3,3,2,239.0,-0.2010926,-78.3778083,0.0,0.0,1.0
219000,3,2,2,80.0,-0.2168249,-78.417947,0.0,0.0,1.0
76730,3,2,1,86.0,-0.297495855703492,-78.54960502750855,0.0,0.0,1.0
210000,3,2,2,218.0,-0.2125302,-78.4310026,0.0,0.0,1.0
680000,3,2,2,2000.0,-0.204994571405314,-78.38146515941548,0.0,0.0,1.0
121000,4,2,1,134.0,-0.106598485812999,-78.4624728032,0.0,0.0,1.0
145000,5,3,2,330.0,-0.1595469,-78.4714103,0.0,0.0,1.0
199999,5,6,10,359.0,-0.223252299999999,-78.5141064,0.0,0.0,1.0
349500,4,4,3,328.0,-0.200997399999999,-78.4330381,0.0,0.0,1.0
170000,9,5,4,565.0,-0.2457274,-78.5137173,0.0,0.0,1.0
550000,4,3,8,3276.0,-0.3796676,-78.50401590000001,0.0,0.0,1.0
229000,4,3,3,500.0,-0.1006673,-78.5320107,0.0,0.0,1.0
99000,5,2,1,285.0,-0.11291085597422,-78.48696622579496,0.0,0.0,1.0
357000,7,3,4,395.0,-0.164372690108702,-78.4634075258728,0.0,0.0,1.0
249900,12,8,2,180.0,-0.3052139,-78.5606671,0.0,0.0,1.0
185000,4,3,4,355.0,-0.3250833,-78.4411611,0.0,0.0,1.0
149990,5,4,3,300.0,-0.2783826,-78.5409063,0.0,0.0,1.0
529000,4,4,6,2386.0,-0.221459,-78.3990065,0.0,0.0,1.0
490000,3,2,4,2225.0,-0.2045629,-78.4030686,0.0,0.0,1.0
350000,3,3,2,1200.0,-0.284197559062999,-78.4679072995,0.0,0.0,1.0
350000,4,4,3,612.0,-0.219957951801427,-78.4039090116394,0.0,0.0,1.0
210000,3,3,2,183.0,-0.284946499999999,-78.531744,0.0,0.0,1.0
140000,3,2,2,124.0,-0.154593493105,-78.3745836714,0.0,0.0,1.0
140000,10,5,3,514.0,-0.2658042,-78.5541322,0.0,0.0,1.0
121000,3,2,1,209.0,-0.311534098503321,-78.48093290160523,0.0,0.0,1.0
150000,3,2,2,210.0,-0.221858646711921,-78.41917816759596,0.0,0.0,1.0
120000,3,2,1,162.0,-0.0601613,-78.4600155,0.0,0.0,1.0
195000,3,2,4,581.0,-0.028992099999999,-78.4477442,0.0,0.0,1.0
560000,3,3,3,500.0,-0.199571699999999,-78.4321419,0.0,0.0,1.0
580000,3,5,6,1492.0,-0.2063442,-78.4801943,0.0,0.0,1.0
159900,12,5,4,429.0,-0.313451184347062,-78.53612229049588,0.0,0.0,1.0
80085,3,2,1,88.0,-0.040091799999999,-78.4549279,0.0,0.0,1.0
140000,4,4,2,219.0,-0.133841194611438,-78.47582802574766,0.0,0.0,1.0
1150000,4,4,4,1650.0,-0.214312,-78.4356259,0.0,0.0,1.0
370000,4,3,4,400.0,-0.195888,-78.3839065,0.0,0.0,1.0
165000,4,3,4,476.0,-0.1086598,-78.499542,0.0,0.0,1.0
850000,7,7,4,1130.0,-0.2257157,-78.3938999,0.0,0.0,1.0
75000,3,2,1,118.0,-0.14659056846445,-78.47010125495608,0.0,0.0,1.0
1600000,4,4,5,1110.0,-0.1842024,-78.4426302,0.0,0.0,1.0
107600,3,2,1,94.0,-0.2164724,-78.39087649999999,0.0,0.0,1.0
544377,4,4,4,551.0,-0.157453299999999,-78.4604351,0.0,0.0,1.0
225000,6,2,3,408.0,-0.1235272,-78.4870929,0.0,0.0,1.0
99900,2,2,1,107.0,-0.297245725189944,-78.48523364977007,0.0,0.0,1.0
105000,3,2,2,104.0,-0.0875297,-78.4689224,0.0,0.0,1.0
229000,3,3,2,210.0,-0.2225576,-78.41586459999999,0.0,0.0,1.0
510000,6,6,7,1200.0,-0.3025382,-78.4557236,0.0,0.0,1.0
96000,8,6,3,380.0,-0.2550856,-78.5528123,0.0,0.0,1.0
320000,4,4,2,400.0,-0.190055617870456,-78.42687580624967,0.0,0.0,1.0
121000,3,2,1,180.0,-0.0146483,-78.4418448,0.0,0.0,1.0
260000,3,3,8,1136.0,-0.2783826,-78.5409063,0.0,0.0,1.0
74000,3,2,1,120.0,-0.320914982652527,-78.49249517354126,0.0,0.0,1.0
285200,3,2,2,182.0,-0.246766999999999,-78.4290918,0.0,0.0,1.0
164600,3,2,2,160.0,-0.220877999078425,-78.41744514054116,0.0,0.0,1.0
850000,3,4,2,2481.0,-0.1980693,-78.4055514,0.0,0.0,1.0
75900,2,2,1,412.0,-0.067370751438387,-78.42967823254091,0.0,0.0,1.0
137000,3,2,2,200.0,-0.142060012446917,-78.46280153788645,0.0,0.0,1.0
150000,6,6,4,604.0,-0.089369406200145,-78.43903943603857,0.0,0.0,1.0
580000,4,4,4,1986.0,-0.198017565451437,-78.42207166370552,0.0,0.0,1.0
73500,3,2,1,113.0,-0.2114098,-78.403774,0.0,0.0,1.0
80990,3,2,2,82.0,-0.321138008844999,-78.4878557981,0.0,0.0,1.0
220000,4,2,2,220.0,-0.1806268,-78.5140812,0.0,0.0,1.0
285000,8,4,4,600.0,-0.3069491,-78.5018999,0.0,0.0,1.0
1600000,5,5,8,2000.0,-0.198481914365642,-78.42513603844237,0.0,0.0,1.0
268000,4,3,2,950.0,-0.3301626,-78.4510729,0.0,0.0,1.0
245000,3,2,2,305.0,-0.2923801,-78.46809019999999,0.0,0.0,1.0
895000,4,4,2,731.0,-0.1906256,-78.4304294,0.0,0.0,1.0
748000,4,4,5,2038.0,-0.1485533,-78.4986733,0.0,0.0,1.0
1600000,4,4,5,1100.0,-0.184202399999999,-78.4426302,0.0,0.0,1.0
135000,3,3,2,306.0,-0.0697341,-78.45956439999999,0.0,0.0,1.0
43500,3,2,1,100.0,-0.0788597,-78.4176208,0.0,0.0,1.0
138000,4,3,2,200.0,-0.299886942694425,-78.476483622651,0.0,0.0,1.0
550000,4,7,6,882.0,-0.193206,-78.4272311,0.0,0.0,1.0
366700,5,4,5,1000.0,-0.308182478234022,-78.47108191481938,0.0,0.0,1.0
105000,3,2,2,138.0,-0.2823187,-78.4710351,0.0,0.0,1.0
332000,3,3,2,200.0,-0.214201318983206,-78.42937361102292,0.0,0.0,1.0
285000,3,4,2,350.0,-0.1977763,-78.4791307,0.0,0.0,1.0
355000,3,3,2,380.0,-0.181086699999999,-78.4215092,0.0,0.0,1.0
100000,3,2,2,160.0,-0.1181102,-78.44049609999999,0.0,0.0,1.0
385000,3,3,6,3000.0,-0.3305445,-78.3955732,0.0,0.0,1.0
130000,4,2,2,197.0,-0.097260483168366,-78.48501276769005,0.0,0.0,1.0
430000,5,5,4,458.0,-0.1040936,-78.5045174,0.0,0.0,1.0
53999,6,3,4,201.0,-0.096622412223431,-78.52870477710724,0.0,0.0,1.0
94000,3,2,2,103.0,-0.0948592,-78.4495762,0.0,0.0,1.0
680000,5,5,4,1100.0,-0.207642775243106,-78.43945630379606,0.0,0.0,1.0
268000,4,3,2,950.0,-0.3301626,-78.4510729,0.0,0.0,1.0
349000,4,4,6,500.0,-0.1887073,-78.4431028,0.0,0.0,1.0
257000,6,2,4,313.0,-0.177353524069453,-78.48721614112571,0.0,0.0,1.0
710000,4,4,4,1058.0,-0.2124452,-78.4375362,0.0,0.0,1.0
250000,4,4,2,361.0,-0.1577503,-78.438969,0.0,0.0,1.0
289900,5,5,4,392.0,-0.208236126669999,-78.4355748783,0.0,0.0,1.0
65000,3,2,1,102.0,-0.0096739234186,-78.45475320900486,0.0,0.0,1.0
539000,3,3,4,900.0,-0.199101400645741,-78.4351110303894,0.0,0.0,1.0
85000,3,2,1,104.0,-0.025089682404896,-78.45127913041557,0.0,0.0,1.0
460000,7,5,7,470.0,-0.1567046,-78.4787295,0.0,0.0,1.0
165000,7,4,1,340.0,-0.2112848,-78.5121588,0.0,0.0,1.0
389000,3,3,2,500.0,-0.1103805,-78.451453,0.0,0.0,1.0
215000,7,4,4,219.0,-0.2610377,-78.53072360000002,0.0,0.0,1.0
315000,3,3,2,288.0,-0.2158204,-78.4308945,0.0,0.0,1.0
215000,12,10,1,490.0,-0.202477647925194,-78.4907103816147,0.0,0.0,1.0
163000,12,5,6,1300.0,-0.3488407,-78.4549568,0.0,0.0,1.0
112000,10,4,1,483.0,-0.248642862117192,-78.50910498305053,0.0,0.0,1.0
884450,12,10,4,1521.0,-0.1539268,-78.4630548,0.0,0.0,1.0
90000,4,3,2,201.0,-0.120852,-78.4864352,0.0,0.0,1.0
280000,6,5,6,1500.0,-0.32049584139156,-78.46759314893121,0.0,0.0,1.0
165000,3,2,2,210.0,-0.209255361045072,-78.40689034705538,0.0,0.0,1.0
260000,3,3,8,1136.0,-0.2783826,-78.5409063,0.0,0.0,1.0
84500,3,2,1,116.0,-0.254318971434104,-78.44373727615887,0.0,0.0,1.0
120000,3,2,2,159.0,-0.039758007676811,-78.45582520778245,0.0,0.0,1.0
199900,4,2,2,217.0,-0.121314207250882,-78.4783108168147,0.0,0.0,1.0
390000,9,5,5,785.0,-0.1505782,-78.4909109,0.0,0.0,1.0
115000,4,3,2,180.0,-0.152588302511,-78.5038346074,0.0,0.0,1.0
980000,4,5,4,941.0,-0.1567987,-78.46240639999999,0.0,0.0,1.0
330000,4,3,4,800.0,-0.0958929,-78.4770585,0.0,0.0,1.0
1600000,3,4,4,1000.0,-0.183840507201205,-78.44295254441876,0.0,0.0,1.0
61900,3,3,1,97.0,-0.2857005,-78.4865173,0.0,0.0,1.0
63000,4,3,3,208.0,-0.2649036,-78.5016577,0.0,0.0,1.0
370000,5,3,2,746.0,-0.2063442,-78.4801943,0.0,0.0,1.0
80000,3,3,1,160.0,-0.105824,-78.4171028,0.0,0.0,1.0
650000,4,5,6,1004.0,-0.192770270644,-78.4287198995,0.0,0.0,1.0
153000,4,4,4,170.0,-0.094610565608145,-78.48383040527955,0.0,0.0,1.0
285000,3,2,4,410.0,-0.151841554379006,-78.3767772984375,0.0,0.0,1.0
89000,5,3,2,385.0,-0.100012928164939,-78.43421391851405,0.0,0.0,1.0
999937,4,3,5,1007.0,-0.183676093671287,-78.446543080998,0.0,0.0,1.0
500000,5,4,4,1500.0,-0.219638699999999,-78.382263,0.0,0.0,1.0
1520000,12,10,10,1500.0,-0.171768451518675,-78.47343087724609,0.0,0.0,1.0
65000,7,5,3,423.0,-0.2539365,-78.5111589,0.0,0.0,1.0
109999,3,2,1,160.0,-0.1346785,-78.5090919,0.0,0.0,1.0
335000,3,3,4,512.0,-0.212147606956537,-78.41829916242678,0.0,0.0,1.0
215000,3,2,2,198.0,-0.200904460115999,-78.4497289688,0.0,0.0,1.0
630000,5,4,3,1180.0,-0.1953033,-78.4360767,0.0,0.0,1.0
295000,3,3,3,426.0,-0.220709696874992,-78.43815393655393,0.0,0.0,1.0
45000,2,2,1,150.0,-0.052940092084099,-78.4156178431,0.0,0.0,1.0
480000,4,2,2,542.0,-0.1865352,-78.47454820000002,0.0,0.0,1.0
300000,3,3,2,238.0,-0.1822568,-78.4159741,0.0,0.0,1.0
95000,3,2,1,266.0,-0.3216357,-78.4562021,0.0,0.0,1.0
234900,4,7,5,648.0,-0.0786207,-78.4690791,0.0,0.0,1.0
379000,3,3,2,464.0,-0.205045330139069,-78.40925320688474,0.0,0.0,1.0
85000,3,2,2,148.0,-0.117018248383835,-78.4378303738977,0.0,0.0,1.0
166000,3,2,2,166.0,-0.206339687360704,-78.41308162472536,0.0,0.0,1.0
170000,8,4,4,213.0,-0.2444956,-78.5324053,0.0,0.0,1.0
62000,3,2,1,90.0,-0.093560494842198,-78.4303539817062,0.0,0.0,1.0
149000,4,3,2,301.0,-0.119662,-78.4817869,0.0,0.0,1.0
259900,4,5,2,270.0,-0.160356,-78.4580838,0.0,0.0,1.0
550000,4,4,2,1000.0,-0.16419585477659,-78.44344126375428,0.0,0.0,1.0
152000,4,4,2,267.0,-0.149245999999999,-78.458454,0.0,0.0,1.0
160000,3,2,2,217.0,-0.21537668447581,-78.40123972586443,0.0,0.0,1.0
70000,3,2,1,138.0,-0.139140992530141,-78.5036500732941,0.0,0.0,1.0
280000,3,3,2,1035.0,-0.304639161868999,-78.4445394466,0.0,0.0,1.0
82000,3,2,1,80.0,-0.2031686,-78.3841755,0.0,0.0,1.0
670000,4,3,4,1547.0,-0.197450051740278,-78.43120516503139,0.0,0.0,1.0
128000,4,2,2,214.0,-0.310854071321838,-78.48829666508178,0.0,0.0,1.0
249800,4,6,3,5000.0,-0.144710499999999,-78.4746624,0.0,0.0,1.0
450000,3,4,6,980.0,-0.182538111041038,-78.4228505152362,0.0,0.0,1.0
189000,5,5,2,379.0,-0.110878419944262,-78.48832674621639,0.0,0.0,1.0
243000,3,3,3,283.0,-0.180665162539242,-78.44337858731079,0.0,0.0,1.0
145000,6,4,3,280.0,-0.1956133,-78.506395,0.0,0.0,1.0
175000,3,3,3,494.0,-0.309782,-78.4824448,0.0,0.0,1.0
139999,3,2,3,303.0,-0.335911499999999,-78.4805112,0.0,0.0,1.0
225000,4,3,2,433.0,-0.317726,-78.4718548,0.0,0.0,1.0
187999,12,8,3,248.0,-0.348154312392052,-78.5555638860138,0.0,0.0,1.0
497000,4,3,3,730.0,-0.188187899999999,-78.4463192,0.0,0.0,1.0
110000,6,4,1,200.0,-0.1145676,-78.5052322,0.0,0.0,1.0
398000,3,4,6,664.0,-0.1439555,-78.4636489,0.0,0.0,1.0
300000,3,3,7,240.0,-0.210690999999999,-78.3955986,0.0,0.0,1.0
140000,12,3,4,897.0,-0.2253763,-78.5086428,0.0,0.0,1.0
166900,3,2,2,198.0,-0.158567,-78.4401558,0.0,0.0,1.0
128000,3,2,2,148.0,-0.2800167,-78.4612894,0.0,0.0,1.0
90000,4,2,2,145.0,-0.1135289,-78.497618,0.0,0.0,1.0
250000,3,3,2,224.0,-0.2082592,-78.391163,0.0,0.0,1.0
279000,3,2,2,290.0,-0.1665679,-78.4955154,0.0,0.0,1.0
490000,4,3,10,2267.0,-0.204497871258652,-78.40306004061432,0.0,0.0,1.0
435000,3,3,2,313.0,-0.2092122,-78.41198709999999,0.0,0.0,1.0
285000,6,6,4,323.0,-0.146105479940711,-78.48142738366697,0.0,0.0,1.0
150000,8,3,2,180.0,-0.1316695,-78.496568,0.0,0.0,1.0
1578000,12,10,10,5000.0,-0.2100354,-78.4103189,0.0,0.0,1.0
350000,3,3,2,379.0,-0.1806161,-78.421027,0.0,0.0,1.0
319500,8,5,6,728.0,-0.1388314,-78.46993259999999,0.0,0.0,1.0
480000,6,5,3,600.0,-0.167251025066916,-78.49175955110067,0.0,0.0,1.0
575000,5,5,2,930.0,-0.179583133282,-78.4200710119,0.0,0.0,1.0
339000,3,3,3,413.0,-0.194519871730531,-78.4155543987808,0.0,0.0,1.0
179900,3,3,2,271.0,-0.200341,-78.3807864,0.0,0.0,1.0
63000,3,2,1,110.0,-0.09743944434244,-78.44624369339294,0.0,0.0,1.0
149128,3,2,2,159.0,-0.198507229189575,-78.39342126532928,0.0,0.0,1.0
193000,3,2,2,198.0,-0.121671408723117,-78.47833218966639,0.0,0.0,1.0
91800,3,2,2,110.0,0.000760304333833,-78.45780471846804,0.0,0.0,1.0
79900,2,1,2,99.0,-4.7306675692e-05,-78.44989345874639,0.0,0.0,1.0
74950,2,2,1,125.0,-0.041347599999999,-78.4554745,0.0,0.0,1.0
150000,3,3,2,232.0,-0.26889266079567,-78.45498556207276,0.0,0.0,1.0
230000,4,5,4,500.0,-0.292162070468,-78.456054981,0.0,0.0,1.0
100500,3,2,2,102.0,-0.219585,-78.3394683,0.0,0.0,1.0
101990,3,2,2,130.0,-0.254318971434104,-78.44373727615887,0.0,0.0,1.0
730000,3,4,2,1547.0,-0.1975822,-78.427282,0.0,0.0,1.0
180000,5,3,2,550.0,-0.12834675034378,-78.48633170199128,0.0,0.0,1.0
210000,5,2,1,415.0,-0.144622393202826,-78.49378253254088,0.0,0.0,1.0
130000,6,2,5,457.0,-0.2976535,-78.5394859,0.0,0.0,1.0
148682,4,3,2,144.0,-0.3180508,-78.4474422,0.0,0.0,1.0
1600000,4,4,6,1600.0,-0.2009974,-78.43303809999999,0.0,0.0,1.0
400000,5,5,3,425.0,-0.202512175183638,-78.48362063221471,0.0,0.0,1.0
320000,4,3,4,357.0,-0.0639882,-78.3500875,0.0,0.0,1.0
89900,3,3,1,110.0,-0.267768922738465,-78.46552811271978,0.0,0.0,1.0
89900,3,2,1,147.0,-0.1038246,-78.4400098,0.0,0.0,1.0
165000,4,2,2,170.0,-0.200997399999999,-78.4330381,0.0,0.0,1.0
52000,2,2,1,47.0,-0.304915552449703,-78.42210308604734,0.0,0.0,1.0
150000,4,4,2,364.0,-0.161270286284448,-78.49981427159948,0.0,0.0,1.0
225000,4,5,3,280.0,-0.218147,-78.38493369999999,0.0,0.0,1.0
200000,3,3,2,165.0,-0.1861696,-78.3555238,0.0,0.0,1.0
225000,3,3,2,237.0,-0.1804328,-78.43793,0.0,0.0,1.0
180000,3,2,2,160.0,-0.2141043,-78.4422812,0.0,0.0,1.0
229500,3,3,2,230.0,-0.206278691819614,-78.36592072695758,0.0,0.0,1.0
280000,12,10,4,304.0,-0.261404258707057,-78.54806874606767,0.0,0.0,1.0
155000,2,2,2,227.0,-0.225975660415462,-78.44779492065429,0.0,0.0,1.0
299000,3,3,2,210.0,-0.2215177,-78.5146281,0.0,0.0,1.0
476774,3,3,4,387.0,-0.230747399999999,-78.3912078,0.0,0.0,1.0
320000,3,3,2,250.0,-0.2094066,-78.4374388,0.0,0.0,1.0
250000,3,2,1,219.0,-0.20625828516623,-78.39585686577608,0.0,0.0,1.0
900000,4,4,4,1230.0,-0.190929984913269,-78.41361494386545,0.0,0.0,1.0
650000,5,4,4,652.0,-0.1817274,-78.4754603,0.0,0.0,1.0
237000,4,4,5,450.0,-0.1222076,-78.4986102,0.0,0.0,1.0
350000,4,3,2,1091.0,-0.210690999999999,-78.3955986,0.0,0.0,1.0
74900,3,2,1,89.0,-0.3059121,-78.4699073,0.0,0.0,1.0
640000,3,3,4,863.0,-0.204431499999999,-78.4369215,0.0,0.0,1.0
149000,3,3,2,170.0,-0.217407204501282,-78.4002978301941,0.0,0.0,1.0
300000,10,4,4,417.0,-0.164986473034341,-78.47884087829573,0.0,0.0,1.0
435000,4,4,2,630.0,-0.199340216078092,-78.42866582550602,0.0,0.0,1.0
75000,3,2,1,147.0,-0.0785515,-78.45989329999999,0.0,0.0,1.0
90000,4,3,1,223.0,-0.057060399999999,-78.4613281,0.0,0.0,1.0
215000,3,9,5,650.0,-0.1602499,-78.48017329999999,0.0,0.0,1.0
890000,3,5,5,1275.0,-0.13775560506943,-78.4726147791447,0.0,0.0,1.0
680000,4,3,4,3000.0,-0.222557599999999,-78.4158646,0.0,0.0,1.0
180000,3,2,2,365.0,-0.221110117940105,-78.39866859495872,0.0,0.0,1.0
73000,3,2,1,140.0,-0.084242790386718,-78.41885447502138,0.0,0.0,1.0
999937,4,3,5,1007.0,-0.183676093671287,-78.446543080998,0.0,0.0,1.0
129900,3,3,2,140.0,-0.282467899999999,-78.4634005,0.0,0.0,1.0
149000,4,2,2,256.0,-0.1222845,-78.4750519,0.0,0.0,1.0
85000,3,2,2,148.0,-0.117018248383835,-78.4378303738977,0.0,0.0,1.0
615000,7,5,4,896.0,-0.187716563351298,-78.44584938935485,0.0,0.0,1.0
50000,3,1,2,100.0,-0.199368405885768,-78.32668784563005,0.0,0.0,1.0
286000,3,3,2,203.0,-0.215152199999999,-78.4320385,0.0,0.0,1.0
82000,4,2,1,251.0,-0.316962408477954,-78.56340224655762,0.0,0.0,1.0
250000,2,2,1,160.0,-0.1201263,-78.3333292,0.0,0.0,1.0
454000,3,3,2,340.0,-0.2273379,-78.3877778,0.0,0.0,1.0
615000,4,5,4,626.0,-0.166297678695997,-78.43344328307305,0.0,0.0,1.0
220000,4,3,4,446.0,-0.2648336,-78.4766878,0.0,0.0,1.0
285000,3,2,4,410.0,-0.151841554379006,-78.3767772984375,0.0,0.0,1.0
99000,3,2,1,125.0,-0.129929526551149,-78.47187724596328,0.0,0.0,1.0
95000,4,2,1,174.0,-0.08508983708159,-78.47263989140168,0.0,0.0,1.0
99000,3,2,2,224.0,-0.327893221064129,-78.41422566395416,0.0,0.0,1.0
380000,4,2,2,1000.0,-0.278382599999999,-78.5409063,0.0,0.0,1.0
110000,3,2,2,155.0,-0.085273299999999,-78.4726989,0.0,0.0,1.0
230000,2,1,3,500.0,-0.1822568,-78.4159741,0.0,0.0,1.0
389000,3,4,2,1204.0,-0.170372899999999,-78.4776503,0.0,0.0,1.0
420000,3,3,4,300.0,-0.1567987,-78.46240639999999,0.0,0.0,1.0
295000,4,5,2,367.0,-0.20976832631,-78.3974010445,0.0,0.0,1.0
1600000,5,6,5,1688.0,-0.2089947,-78.4304294,0.0,0.0,1.0
350000,3,2,3,360.0,-0.2267731,-78.45435789999999,0.0,0.0,1.0
280000,8,4,6,553.0,-0.173874728719671,-78.47847722076264,0.0,0.0,1.0
105000,3,2,2,207.0,-0.0843837,-78.5054871,0.0,0.0,1.0
345000,3,3,4,300.0,-0.1827341,-78.3557286,0.0,0.0,1.0
500000,5,4,4,1500.0,-0.219638699999999,-78.382263,0.0,0.0,1.0
285000,3,3,2,284.0,-0.2107223,-78.4154956,0.0,0.0,1.0
350000,6,3,1,732.0,-0.151042362671057,-78.47615447962342,0.0,0.0,1.0
370000,3,3,4,400.0,-0.210690999999999,-78.3955986,0.0,0.0,1.0
199900,3,3,4,243.0,-0.1893476,-78.4979774,0.0,0.0,1.0
80000,3,2,1,266.0,-0.3216357,-78.4562021,0.0,0.0,1.0
130000,3,2,2,165.0,-0.3108229,-78.4938761,0.0,0.0,1.0
790000,4,4,4,997.0,-0.2061581,-78.413183,0.0,0.0,1.0
79000,9,7,2,324.0,-0.1224086,-78.4652483,0.0,0.0,1.0
850000,5,5,4,1200.0,-0.167792761337452,-78.44503232593385,0.0,0.0,1.0
158000,3,3,2,123.0,-0.181152575605,-78.4400767749,0.0,0.0,1.0
1600000,5,5,9,2813.0,-0.1567987,-78.46240639999999,0.0,0.0,1.0
190000,3,3,4,670.0,-0.0289767761001,-78.4441395979,0.0,0.0,1.0
240000,3,2,2,320.0,-0.2126512,-78.4207327,0.0,0.0,1.0
408000,3,4,4,744.0,-0.154901051950715,-78.37251658236083,0.0,0.0,1.0
455000,3,3,4,2200.0,-0.155602,-78.37284559999999,0.0,0.0,1.0
138000,3,4,3,180.0,-0.318627760809528,-78.47022304463576,0.0,0.0,1.0
1285000,5,6,3,1400.0,-0.2107252,-78.4410895,0.0,0.0,1.0
69000,3,2,1,139.0,-0.0967956253102,-78.4595900455,0.0,0.0,1.0
70000,3,2,1,138.0,-0.139140992530141,-78.5036500732941,0.0,0.0,1.0
162000,3,3,4,354.0,-0.262592452376823,-78.49120470680437,0.0,0.0,1.0
380000,3,4,2,332.0,-0.193217699999999,-78.3871895,0.0,0.0,1.0
195000,3,2,2,263.0,-0.027125282749585,-78.44156439042968,0.0,0.0,1.0
125000,5,4,3,474.0,-0.251570221792999,-78.4921467591,0.0,0.0,1.0
180000,3,3,2,219.0,-0.214794,-78.3913347,0.0,0.0,1.0
750000,3,3,4,2500.0,-0.155636118981165,-78.37696033930293,0.0,0.0,1.0
230000,5,3,2,280.0,-0.2151522,-78.43203849999999,0.0,0.0,1.0
50000,3,1,1,90.0,0.002789833897403,-78.43950711151733,0.0,0.0,1.0
90000,3,2,1,212.0,-0.2705185,-78.46951109999999,0.0,0.0,1.0
86000,3,3,2,189.0,-0.024225374577703,-78.45122300049438,0.0,0.0,1.0
182500,6,3,3,395.0,-0.157676616219543,-78.48131977182769,0.0,0.0,1.0
198900,3,3,2,300.0,-0.217793099999999,-78.3857301,0.0,0.0,1.0
500000,6,4,2,685.0,-0.185034785821982,-78.4762055405007,0.0,0.0,1.0
210000,5,6,1,813.0,-0.301203382171999,-78.4814925153,0.0,0.0,1.0
250000,3,3,3,450.0,-0.105142,-78.4834498,0.0,0.0,1.0
990000,5,4,4,2538.0,-0.197334876112469,-78.42153627595758,0.0,0.0,1.0
75000,5,3,1,200.0,-0.10335872557,-78.4575546887,0.0,0.0,1.0
69900,2,2,1,124.0,-0.2590481,-78.5324977,0.0,0.0,1.0
550000,4,4,10,3460.0,-0.297208108132966,-78.48570248337347,0.0,0.0,1.0
210000,4,3,4,267.0,-0.0697341,-78.45956439999999,0.0,0.0,1.0
379000,3,3,2,464.0,-0.204631240564,-78.4113293838,0.0,0.0,1.0
150000,3,2,2,180.0,-0.210691,-78.39559860000001,0.0,0.0,1.0
155000,12,10,4,300.0,-0.086903599999999,-78.4751784,0.0,0.0,1.0
455000,4,4,3,340.0,-0.2273379,-78.3877778,0.0,0.0,1.0
590000,4,5,8,800.0,-0.220503858631374,-78.44836413860322,0.0,0.0,1.0
75000,3,2,2,275.0,-0.350526999999999,-78.440391,0.0,0.0,1.0
267000,3,3,2,611.0,-0.347017399999999,-78.4696676,0.0,0.0,1.0
403000,3,3,2,845.0,-0.231831180145293,-78.45231473614054,0.0,0.0,1.0
153000,4,4,4,170.0,-0.094610565608145,-78.48383040527955,0.0,0.0,1.0
175000,3,3,2,268.0,-0.215152199999999,-78.4320385,0.0,0.0,1.0
320000,3,3,2,367.0,-0.196740824368309,-78.43156164635008,0.0,0.0,1.0
145000,4,3,2,216.0,-0.125723499999999,-78.4734507,0.0,0.0,1.0
414999,4,6,4,728.0,-0.1843953,-78.4317715,0.0,0.0,1.0
1600000,5,9,10,3755.0,-0.1567987,-78.46240639999999,0.0,0.0,1.0
80000,3,2,2,102.0,-0.111224338731,-78.4227103956,0.0,0.0,1.0
255000,5,5,4,680.0,-0.3213665,-78.4422924,0.0,0.0,1.0
210000,3,2,2,204.0,-0.2125302,-78.4310026,0.0,0.0,1.0
130000,4,3,2,208.0,-0.0288142,-78.444555,0.0,0.0,1.0
166000,3,2,2,166.0,-0.206339687360704,-78.41308162472536,0.0,0.0,1.0
120000,6,3,3,256.0,-0.140727999999999,-78.4794171,0.0,0.0,1.0
78000,3,2,1,125.0,-0.0763654,-78.4203175,0.0,0.0,1.0
179000,4,4,2,408.0,-0.308395299999999,-78.4653501,0.0,0.0,1.0
313100,2,2,1,170.0,-0.1177809,-78.335622,0.0,0.0,1.0
950000,3,3,10,1285.0,-0.157027047993135,-78.38725805282593,0.0,0.0,1.0
476970,3,3,4,219.0,-0.2320624,-78.4486364,0.0,0.0,1.0
469900,6,6,8,2900.0,-0.315985855523999,-78.4659585181,0.0,0.0,1.0
200000,3,2,2,254.0,-0.211632430485916,-78.418359401917,0.0,0.0,1.0
845000,4,4,2,1050.0,-0.2009974,-78.43303809999999,0.0,0.0,1.0
2000,5,4,3,550.0,-0.203540994488678,-78.44609774177246,0.0,0.0,1.0
160000,3,3,2,290.0,-0.2881942,-78.4628877,0.0,0.0,1.0
920000,4,4,4,548.0,-0.180843125063775,-78.44680828739988,0.0,0.0,1.0
650000,4,5,6,1004.0,-0.192770270644,-78.4287198995,0.0,0.0,1.0
229500,3,2,6,595.0,-0.194952099999999,-78.37803679999999,0.0,0.0,1.0
89900,3,2,2,174.0,-0.0136352,-78.4441049,0.0,0.0,1.0
230000,7,2,2,450.0,-0.155914051627187,-78.49272362960832,0.0,0.0,1.0
450000,5,5,3,2090.0,-0.304035568932,-78.4526502095,0.0,0.0,1.0
254000,3,3,2,300.0,-0.1782426,-78.4439809,0.0,0.0,1.0
109000,3,3,2,186.0,-0.1405982,-78.4634143,0.0,0.0,1.0
1250000,4,5,1,1374.0,-0.20451125571535,-78.4340550844316,0.0,0.0,1.0
225000,3,3,2,203.0,-0.178652662706278,-78.42094027339277,0.0,0.0,1.0
351900,4,4,2,630.0,-0.178976206498109,-78.39454466063533,0.0,0.0,1.0
200000,3,1,3,610.0,-0.3389211,-78.5604795,0.0,0.0,1.0
63500,3,2,1,100.0,-0.002059599999999,-78.4558364,0.0,0.0,1.0
125000,3,2,2,128.0,-0.0894495,-78.428511,0.0,0.0,1.0
224000,3,4,4,570.0,-0.097929856536083,-78.51039773305014,0.0,0.0,1.0
60000,3,1,1,82.0,-0.3517362,-78.4402689,0.0,0.0,1.0
95000,3,2,1,266.0,-0.3216357,-78.4562021,0.0,0.0,1.0
1600000,4,7,5,1398.0,-0.198138734639066,-78.41740717271628,0.0,0.0,1.0
87000,3,2,1,158.0,-0.077816457373901,-78.47543656958925,0.0,0.0,1.0
790000,4,3,5,997.0,-0.2064315,-78.4175678,0.0,0.0,1.0
166000,4,4,3,295.0,-0.3314841,-78.4254543,0.0,0.0,1.0
455000,3,4,4,2200.0,-0.155602,-78.37284559999999,0.0,0.0,1.0
560000,3,1,4,1083.0,-0.230759949186898,-78.51044428582384,0.0,0.0,1.0
445000,4,3,4,3273.0,-0.3069491,-78.5018999,0.0,0.0,1.0
65000,3,2,1,120.0,-0.333519144063162,-78.46347192454527,0.0,0.0,1.0
139999,3,2,3,303.0,-0.335911499999999,-78.4805112,0.0,0.0,1.0
65000,3,2,1,117.0,-0.077749999999999,-78.4114515,0.0,0.0,1.0
580000,4,4,2,750.0,-0.2178331,-78.4527441,0.0,0.0,1.0
240000,7,7,7,290.0,-0.0971498,-78.474984,0.0,0.0,1.0
400000,3,4,10,4218.0,-0.06221,-78.3505847,0.0,0.0,1.0
105000,4,3,2,174.0,-0.271369099999999,-78.4576007,0.0,0.0,1.0
220000,4,4,2,375.0,-0.1535708,-78.4976695,0.0,0.0,1.0
1140000,4,3,6,1375.0,-0.201335099999999,-78.4302186,0.0,0.0,1.0
1600000,4,5,4,2086.0,-0.1900037,-78.4131977,0.0,0.0,1.0
98500,3,2,1,93.0,-0.221034755711805,-78.35362975683434,0.0,0.0,1.0
598000,3,5,5,736.0,-0.197983148168101,-78.42276798212878,0.0,0.0,1.0
275000,6,6,2,293.0,-0.195033946219284,-78.50997843124388,0.0,0.0,1.0
800000,5,5,5,2500.0,-0.304968999999999,-78.44891659999999,0.0,0.0,1.0
380000,3,3,4,346.0,-0.204959499999999,-78.4083949,0.0,0.0,1.0
179900,3,2,3,262.0,-0.2653557,-78.48970039999999,0.0,0.0,1.0
890000,4,4,6,1027.0,-0.2457898,-78.4421087,0.0,0.0,1.0
398000,3,3,5,1000.0,-0.194123859406784,-78.38211410271516,0.0,0.0,1.0
326000,3,3,2,252.0,-0.2215177,-78.5146281,0.0,0.0,1.0
99000,4,2,2,199.0,-0.321774821350687,-78.47417418150634,0.0,0.0,1.0
799000,4,5,6,1100.0,-0.2202048,-78.4231761,0.0,0.0,1.0
365000,4,3,3,945.0,-0.2881942,-78.4628877,0.0,0.0,1.0
250000,4,3,5,1217.0,-0.309292791263093,-78.46062854246674,0.0,0.0,1.0
1600000,4,4,10,5000.0,-0.206278691819614,-78.36592072695758,0.0,0.0,1.0
800000,4,3,3,934.0,-0.1798009,-78.4492221,0.0,0.0,1.0
225000,12,6,3,500.0,-0.0885311,-78.4734955,0.0,0.0,1.0
550000,5,7,4,700.0,-0.180179573779109,-78.47526310000002,0.0,0.0,1.0
570000,4,7,10,1099.0,-0.032123416957369,-78.31378573965453,0.0,0.0,1.0
270000,3,3,2,337.0,-0.179408865282231,-78.3682049447052,0.0,0.0,1.0
415000,2,4,2,2140.0,-0.174907749141123,-78.36281472891837,0.0,0.0,1.0
165000,3,2,2,226.0,-0.234387,-78.44521999999999,0.0,0.0,1.0
205000,3,2,2,253.0,-0.2009974,-78.43303809999999,0.0,0.0,1.0
290000,3,2,2,445.0,-0.166992699999999,-78.4349586,0.0,0.0,1.0
200000,3,3,2,161.0,-0.199398141955661,-78.38867824124755,0.0,0.0,1.0
200000,3,2,2,585.0,-0.189069999999999,-78.4790376,0.0,0.0,1.0
165000,4,2,2,200.0,-0.3126163,-78.4622723,0.0,0.0,1.0
230000,3,2,2,235.0,-0.2107252,-78.4410895,0.0,0.0,1.0
145000,3,2,2,152.0,-0.31339392889887,-78.46484934655763,0.0,0.0,1.0
278000,3,3,4,230.0,-0.210690999999999,-78.3955986,0.0,0.0,1.0
80000,3,3,1,160.0,-0.105824,-78.4171028,0.0,0.0,1.0
260000,4,3,2,290.0,-0.311233695530016,-78.48099727462159,0.0,0.0,1.0
179000,4,3,3,501.0,-0.026498480387499,-78.4440049085,0.0,0.0,1.0
130000,7,5,2,292.0,-0.118629328661057,-78.49024126523966,0.0,0.0,1.0
160000,3,2,2,202.0,-0.234387,-78.44521999999999,0.0,0.0,1.0
230000,4,3,2,250.0,-0.1984112,-78.3934457,0.0,0.0,1.0
68000,2,1,1,125.0,-0.1228148,-78.4987712,0.0,0.0,1.0
2500,7,3,4,412.0,-0.1385445,-78.48253249999999,0.0,0.0,1.0
210000,5,2,1,415.0,-0.144622393202826,-78.49378253254088,0.0,0.0,1.0
399000,4,3,2,362.0,-0.221088499999999,-78.4513135,0.0,0.0,1.0
380000,4,3,3,497.0,-0.197422299999999,-78.4212162,0.0,0.0,1.0
1200000,5,5,3,855.0,-0.206399745948273,-78.43207759537296,0.0,0.0,1.0
800000,3,3,4,1041.0,-0.1964142,-78.41704539999999,0.0,0.0,1.0
350000,3,2,3,357.0,-0.2183265,-78.444414,0.0,0.0,1.0
98000,5,3,5,408.0,-0.204459,-78.3426905,0.0,0.0,1.0
189900,3,3,2,133.0,-0.225346202136,-78.4464691751,0.0,0.0,1.0
79000,3,2,2,136.0,-0.1394176,-78.505144,0.0,0.0,1.0
1600000,5,5,7,1519.0,-0.198337099999999,-78.417284,0.0,0.0,1.0
125000,5,3,1,180.0,-0.135932,-78.4978861,0.0,0.0,1.0
381800,3,3,2,418.0,-0.216537766910149,-78.42525888055758,0.0,0.0,1.0
230000,4,3,3,1366.0,-0.325996817698726,-78.45577583342808,0.0,0.0,1.0
370000,5,3,2,746.0,-0.2063442,-78.4801943,0.0,0.0,1.0
520000,3,4,8,800.0,-0.221771608837761,-78.44984944945983,0.0,0.0,1.0
338000,4,4,2,350.0,-0.201627,-78.4524188,0.0,0.0,1.0
230000,3,3,3,254.0,-0.192217799999999,-78.3869395,0.0,0.0,1.0
340000,5,2,3,352.0,-0.2068152,-78.5216634,0.0,0.0,1.0
480000,4,4,4,5000.0,-0.225164277222793,-78.34580230889502,0.0,0.0,1.0
590000,4,3,4,800.0,-0.231831180145293,-78.45231473614054,0.0,0.0,1.0
330000,4,3,8,1755.0,-0.0021418,-78.4557418,0.0,0.0,1.0
480000,4,2,2,542.0,-0.1865352,-78.47454820000002,0.0,0.0,1.0
395000,5,6,10,1939.0,-0.3180508,-78.4474422,0.0,0.0,1.0
79000,3,1,1,156.0,-0.2837852,-78.4690659,0.0,0.0,1.0
215000,4,4,6,1200.0,-0.293013257172718,-78.40517139004079,0.0,0.0,1.0
284900,3,3,2,409.0,-0.2107223,-78.4154956,0.0,0.0,1.0
107000,3,2,2,125.0,-0.3000291,-78.4602616,0.0,0.0,1.0
335000,3,2,2,393.0,-0.2049214,-78.40841379999999,0.0,0.0,1.0
195000,3,2,2,236.0,-0.210138799999999,-78.4531858,0.0,0.0,1.0
225000,4,3,2,433.0,-0.317726,-78.4718548,0.0,0.0,1.0
1600000,6,6,2,1603.0,-0.190250964035459,-78.44787123809816,0.0,0.0,1.0
197000,7,5,3,346.0,-0.1252923,-78.4840538,0.0,0.0,1.0
198000,4,3,3,510.0,-0.3053689,-78.44675939999999,0.0,0.0,1.0
350000,4,4,2,500.0,-0.1728797,-78.4965043,0.0,0.0,1.0
87900,4,5,2,150.0,-0.098558928909344,-78.46010329675904,0.0,0.0,1.0
180000,3,3,5,572.0,-0.305886740039,-78.497425745,0.0,0.0,1.0
475000,4,5,4,568.0,-0.197084199999999,-78.4310852,0.0,0.0,1.0
68600,3,2,1,117.0,-0.111798599999999,-78.507024,0.0,0.0,1.0
124000,3,2,2,149.0,-0.0289921,-78.4477442,0.0,0.0,1.0
785000,6,8,6,1171.0,-0.191241665371,-78.4339184728,0.0,0.0,1.0
1600000,5,5,4,1080.0,-0.177175543261056,-78.4242088070898,0.0,0.0,1.0
1600000,4,4,5,4065.0,-0.225762734726779,-78.41421007474354,0.0,0.0,1.0
268000,3,3,3,461.0,-0.1984112,-78.3934457,0.0,0.0,1.0
520000,3,3,4,472.0,-0.204959499999999,-78.4083949,0.0,0.0,1.0
175000,3,3,2,242.0,-0.1812012,-78.356634,0.0,0.0,1.0
95000,4,2,2,170.0,-0.002059599999999,-78.4558364,0.0,0.0,1.0
182954,3,2,2,203.0,-0.198507229189575,-78.39342126532928,0.0,0.0,1.0
240000,3,3,2,250.0,-0.161175934543303,-78.49676598019718,0.0,0.0,1.0
116000,4,4,2,197.0,-0.1400747,-78.5012151,0.0,0.0,1.0
130000,3,2,2,184.0,-0.0400918,-78.4549279,0.0,0.0,1.0
220000,4,3,2,212.0,-0.234387,-78.44522,0.0,0.0,1.0
275000,3,4,2,280.0,-0.2213744,-78.39663289999999,0.0,0.0,1.0
665000,5,6,6,2959.0,-0.0725188,-78.4306783,0.0,0.0,1.0
980000,3,5,2,1090.0,-0.184202399999999,-78.4426302,0.0,0.0,1.0
6000,4,4,4,1600.0,-0.199340216078093,-78.42866582550602,0.0,0.0,1.0
110350,3,2,1,109.0,-0.205823499999999,-78.400392,0.0,0.0,1.0
329900,3,3,4,445.0,-0.1812902,-78.4401166,0.0,0.0,1.0
199000,3,2,2,200.0,-0.1999237,-78.3756967,0.0,0.0,1.0
115000,3,3,2,220.0,-0.087717940277901,-78.4812626648346,0.0,0.0,1.0
202068,3,2,2,185.0,-0.210690999999999,-78.3955986,0.0,0.0,1.0
485000,3,3,3,980.0,-0.234387,-78.44521999999999,0.0,0.0,1.0
169900,4,2,1,220.0,-0.129302746615917,-78.49825543690949,0.0,0.0,1.0
65000,3,2,1,100.0,-0.1180282,-78.50738079999999,0.0,0.0,1.0
65000,3,2,1,120.0,-0.077794029868899,-78.4251048542,0.0,0.0,1.0
320000,6,7,4,378.0,-0.216072922490205,-78.45295738104699,0.0,0.0,1.0
170000,3,3,2,110.0,-0.1568082,-78.4794568,0.0,0.0,1.0
650000,8,10,10,1355.0,-0.1884821,-78.448454,0.0,0.0,1.0
620000,3,3,3,645.0,-0.208795299999999,-78.4386438,0.0,0.0,1.0
660000,6,7,7,615.0,-0.206989499999999,-78.4289169,0.0,0.0,1.0
280000,4,3,2,449.0,-0.1669451,-78.4663127,0.0,0.0,1.0
225000,3,3,2,205.0,-0.215152199999999,-78.43203849999999,0.0,0.0,1.0
200000,6,4,2,300.0,-0.119448836616015,-78.48544015944655,0.0,0.0,1.0
630000,5,4,3,1180.0,-0.1953033,-78.4360767,0.0,0.0,1.0
74500,4,2,1,216.0,-0.2658687,-78.4722715,0.0,0.0,1.0
320000,4,3,2,310.0,-0.2009974,-78.43303809999999,0.0,0.0,1.0
285000,2,2,3,410.0,-0.174405472543,-78.3594093069,0.0,0.0,1.0
319000,3,3,10,1434.0,-0.1185138,-78.4978455,0.0,0.0,1.0
199000,12,8,1,320.0,-0.002059599999999,-78.4558364,0.0,0.0,1.0
128000,4,2,2,214.0,-0.310854071321838,-78.48829666508178,0.0,0.0,1.0
375000,3,4,4,400.0,-0.2207396,-78.4239475,0.0,0.0,1.0
750000,5,5,4,1200.0,-0.206278691819614,-78.36592072695758,0.0,0.0,1.0
280000,11,5,4,312.0,-0.162871126161822,-78.47897819762267,0.0,0.0,1.0
55000,3,1,2,138.0,-0.089673,-78.4403543,0.0,0.0,1.0
450000,3,4,6,980.0,-0.182538111041038,-78.4228505152362,0.0,0.0,1.0
368900,3,3,2,245.0,-0.2246217,-78.4142471,0.0,0.0,1.0
220000,8,4,3,400.0,-0.2430834,-78.5208239,0.0,0.0,1.0
120000,4,4,2,140.0,-0.141002999999999,-78.5008343,0.0,0.0,1.0
700000,4,5,10,3310.0,-0.190405694000835,-78.4982574569103,0.0,0.0,1.0
100000,3,2,1,90.0,-0.206278691819614,-78.36592072695758,0.0,0.0,1.0
124000,3,2,2,160.0,-0.1291728,-78.4446537,0.0,0.0,1.0
105000,3,3,2,201.0,-0.295392162426632,-78.47969573045825,0.0,0.0,1.0
259000,3,3,2,246.0,-0.179875124631158,-78.44345274409791,0.0,0.0,1.0
180000,4,3,2,240.0,-0.1031751,-78.512015,0.0,0.0,1.0
395000,7,3,3,834.0,-0.122888155821,-78.4839469434,0.0,0.0,1.0
1300000,3,3,3,1102.0,-0.209406599999999,-78.4374388,0.0,0.0,1.0
109999,3,2,1,160.0,-0.1346785,-78.5090919,0.0,0.0,1.0
240000,5,4,3,297.0,-0.157856,-78.4778503,0.0,0.0,1.0
180000,3,3,2,182.0,-0.1083165,-78.5114244,0.0,0.0,1.0
685000,4,4,3,1176.0,-0.2049595,-78.40839489999999,0.0,0.0,1.0
680,1,1,1,120.0,-0.193849445897664,-78.47806384113908,0.0,0.0,1.0
175000,3,2,2,146.0,-0.1762263,-78.3703975,0.0,0.0,1.0
48000,3,2,1,98.0,-0.0891264,-78.42804799999999,0.0,0.0,1.0
89000,3,3,1,123.0,-0.0838676,-78.4341104,0.0,0.0,1.0
82000,3,2,1,80.0,-0.2031686,-78.3841755,0.0,0.0,1.0
64000,3,2,1,102.0,0.002032,-78.4453675,0.0,0.0,1.0
600000,3,3,2,900.0,-0.1972898,-78.4447019,0.0,0.0,1.0
330000,5,6,10,450.0,-0.1472583,-78.5020103,0.0,0.0,1.0
65000,7,5,3,423.0,-0.2539365,-78.5111589,0.0,0.0,1.0
400000,3,3,3,580.0,-0.188964,-78.4476142,0.0,0.0,1.0
240000,8,4,2,240.0,-0.0807419,-78.4120093,0.0,0.0,1.0
210000,3,3,2,278.0,-0.2045629,-78.4030686,0.0,0.0,1.0
93000,4,3,1,170.0,-0.206117830184,-78.5223715032,0.0,0.0,1.0
430000,5,4,5,1010.0,-0.305870204523888,-78.47075628727231,0.0,0.0,1.0
1600000,3,3,10,5000.0,-0.2049595,-78.40839489999999,0.0,0.0,1.0
469000,4,5,4,809.0,-0.1943944,-78.4251809,0.0,0.0,1.0
230000,4,4,2,235.0,-0.1967032,-78.4828957,0.0,0.0,1.0
119000,4,4,2,168.0,-0.1229862,-78.4759048,0.0,0.0,1.0
169000,3,2,2,149.0,-0.2110114,-78.4063683,0.0,0.0,1.0
335000,3,4,4,410.0,-0.300910869584506,-78.46228587120328,0.0,0.0,1.0
142000,3,2,2,186.0,-0.2320259,-78.3369554,0.0,0.0,1.0
112000,4,4,2,200.0,-0.140854008917,-78.501849799,0.0,0.0,1.0
150000,9,7,1,273.0,-0.0908203,-78.4808945,0.0,0.0,1.0
350000,7,6,2,200.0,-0.2098786,-78.4829794,0.0,0.0,1.0
110000,3,2,2,180.0,-0.3214226,-78.47407529999998,0.0,0.0,1.0
320000,5,3,3,461.0,-0.196676582981168,-78.43041187456055,0.0,0.0,1.0
135500,3,2,2,141.0,-0.2320259,-78.3369554,0.0,0.0,1.0
478000,3,2,3,500.0,-0.2038414,-78.4496168,0.0,0.0,1.0
380000,3,3,4,444.0,-0.2107252,-78.4410895,0.0,0.0,1.0
77500,3,3,1,151.0,-0.11666410536896,-78.443959322229,0.0,0.0,1.0
99000,4,2,3,187.0,-0.089137128823066,-78.43060146298215,0.0,0.0,1.0
61900,3,2,1,99.0,0.00188630002974,-78.4453965714,0.0,0.0,1.0
759900,3,4,2,550.0,-0.142704752396617,-78.4827836680369,0.0,0.0,1.0
420000,3,3,3,500.0,-0.20609037348467,-78.4289015422363,0.0,0.0,1.0
165000,4,3,2,230.0,-0.024431639216265,-78.43626580132751,0.0,0.0,1.0
150000,4,3,1,200.0,-0.0932474,-78.4623417,0.0,0.0,1.0
115000,4,2,3,200.0,-0.277540418223438,-78.47233706137695,0.0,0.0,1.0
528500,4,3,8,1117.0,-0.1022752,-78.4811651,0.0,0.0,1.0
319900,3,3,2,286.0,-0.2038414,-78.4496168,0.0,0.0,1.0
249000,3,3,2,280.0,-0.221133466060444,-78.41329747514936,0.0,0.0,1.0
25000,2,2,1,122.0,-0.0505342,-78.4487171,0.0,0.0,1.0
550000,4,4,2,1000.0,-0.16419585477659,-78.44344126375428,0.0,0.0,1.0
80990,3,2,2,105.0,-0.322737842669987,-78.48874010688478,0.0,0.0,1.0
210000,3,3,2,220.0,-0.2013759,-78.4278941,0.0,0.0,1.0
69000,3,2,1,80.0,-0.040091799999999,-78.4549279,0.0,0.0,1.0
785000,4,6,4,807.0,-0.211130454311947,-78.42960353514363,0.0,0.0,1.0
240000,3,3,3,283.0,-0.179021,-78.4379041,0.0,0.0,1.0
78900,3,2,1,160.0,-0.107701515268419,-78.4625146651123,0.0,0.0,1.0
83000,3,2,1,141.0,-0.2923801,-78.46809019999999,0.0,0.0,1.0
160000,4,2,2,250.0,-0.1820892,-78.4922394,0.0,0.0,1.0
115000,3,2,2,118.0,-0.319784529352,-78.4390864571,0.0,0.0,1.0
160000,3,2,2,217.0,-0.21537668447581,-78.40123972586443,0.0,0.0,1.0
155000,3,2,3,166.0,-0.071966102626852,-78.47700064865721,0.0,0.0,1.0
650000,4,4,4,750.0,-0.191184976859357,-78.42714449573974,0.0,0.0,1.0
450000,5,4,3,588.0,-0.1606761,-78.4544211,0.0,0.0,1.0
255000,6,5,3,886.0,-0.1405982,-78.4634143,0.0,0.0,1.0
285000,9,5,6,585.0,-0.146238104003107,-78.50100772564541,0.0,0.0,1.0
199000,3,2,2,244.0,-0.2256893,-78.3922181,0.0,0.0,1.0
86000,3,2,2,122.0,-0.089274927156866,-78.42648988018135,0.0,0.0,1.0
195000,5,3,2,188.0,-0.253337199999999,-78.5476296,0.0,0.0,1.0
598000,3,4,4,374.0,-0.1952082,-78.4159498,0.0,0.0,1.0
215000,3,2,2,198.0,-0.200904460115999,-78.4497289688,0.0,0.0,1.0
110000,3,1,1,196.0,-0.215586281356003,-78.49229323184663,0.0,0.0,1.0
220000,4,4,3,325.0,-0.1405982,-78.4634143,0.0,0.0,1.0
650000,4,5,4,661.0,-0.2069775,-78.4201235,0.0,0.0,1.0
168000,4,2,2,247.0,-0.123884784392957,-78.47649903585882,0.0,0.0,1.0
420000,4,3,3,350.0,-0.2124452,-78.43753620000001,0.0,0.0,1.0
358000,3,3,2,400.0,-0.168051780463,-78.4396680714,0.0,0.0,1.0
800000,3,3,4,1980.0,-0.219674907896364,-78.39453236054123,0.0,0.0,1.0
450000,5,6,5,1108.0,-0.306949099999999,-78.5018999,0.0,0.0,1.0
79000,4,3,2,207.0,-0.1024283,-78.4632574,0.0,0.0,1.0
445000,5,4,10,1988.0,-0.300275599999999,-78.5037961,0.0,0.0,1.0
360000,3,3,2,293.0,-0.204959499999999,-78.4083949,0.0,0.0,1.0
220000,3,2,2,280.0,-0.211806791366167,-78.41905183562623,0.0,0.0,1.0
175000,3,3,3,494.0,-0.309782,-78.4824448,0.0,0.0,1.0
240000,3,2,2,215.0,-0.205238817921999,-78.422495019,0.0,0.0,1.0
765000,4,4,4,878.0,-0.211312026277574,-78.44114394949038,0.0,0.0,1.0
214000,3,3,2,282.0,-0.215572999999999,-78.39555849999999,0.0,0.0,1.0
75000,3,2,1,134.0,-0.091021652111504,-78.47502916903382,0.0,0.0,1.0
260000,4,3,4,729.0,-0.140415466389431,-78.4655951084152,0.0,0.0,1.0
660000,9,4,6,913.0,-0.198417965517486,-78.48233276721507,0.0,0.0,1.0
1520000,12,10,10,1500.0,-0.171768451518675,-78.47343087724609,0.0,0.0,1.0
540000,4,4,4,1880.0,-0.206989499999999,-78.4289169,0.0,0.0,1.0
89000,5,3,2,385.0,-0.100012928164939,-78.43421391851405,0.0,0.0,1.0
400000,3,3,2,480.0,-0.167527199999999,-78.3636355,0.0,0.0,1.0
160000,4,3,2,246.0,-0.154552903158894,-78.49994285844421,0.0,0.0,1.0
335000,3,3,4,512.0,-0.212147606956537,-78.41829916242678,0.0,0.0,1.0
189000,5,5,2,404.0,-0.117393399999999,-78.4836829,0.0,0.0,1.0
215000,3,3,2,193.0,-0.180284863514698,-78.3579377881134,0.0,0.0,1.0
820000,4,5,6,823.0,-0.105777862011003,-78.50743365795819,0.0,0.0,1.0
204000,3,2,3,167.0,-0.210691,-78.39559860000001,0.0,0.0,1.0
175000,3,2,2,185.0,-0.1921023,-78.4884107,0.0,0.0,1.0
155000,4,3,2,300.0,-0.119662,-78.4817869,0.0,0.0,1.0
169000,4,4,4,468.0,-0.1057005,-78.497561,0.0,0.0,1.0
500000,4,4,4,511.0,-0.2063442,-78.4801943,0.0,0.0,1.0
1300000,4,4,5,650.0,-0.181399469477274,-78.44691839994621,0.0,0.0,1.0
103000,3,2,2,120.0,-0.027949,-78.438328,0.0,0.0,1.0
258000,3,4,2,360.0,-0.221389799999999,-78.3966673,0.0,0.0,1.0
183600,3,3,2,187.0,-0.221220899999999,-78.3877468,0.0,0.0,1.0
270000,3,2,2,370.0,-0.14610547994071,-78.48142738366697,0.0,0.0,1.0
85000,3,2,1,110.0,-0.140385607584032,-78.50565465396728,0.0,0.0,1.0
1000000,3,3,4,593.0,-0.182971699999999,-78.3829753,0.0,0.0,1.0
76000,4,3,1,139.0,-0.0891264,-78.42804799999999,0.0,0.0,1.0
650000,4,4,6,995.0,-0.1842024,-78.4426302,0.0,0.0,1.0
285000,4,3,3,395.0,-0.215247296868721,-78.41924887412252,0.0,0.0,1.0
80000,3,2,1,106.0,-0.2990035,-78.4798725,0.0,0.0,1.0
144999,4,3,3,305.0,-0.1012841,-78.5048399,0.0,0.0,1.0
445000,3,4,3,460.0,-0.220067102902569,-78.44398915935831,0.0,0.0,1.0
165000,2,2,10,363.0,-0.1305225,-78.4693748,0.0,0.0,1.0
520000,5,4,3,1089.0,-0.305441057188123,-78.47384619205747,0.0,0.0,1.0
212000,3,3,2,342.0,-0.2037002,-78.4040314,0.0,0.0,1.0
205000,3,4,2,200.0,-0.211887812019813,-78.41240105053609,0.0,0.0,1.0
115000,3,2,1,183.0,-0.2173116,-78.4109204,0.0,0.0,1.0
795000,4,4,4,1996.0,-0.200383366685285,-78.42185017235259,0.0,0.0,1.0
225000,4,2,2,208.0,-0.210690999999999,-78.3955986,0.0,0.0,1.0
162435,3,2,2,217.0,-0.208396452131273,-78.38891029357912,0.0,0.0,1.0
97000,3,2,2,116.0,-0.330287974852,-78.4751814503,0.0,0.0,1.0
70000,3,3,1,5000.0,-0.039581747010499,-78.454481343,0.0,0.0,1.0
229500,3,3,2,208.0,-0.182054033203356,-78.36436313624574,0.0,0.0,1.0
690000,3,4,4,1290.0,-0.1682588,-78.4446717,0.0,0.0,1.0
282000,3,3,2,190.0,-0.2151522,-78.43203849999999,0.0,0.0,1.0
315000,4,3,2,262.0,-0.185664064980999,-78.3650350073,0.0,0.0,1.0
190000,5,4,2,254.0,-0.028220150930126,-78.44668932086677,0.0,0.0,1.0
600000,12,10,5,1279.0,-0.162546014299284,-78.49459194403623,0.0,0.0,1.0
55000,2,1,1,165.0,-0.0984254,-78.4212402,0.0,0.0,1.0
145000,4,3,2,216.0,-0.125723499999999,-78.4734507,0.0,0.0,1.0
330000,9,10,10,1250.0,-0.2320259,-78.3369554,0.0,0.0,1.0
45000,4,1,2,283.0,-0.2806813,-78.4874248,0.0,0.0,1.0
137000,5,4,3,265.0,-0.366569299999999,-78.5478048,0.0,0.0,1.0
79000,4,3,2,207.0,-0.1024283,-78.4632574,0.0,0.0,1.0
62000,3,2,1,90.0,-0.093560494842198,-78.4303539817062,0.0,0.0,1.0
84000,3,2,1,80.0,0.000397828766247,-78.43808122730184,0.0,0.0,1.0
60000,3,1,1,82.0,-0.3517362,-78.4402689,0.0,0.0,1.0
154000,6,2,4,340.0,-0.219535885623408,-78.48672514079207,0.0,0.0,1.0
1100000,3,4,5,1230.0,-0.1915084,-78.42368429999999,0.0,0.0,1.0
63000,3,2,1,110.0,-0.09743944434244,-78.44624369339294,0.0,0.0,1.0
320000,3,3,2,250.0,-0.2094066,-78.4374388,0.0,0.0,1.0
175000,3,2,2,185.0,-0.1921023,-78.4884107,0.0,0.0,1.0
365000,4,3,3,945.0,-0.2881942,-78.4628877,0.0,0.0,1.0
360000,3,3,2,293.0,-0.204959499999999,-78.4083949,0.0,0.0,1.0
145000,3,3,4,317.0,-0.0827884,-78.4141046,0.0,0.0,1.0
199900,3,3,4,243.0,-0.1893476,-78.4979774,0.0,0.0,1.0
109000,5,3,2,290.0,-0.153219097880999,-78.4982733658,0.0,0.0,1.0
398000,3,4,6,664.0,-0.1439555,-78.4636489,0.0,0.0,1.0
1150000,3,3,4,4500.0,-0.1748565,-78.4468117,0.0,0.0,1.0
650000,4,5,4,661.0,-0.2069775,-78.4201235,0.0,0.0,1.0
158000,3,3,2,123.0,-0.181152575605,-78.4400767749,0.0,0.0,1.0
381800,3,3,2,418.0,-0.216537766910149,-78.42525888055758,0.0,0.0,1.0
435000,4,4,2,630.0,-0.199340216078092,-78.42866582550602,0.0,0.0,1.0
79000,3,2,2,183.0,-0.0969103,-78.4265022,0.0,0.0,1.0
162435,3,2,2,217.0,-0.208396452131273,-78.38891029357912,0.0,0.0,1.0
389000,3,4,2,1204.0,-0.170372899999999,-78.4776503,0.0,0.0,1.0
300000,4,4,3,360.0,-0.2218486,-78.4250403,0.0,0.0,1.0
183000,4,3,2,305.0,-0.210690999999999,-78.3955986,0.0,0.0,1.0
399000,4,3,2,362.0,-0.221088499999999,-78.4513135,0.0,0.0,1.0
85000,3,2,2,148.0,-0.117018248383835,-78.4378303738977,0.0,0.0,1.0
650000,4,4,3,1000.0,-0.207742033571647,-78.44651346137698,0.0,0.0,1.0
400000,3,3,2,480.0,-0.167527199999999,-78.3636355,0.0,0.0,1.0
800000,5,7,4,1000.0,-0.204959499999999,-78.4083949,0.0,0.0,1.0
105000,3,3,2,201.0,-0.295392162426632,-78.47969573045825,0.0,0.0,1.0
150000,4,4,2,364.0,-0.161270286284448,-78.49981427159948,0.0,0.0,1.0
390000,7,5,4,649.0,-0.1003722,-78.4986109,0.0,0.0,1.0
162000,3,3,4,354.0,-0.262592452376823,-78.49120470680437,0.0,0.0,1.0
380000,4,2,2,1000.0,-0.278382599999999,-78.5409063,0.0,0.0,1.0
52000,2,2,1,47.0,-0.304915552449703,-78.42210308604734,0.0,0.0,1.0
165000,3,2,2,226.0,-0.234387,-78.44521999999999,0.0,0.0,1.0
150000,3,2,2,150.0,-0.210691,-78.39559860000001,0.0,0.0,1.0
350000,4,3,2,1091.0,-0.210690999999999,-78.3955986,0.0,0.0,1.0
445000,4,3,4,3273.0,-0.3069491,-78.5018999,0.0,0.0,1.0
115000,4,2,3,312.0,-0.335656799999999,-78.46175640000001,0.0,0.0,1.0
270000,3,10,4,446.0,-0.159530399999999,-78.3314447,0.0,0.0,1.0
155000,3,2,2,274.0,-0.2201853,-78.39785,0.0,0.0,1.0
190000,5,4,2,254.0,-0.028220150930126,-78.44668932086677,0.0,0.0,1.0
130000,3,2,2,165.0,-0.3108229,-78.4938761,0.0,0.0,1.0
660000,9,4,6,913.0,-0.198417965517486,-78.48233276721507,0.0,0.0,1.0
120000,6,3,3,256.0,-0.140727999999999,-78.4794171,0.0,0.0,1.0
225000,3,3,2,237.0,-0.1804328,-78.43793,0.0,0.0,1.0
328300,10,6,5,403.0,-0.163165568389916,-78.48263858626068,0.0,0.0,1.0
270000,3,2,2,370.0,-0.14610547994071,-78.48142738366697,0.0,0.0,1.0
990000,3,4,4,1550.0,-0.1906372,-78.447485,0.0,0.0,1.0
70000,3,2,1,138.0,-0.139140992530141,-78.5036500732941,0.0,0.0,1.0
1200000,5,5,3,855.0,-0.206399745948273,-78.43207759537296,0.0,0.0,1.0
330000,3,3,2,489.0,-0.204959499999999,-78.4083949,0.0,0.0,1.0
229335,3,3,2,227.0,-0.220901347974271,-78.40619946665649,0.0,0.0,1.0
109000,3,3,2,186.0,-0.1405982,-78.4634143,0.0,0.0,1.0
149000,4,2,2,256.0,-0.1222845,-78.4750519,0.0,0.0,1.0
585000,4,4,3,500.0,-0.157494912401044,-78.46042495108604,0.0,0.0,1.0
130000,4,3,2,208.0,-0.0288142,-78.444555,0.0,0.0,1.0
820000,4,5,6,823.0,-0.105777862011003,-78.50743365795819,0.0,0.0,1.0
155000,3,3,2,220.0,-0.2507031,-78.4903588,0.0,0.0,1.0
297500,2,2,2,200.0,-0.1201263,-78.3333292,0.0,0.0,1.0
1520000,12,10,10,1500.0,-0.171768451518675,-78.47343087724609,0.0,0.0,1.0
115000,5,3,2,295.0,-0.1238421,-78.4895947,0.0,0.0,1.0
575000,4,4,2,434.0,-0.181024558066579,-78.42641449299016,0.0,0.0,1.0
110000,6,4,1,200.0,-0.1145676,-78.5052322,0.0,0.0,1.0
890000,3,5,5,1275.0,-0.13775560506943,-78.4726147791447,0.0,0.0,1.0
168000,3,3,2,5000.0,-0.086477399999999,-78.46263,0.0,0.0,1.0
99000,4,1,2,185.0,-0.2976226,-78.4449686,0.0,0.0,1.0
360000,3,3,4,390.0,-0.194906699999999,-78.4334061,0.0,0.0,1.0
215000,3,9,5,650.0,-0.1602499,-78.48017329999999,0.0,0.0,1.0
285000,9,5,6,585.0,-0.146238104003107,-78.50100772564541,0.0,0.0,1.0
165000,3,2,2,226.0,-0.234387,-78.44521999999999,0.0,0.0,1.0
800000,4,3,3,934.0,-0.1798009,-78.4492221,0.0,0.0,1.0
172000,3,2,2,190.0,-0.314729867708995,-78.46306397866822,0.0,0.0,1.0
180000,3,2,2,160.0,-0.2141043,-78.4422812,0.0,0.0,1.0
740458,4,4,6,414.0,-0.157771799999999,-78.438971,0.0,0.0,1.0
380000,3,4,2,332.0,-0.193217699999999,-78.3871895,0.0,0.0,1.0
198500,3,2,3,426.0,-0.282159105109287,-78.45928131525879,0.0,0.0,1.0
124000,3,2,2,160.0,-0.1291728,-78.4446537,0.0,0.0,1.0
650000,4,5,6,1004.0,-0.192770270644,-78.4287198995,0.0,0.0,1.0
450000,3,2,4,377.0,-0.17959608678452,-78.47395182380411,0.0,0.0,1.0
225000,4,2,2,208.0,-0.210690999999999,-78.3955986,0.0,0.0,1.0
370000,3,3,4,400.0,-0.210690999999999,-78.3955986,0.0,0.0,1.0
319000,3,3,10,1434.0,-0.1185138,-78.4978455,0.0,0.0,1.0
450000,3,4,6,980.0,-0.182538111041038,-78.4228505152362,0.0,0.0,1.0
229500,3,3,2,208.0,-0.182054033203356,-78.36436313624574,0.0,0.0,1.0
182954,3,2,2,203.0,-0.198507229189575,-78.39342126532928,0.0,0.0,1.0
1350000,4,4,8,2908.0,-0.2089493,-78.4162081,0.0,0.0,1.0
279000,3,2,2,290.0,-0.1665679,-78.4955154,0.0,0.0,1.0
179000,4,3,3,501.0,-0.026498480387499,-78.4440049085,0.0,0.0,1.0
94500,3,2,3,156.0,-0.070758204873334,-78.41121764972975,0.0,0.0,1.0
1000000,3,3,4,593.0,-0.182971699999999,-78.3829753,0.0,0.0,1.0
615000,7,5,4,896.0,-0.187716563351298,-78.44584938935485,0.0,0.0,1.0
169000,3,2,2,149.0,-0.2110114,-78.4063683,0.0,0.0,1.0
540000,4,4,4,1880.0,-0.206989499999999,-78.4289169,0.0,0.0,1.0
166000,4,4,3,295.0,-0.3314841,-78.4254543,0.0,0.0,1.0
400000,5,5,3,425.0,-0.202512175183638,-78.48362063221471,0.0,0.0,1.0
179000,3,2,2,209.0,-0.2111741,-78.4140305,0.0,0.0,1.0
350000,6,3,1,732.0,-0.151042362671057,-78.47615447962342,0.0,0.0,1.0
650000,4,4,4,750.0,-0.191184976859357,-78.42714449573974,0.0,0.0,1.0
230000,4,4,2,235.0,-0.1967032,-78.4828957,0.0,0.0,1.0
45000,2,2,1,150.0,-0.052940092084099,-78.4156178431,0.0,0.0,1.0
225000,3,3,2,203.0,-0.178652662706278,-78.42094027339277,0.0,0.0,1.0
2500,7,3,4,412.0,-0.1385445,-78.48253249999999,0.0,0.0,1.0
95000,3,2,2,122.0,-0.279623,-78.4924958,0.0,0.0,1.0
220000,4,4,3,325.0,-0.1405982,-78.4634143,0.0,0.0,1.0
183600,3,3,2,187.0,-0.221220899999999,-78.3877468,0.0,0.0,1.0
180000,3,2,2,365.0,-0.221110117940105,-78.39866859495872,0.0,0.0,1.0
765000,4,4,4,878.0,-0.211312026277574,-78.44114394949038,0.0,0.0,1.0
200000,3,3,2,161.0,-0.199398141955661,-78.38867824124755,0.0,0.0,1.0
1600000,4,4,6,1600.0,-0.2009974,-78.43303809999999,0.0,0.0,1.0
380000,3,3,4,444.0,-0.2107252,-78.4410895,0.0,0.0,1.0
615000,5,5,4,626.0,-0.166807458654799,-78.43585556798843,0.0,0.0,1.0
1200000,10,10,5,5000.0,-0.174174,-78.4465057,0.0,0.0,1.0
125000,5,4,3,474.0,-0.251570221792999,-78.4921467591,0.0,0.0,1.0
215000,12,10,3,387.0,-0.11192,-78.50687950000001,0.0,0.0,1.0
89900,3,2,1,147.0,-0.1038246,-78.4400098,0.0,0.0,1.0
299000,3,3,2,210.0,-0.2215177,-78.5146281,0.0,0.0,1.0
260000,4,3,4,729.0,-0.140415466389431,-78.4655951084152,0.0,0.0,1.0
350000,4,4,2,500.0,-0.1728797,-78.4965043,0.0,0.0,1.0
139900,5,3,2,239.0,-0.3271793,-78.4263153,0.0,0.0,1.0
790000,4,5,4,997.0,-0.2009974,-78.43303809999999,0.0,0.0,1.0
179000,4,4,2,408.0,-0.308395299999999,-78.4653501,0.0,0.0,1.0
284900,3,3,2,409.0,-0.2107223,-78.4154956,0.0,0.0,1.0
358000,3,3,2,400.0,-0.168051780463,-78.4396680714,0.0,0.0,1.0
200000,3,2,2,254.0,-0.211632430485916,-78.418359401917,0.0,0.0,1.0
379000,3,3,2,464.0,-0.204959499999999,-78.4083949,0.0,0.0,1.0
191600,2,2,2,185.0,-0.121671408723117,-78.47833218966639,0.0,0.0,1.0
450000,3,3,3,506.0,-0.204489773462925,-78.41057605513917,0.0,0.0,1.0
142000,3,2,2,186.0,-0.2320259,-78.3369554,0.0,0.0,1.0
165000,2,2,10,363.0,-0.1305225,-78.4693748,0.0,0.0,1.0
310000,9,5,5,785.0,-0.1539123,-78.4898177,0.0,0.0,1.0
125000,5,3,1,180.0,-0.135932,-78.4978861,0.0,0.0,1.0
553952,4,4,2,514.0,-0.155597074826592,-78.45699906662598,0.0,0.0,1.0
225000,4,5,3,280.0,-0.218147,-78.38493369999999,0.0,0.0,1.0
254000,3,3,2,300.0,-0.1782426,-78.4439809,0.0,0.0,1.0
285000,2,2,3,410.0,-0.174405472543,-78.3594093069,0.0,0.0,1.0
430000,5,4,5,1010.0,-0.305870204523888,-78.47075628727231,0.0,0.0,1.0
205000,3,4,2,200.0,-0.211887812019813,-78.41240105053609,0.0,0.0,1.0
169000,3,3,2,201.0,-0.278382599999999,-78.5409063,0.0,0.0,1.0
200000,3,2,2,585.0,-0.189069999999999,-78.4790376,0.0,0.0,1.0
69000,3,2,1,139.0,-0.0967956253102,-78.4595900455,0.0,0.0,1.0
204000,3,2,3,167.0,-0.210691,-78.39559860000001,0.0,0.0,1.0
165000,4,2,2,200.0,-0.3126163,-78.4622723,0.0,0.0,1.0
220000,4,3,2,212.0,-0.234387,-78.44522,0.0,0.0,1.0
97000,3,2,2,116.0,-0.330287974852,-78.4751814503,0.0,0.0,1.0
351900,4,4,2,630.0,-0.178976206498109,-78.39454466063533,0.0,0.0,1.0
319500,8,5,6,728.0,-0.1388314,-78.46993259999999,0.0,0.0,1.0
98000,3,2,2,173.0,-0.312825073931173,-78.46223088950195,0.0,0.0,1.0
215000,4,4,6,1200.0,-0.293013257172718,-78.40517139004079,0.0,0.0,1.0
172000,4,4,2,302.0,-0.0887829,-78.4791387,0.0,0.0,1.0
215000,3,3,2,193.0,-0.180284863514698,-78.3579377881134,0.0,0.0,1.0
149900,12,5,4,528.0,-0.293708301753,-78.5649505812,0.0,0.0,1.0
290000,3,2,2,445.0,-0.166992699999999,-78.4349586,0.0,0.0,1.0
105000,3,2,2,207.0,-0.0843837,-78.5054871,0.0,0.0,1.0
338000,4,4,2,350.0,-0.201627,-78.4524188,0.0,0.0,1.0
950000,5,4,6,1500.0,-0.1915084,-78.42368429999999,0.0,0.0,1.0
109999,4,2,2,182.0,-0.039758007676811,-78.45582520778245,0.0,0.0,1.0
189000,5,5,2,379.0,-0.110878419944262,-78.48832674621639,0.0,0.0,1.0
115000,4,2,3,200.0,-0.277540418223438,-78.47233706137695,0.0,0.0,1.0
320000,4,3,2,304.0,-0.1671136,-78.4929912,0.0,0.0,1.0
86000,3,2,2,122.0,-0.089274927156866,-78.42648988018135,0.0,0.0,1.0
685000,4,4,3,1176.0,-0.2049595,-78.40839489999999,0.0,0.0,1.0
170000,3,3,2,110.0,-0.1568082,-78.4794568,0.0,0.0,1.0
198900,3,3,2,300.0,-0.217793099999999,-78.3857301,0.0,0.0,1.0
87900,4,5,2,150.0,-0.098558928909344,-78.46010329675904,0.0,0.0,1.0
322000,3,3,2,260.0,-0.180747732309577,-78.44434681376953,0.0,0.0,1.0
180000,3,3,2,182.0,-0.1083165,-78.5114244,0.0,0.0,1.0
110000,3,1,1,196.0,-0.215586281356003,-78.49229323184663,0.0,0.0,1.0
375000,3,4,4,400.0,-0.2207396,-78.4239475,0.0,0.0,1.0
210000,3,2,2,204.0,-0.2125302,-78.4310026,0.0,0.0,1.0
207000,3,3,1,217.0,-0.213668599999999,-78.4134059,0.0,0.0,1.0
90000,4,3,1,223.0,-0.057060399999999,-78.4613281,0.0,0.0,1.0
1600000,4,4,5,4065.0,-0.225762734726779,-78.41421007474354,0.0,0.0,1.0
280000,4,4,2,483.0,-0.330162599999999,-78.4510729,0.0,0.0,1.0
141000,4,3,2,194.0,-0.3285746,-78.4480326,0.0,0.0,1.0
155000,3,2,3,166.0,-0.071966102626852,-78.47700064865721,0.0,0.0,1.0
65000,3,2,1,120.0,-0.333519144063162,-78.46347192454527,0.0,0.0,1.0
275000,6,6,2,293.0,-0.195033946219284,-78.50997843124388,0.0,0.0,1.0
400000,3,2,2,406.0,-0.1953033,-78.4360767,0.0,0.0,1.0
290000,4,6,7,689.0,-0.146636154894956,-78.49803970793461,0.0,0.0,1.0
93000,4,3,1,170.0,-0.206117830184,-78.5223715032,0.0,0.0,1.0
280000,11,5,4,312.0,-0.162871126161822,-78.47897819762267,0.0,0.0,1.0
1600000,4,7,5,1398.0,-0.198138734639066,-78.41740717271628,0.0,0.0,1.0
455000,4,4,3,340.0,-0.2273379,-78.3877778,0.0,0.0,1.0
980000,3,5,2,1090.0,-0.184202399999999,-78.4426302,0.0,0.0,1.0
258000,3,4,2,360.0,-0.221389799999999,-78.3966673,0.0,0.0,1.0
240000,5,4,3,297.0,-0.157856,-78.4778503,0.0,0.0,1.0
155000,3,2,2,177.0,-0.310587,-78.471947,0.0,0.0,1.0
65000,3,2,1,117.0,-0.077749999999999,-78.4114515,0.0,0.0,1.0
454000,3,3,2,340.0,-0.2273379,-78.3877778,0.0,0.0,1.0
199000,6,5,5,502.0,-0.12834675034378,-78.48633170199128,0.0,0.0,1.0
173000,3,3,2,231.0,-0.212082387872486,-78.40448552565088,0.0,0.0,1.0
490000,4,3,10,2267.0,-0.204497871258652,-78.40306004061432,0.0,0.0,1.0
230000,3,2,2,235.0,-0.2107252,-78.4410895,0.0,0.0,1.0
179900,3,2,3,262.0,-0.2653557,-78.48970039999999,0.0,0.0,1.0
195000,3,3,1,286.0,-0.1033625,-78.5020083,0.0,0.0,1.0
230000,3,3,3,254.0,-0.192217799999999,-78.3869395,0.0,0.0,1.0
115000,3,2,2,118.0,-0.319784529352,-78.4390864571,0.0,0.0,1.0
300000,3,3,2,364.0,-0.181357071844963,-78.36788466338652,0.0,0.0,1.0
200000,6,4,2,300.0,-0.119448836616015,-78.48544015944655,0.0,0.0,1.0
790000,4,4,4,997.0,-0.2061581,-78.413183,0.0,0.0,1.0
92000,3,3,1,205.0,-0.113068647396435,-78.49841191006468,0.0,0.0,1.0
189000,4,4,3,296.0,-0.203077053312627,-78.40194961747436,0.0,0.0,1.0
175000,3,3,2,268.0,-0.215152199999999,-78.4320385,0.0,0.0,1.0
320000,3,2,6,950.0,-0.059209085504699,-78.3451459339,0.0,0.0,1.0
129500,4,4,2,170.0,-0.090445955014389,-78.48081668315193,0.0,0.0,1.0
278000,3,3,4,230.0,-0.210690999999999,-78.3955986,0.0,0.0,1.0
128000,4,2,2,214.0,-0.310854071321838,-78.48829666508178,0.0,0.0,1.0
61900,3,2,1,99.0,0.00188630002974,-78.4453965714,0.0,0.0,1.0
107900,3,2,1,108.0,-0.002059599999999,-78.4558364,0.0,0.0,1.0
65000,7,5,3,423.0,-0.2539365,-78.5111589,0.0,0.0,1.0
127900,6,3,1,135.0,-0.1760001,-78.49699389999999,0.0,0.0,1.0
870000,3,3,4,1380.0,-0.175642223702145,-78.3610608027829,0.0,0.0,1.0
160000,3,3,2,290.0,-0.2881942,-78.4628877,0.0,0.0,1.0
76000,3,3,1,144.0,-0.327644,-78.5673547,0.0,0.0,1.0
469000,4,5,4,809.0,-0.1943944,-78.4251809,0.0,0.0,1.0
190000,3,3,2,285.0,-0.1694063,-78.4900266,0.0,0.0,1.0
110000,3,2,2,155.0,-0.085273299999999,-78.4726989,0.0,0.0,1.0
200000,3,3,2,285.0,-0.187088773789579,-78.47265621744384,0.0,0.0,1.0
99000,9,5,1,292.0,-0.0929055,-78.4540329,0.0,0.0,1.0
110350,3,2,1,109.0,-0.205823499999999,-78.400392,0.0,0.0,1.0
68500,8,3,2,290.0,-0.2142238,-78.51070829999999,0.0,0.0,1.0
215000,3,2,2,260.0,-0.22169272338814,-78.42531375734131,0.0,0.0,1.0
180000,3,3,5,572.0,-0.305886740039,-78.497425745,0.0,0.0,1.0
161000,2,3,2,90.0,-0.1943944,-78.4251809,0.0,0.0,1.0
124000,3,2,2,149.0,-0.0289921,-78.4477442,0.0,0.0,1.0
1600000,4,4,6,1100.0,-0.201068756303919,-78.45612672473712,0.0,0.0,1.0
180000,3,2,1,200.0,-0.1763259,-78.4836181,0.0,0.0,1.0
235000,3,3,3,256.0,-0.095085372028309,-78.48312025564087,0.0,0.0,1.0
123000,3,2,2,313.0,-0.2976226,-78.4449686,0.0,0.0,1.0
110000,3,2,2,120.0,-0.198116865695974,-78.37907979199841,0.0,0.0,1.0
489000,4,3,2,500.0,-0.2125302,-78.4310026,0.0,0.0,1.0
274000,3,3,3,350.0,-0.29256785218485,-78.46486886697309,0.0,0.0,1.0
66800,3,2,1,100.0,-0.002144099999999,-78.45576369999999,0.0,0.0,1.0
400000,4,3,2,406.0,-0.1958561,-78.4363209,0.0,0.0,1.0
117000,3,2,2,182.0,-0.306949099999999,-78.5018999,0.0,0.0,1.0
890000,5,5,5,1731.0,-0.1688665,-78.5014759,0.0,0.0,1.0
99500,4,4,3,99.0,-0.2233026,-78.51410469999999,0.0,0.0,1.0
125000,9,3,3,300.0,-0.318060714673442,-78.57187683816755,0.0,0.0,1.0
285000,3,3,2,235.0,-0.2856636,-78.4411659,0.0,0.0,1.0
250000,12,8,2,480.0,-0.1260838,-78.4873319,0.0,0.0,1.0
98416,3,2,2,101.0,-0.262736546828569,-78.48662147232105,0.0,0.0,1.0
830000,4,4,4,1792.0,-0.199139349155,-78.4512206815,0.0,0.0,1.0
460000,5,5,4,500.0,-0.179586155942067,-78.44044100118725,0.0,0.0,1.0
330000,3,3,2,260.0,-0.2210501,-78.4513193,0.0,0.0,1.0
92000,3,2,2,157.0,-0.263053787473694,-78.49004599250995,0.0,0.0,1.0
295000,4,4,2,300.0,-0.197422299999999,-78.4212162,0.0,0.0,1.0
159900,3,3,3,386.0,-0.0122543148431,-78.4543490583,0.0,0.0,1.0
270000,4,3,2,290.0,-0.171579868383129,-78.47446268616616,0.0,0.0,1.0
1190000,4,4,5,1353.0,-0.193720100824999,-78.4246529232,0.0,0.0,1.0
159000,5,3,2,228.0,-0.2661973,-78.4599249,0.0,0.0,1.0
305800,3,4,3,237.0,-0.221884475796979,-78.43309737472991,0.0,0.0,1.0
1400000,5,4,7,1006.0,-0.184034,-78.4421555,0.0,0.0,1.0
205000,3,2,2,140.0,-0.205823499999999,-78.400392,0.0,0.0,1.0
1600000,4,5,4,3267.0,-0.200342926080419,-78.37614071544517,0.0,0.0,1.0
268000,3,3,2,356.0,-0.1567987,-78.4624064,0.0,0.0,1.0
168000,3,2,3,310.0,-0.069734099999999,-78.4595644,0.0,0.0,1.0
449000,4,4,4,510.0,-0.215424799999999,-78.4305937,0.0,0.0,1.0
140000,5,3,2,380.0,-0.113959009740893,-78.49684332338622,0.0,0.0,1.0
90000,3,1,1,128.0,-0.150415300120921,-78.50283168293801,0.0,0.0,1.0
225000,2,3,3,280.0,-0.2311017,-78.4009593,0.0,0.0,1.0
480000,8,10,9,952.0,-0.073590299999999,-78.4786771,0.0,0.0,1.0
129000,3,2,1,155.0,-0.123237456824,-78.485327082,0.0,0.0,1.0
225000,3,3,2,200.0,-0.207682951403209,-78.45487979113624,0.0,0.0,1.0
550000,4,3,4,464.0,-0.2107252,-78.4410895,0.0,0.0,1.0
108000,3,2,2,133.0,-0.155601999999999,-78.3728456,0.0,0.0,1.0
600000,3,3,4,901.0,-0.098846091727958,-78.46331789245808,0.0,0.0,1.0
51900,2,1,1,93.0,-0.064668269916583,-78.41357312559421,0.0,0.0,1.0
165000,3,3,2,160.0,-0.210691,-78.39559860000001,0.0,0.0,1.0
255000,4,5,3,450.0,-0.262248611404329,-78.47079591824341,0.0,0.0,1.0
410000,3,3,2,480.0,-0.155601999999999,-78.3728456,0.0,0.0,1.0
445000,4,4,3,294.0,-0.157570013969594,-78.45778297520637,0.0,0.0,1.0
165000,3,2,3,200.0,-0.318642439637506,-78.4478782389082,0.0,0.0,1.0
350000,4,3,3,488.0,-0.2221587,-78.4486768,0.0,0.0,1.0
256000,3,3,2,429.0,-0.210690999999999,-78.3955986,0.0,0.0,1.0
320000,5,5,3,563.0,-0.1753995,-78.4780985,0.0,0.0,1.0
215000,3,3,2,285.0,-0.210691,-78.39559860000001,0.0,0.0,1.0
790000,3,2,6,939.0,-0.164478168405268,-78.47901274893493,0.0,0.0,1.0
67300,3,3,1,110.0,-0.091624827318038,-78.41614747758788,0.0,0.0,1.0
465000,5,4,3,1088.0,-0.1866608,-78.4222941,0.0,0.0,1.0
215000,3,3,3,324.0,-0.1511538,-78.4748901,0.0,0.0,1.0
108000,4,2,1,200.0,-0.2640513,-78.4848212,0.0,0.0,1.0
138000,3,2,1,173.0,-0.159140442329624,-78.46312524241443,0.0,0.0,1.0
680000,6,5,10,1365.0,-0.140376899999999,-78.4663116,0.0,0.0,1.0
320000,3,3,2,358.0,-0.155601999999999,-78.3728456,0.0,0.0,1.0
750000,7,5,8,858.0,-0.215152199999999,-78.4320385,0.0,0.0,1.0
128000,4,3,2,130.0,-0.0140027637069,-78.4543303629,0.0,0.0,1.0
65000,3,2,2,102.0,-0.085852294766129,-78.43192563464338,0.0,0.0,1.0
243000,12,9,4,828.0,-0.130430935036258,-78.48307814100112,0.0,0.0,1.0
344900,3,4,4,419.0,-0.1807631,-78.4348948,0.0,0.0,1.0
149999,3,2,2,164.0,-0.21066319111719,-78.38622355294797,0.0,0.0,1.0
175000,3,3,2,294.0,-0.1257442,-78.4747861,0.0,0.0,1.0
320000,3,3,4,257.0,-0.202106753583522,-78.44914049188341,0.0,0.0,1.0
450000,4,3,8,1200.0,-0.217833547602147,-78.38529157680598,0.0,0.0,1.0
230000,3,2,2,255.0,-0.216397202245493,-78.40424892655422,0.0,0.0,1.0
380000,4,3,2,290.0,-0.155601999999999,-78.3728456,0.0,0.0,1.0
60000,4,2,1,171.0,-0.294642976657739,-78.55483619629516,0.0,0.0,1.0
79900,3,2,1,125.0,-0.078464779134924,-78.42031567511596,0.0,0.0,1.0
229000,3,3,2,250.0,-0.227304816300681,-78.39214610191931,0.0,0.0,1.0
104900,3,2,2,175.0,-0.29436732090495,-78.46012415730381,0.0,0.0,1.0
615000,4,5,4,520.0,-0.166121485831324,-78.43862501766236,0.0,0.0,1.0
62000,7,2,4,203.0,-0.288733399999999,-78.524434,0.0,0.0,1.0
499900,10,8,10,619.0,-0.162541,-78.4845241,0.0,0.0,1.0
595000,12,10,7,1279.0,-0.16840774794733,-78.49202569519336,0.0,0.0,1.0
95000,3,2,1,220.0,-0.078211759444331,-78.42413931573913,0.0,0.0,1.0
110000,4,3,2,140.0,-0.1180845,-78.48871009999999,0.0,0.0,1.0
215000,4,4,4,500.0,-0.217756341520983,-78.42002372227631,0.0,0.0,1.0
950000,4,4,4,1423.0,-0.226653426754673,-78.43272514550779,0.0,0.0,1.0
220000,3,2,2,345.0,-0.21498,-78.4192433,0.0,0.0,1.0
67000,3,2,1,143.0,-0.090891799999999,-78.4308353,0.0,0.0,1.0
923500,3,3,7,5000.0,-0.1578902,-78.36431189999999,0.0,0.0,1.0
140000,8,6,2,414.0,-0.227084368558332,-78.50204072009886,0.0,0.0,1.0
109000,3,2,1,218.0,-0.113959009740893,-78.49684332338622,0.0,0.0,1.0
104990,3,2,2,120.0,-0.315468038032999,-78.4722555186,0.0,0.0,1.0
178000,3,3,2,198.0,-0.2783826,-78.5409063,0.0,0.0,1.0
114855,3,2,2,140.0,-0.042841299999999,-78.4553641,0.0,0.0,1.0
449000,4,4,4,550.0,-0.170789134924478,-78.49761284788514,0.0,0.0,1.0
320000,3,3,2,480.0,-0.221155437505294,-78.37773506436336,0.0,0.0,1.0
299000,6,4,2,680.0,-0.2096097,-78.4851396,0.0,0.0,1.0
52000,3,1,1,140.0,-0.083719863622939,-78.44351763079477,0.0,0.0,1.0
105000,8,7,1,422.0,-0.3052262,-78.56640430000002,0.0,0.0,1.0
190000,3,2,2,243.0,-0.21498,-78.4192433,0.0,0.0,1.0
200000,3,2,2,150.0,-0.201335099999999,-78.4302186,0.0,0.0,1.0
350000,4,4,2,363.0,-0.2090116,-78.4531696,0.0,0.0,1.0
225000,2,2,2,663.0,-0.198660499999999,-78.3992782,0.0,0.0,1.0
328569,4,4,2,340.0,-0.2256893,-78.3922181,0.0,0.0,1.0
565000,12,10,5,2540.0,-0.192890561399787,-78.38649528049346,0.0,0.0,1.0
420000,3,4,2,738.0,-0.195976775196381,-78.4340805815116,0.0,0.0,1.0
1490000,5,4,4,3380.0,-0.223457199999999,-78.4275966,0.0,0.0,1.0
320000,3,3,2,366.0,-0.201239208457625,-78.42938465752201,0.0,0.0,1.0
294937,3,3,2,215.0,-0.20119337544598,-78.42930983528464,0.0,0.0,1.0
128000,6,3,2,355.0,-0.3279421,-78.5409416,0.0,0.0,1.0
960000,3,2,10,4000.0,-0.028992099999999,-78.4477442,0.0,0.0,1.0
210000,10,8,4,175.0,-0.1349456,-78.4980736,0.0,0.0,1.0
154267,3,1,2,211.0,-0.1839841,-78.493617,0.0,0.0,1.0
1500000,3,5,4,1321.0,-0.197422299999999,-78.4212162,0.0,0.0,1.0
219000,3,2,2,220.0,-0.2234572,-78.4275966,0.0,0.0,1.0
185000,4,3,2,319.0,-0.218147,-78.3849337,0.0,0.0,1.0
93000,3,2,2,103.0,-0.0981188,-78.4487989,0.0,0.0,1.0
748028,4,5,6,1108.0,-0.194982813087119,-78.43354229524539,0.0,0.0,1.0
879937,4,5,4,800.0,-0.210354427187933,-78.43928087329408,0.0,0.0,1.0
129000,3,2,2,197.0,-0.126476699999999,-78.4773646,0.0,0.0,1.0
266666,4,3,2,312.0,-0.188187899999999,-78.4463192,0.0,0.0,1.0
430000,5,4,3,568.0,-0.1054104,-78.5133372,0.0,0.0,1.0
99900,4,3,3,208.0,-0.085610896593199,-78.4274473011,0.0,0.0,1.0
96000,3,2,1,118.0,-0.2736711,-78.4560699,0.0,0.0,1.0
140000,8,7,3,272.0,-0.082716484394556,-78.50254795385892,0.0,0.0,1.0
430000,4,4,3,543.0,-0.182669,-78.4822051,0.0,0.0,1.0
98416,3,2,2,101.0,-0.262736546828569,-78.48662147232105,0.0,0.0,1.0
105000,8,3,1,282.0,-0.2121653,-78.407883,0.0,0.0,1.0
349000,5,4,6,1393.0,-0.234387,-78.44522,0.0,0.0,1.0
1600000,4,4,6,1100.0,-0.201068756303919,-78.45612672473712,0.0,0.0,1.0
320000,4,4,2,610.0,-0.267055078682741,-78.46160130574036,0.0,0.0,1.0
220000,3,3,3,355.0,-0.218774899999999,-78.4383475,0.0,0.0,1.0
825000,6,6,4,800.0,-0.2089947,-78.4304294,0.0,0.0,1.0
345000,4,3,2,290.0,-0.155601999999999,-78.3728456,0.0,0.0,1.0
114000,3,2,2,127.0,-0.0875297,-78.4689224,0.0,0.0,1.0
78500,7,3,1,100.0,-0.1826942,-78.3385192,0.0,0.0,1.0
650000,4,4,4,1004.0,-0.1910536,-78.4273216,0.0,0.0,1.0
285000,3,3,2,235.0,-0.2856636,-78.4411659,0.0,0.0,1.0
1200000,5,4,4,1600.0,-0.1567987,-78.4624064,0.0,0.0,1.0
168000,4,4,2,255.0,-0.270518499999999,-78.4695111,0.0,0.0,1.0
140000,3,2,2,300.0,-0.19045174995406,-78.3891135328129,0.0,0.0,1.0
299000,3,3,2,365.0,-0.2190726,-78.4072049,0.0,0.0,1.0
274000,4,4,3,484.0,-0.216538588380173,-78.39497914285278,0.0,0.0,1.0
115000,3,3,2,165.0,-0.132776545824087,-78.45510810778191,0.0,0.0,1.0
1600000,5,3,2,1800.0,-0.156254699999999,-78.3848319,0.0,0.0,1.0
83000,4,2,1,115.0,-0.092572661826407,-78.41746675233152,0.0,0.0,1.0
235000,3,2,2,318.0,-0.1668073,-78.3782921,0.0,0.0,1.0
370000,4,4,5,520.0,-0.095352,-78.4855977,0.0,0.0,1.0
188000,2,2,2,200.0,-0.174173999999999,-78.4465057,0.0,0.0,1.0
153000,3,2,2,205.0,-0.267771948272,-78.4540615761,0.0,0.0,1.0
1300000,8,2,2,2170.0,-0.195008258719999,-78.4331852787,0.0,0.0,1.0
87000,4,3,2,175.0,-0.039758007676811,-78.45582520778245,0.0,0.0,1.0
230390,3,3,2,164.0,-0.223561299999999,-78.387808,0.0,0.0,1.0
205000,3,3,2,216.0,-0.122653051408908,-78.47797861774077,0.0,0.0,1.0
84000,3,2,1,203.0,-0.314856647592824,-78.47278650979104,0.0,0.0,1.0
355000,4,5,2,750.0,-0.1645539,-78.4820243,0.0,0.0,1.0
179000,5,4,4,294.0,-0.068196210320599,-78.4603636799,0.0,0.0,1.0
93000,3,2,2,154.0,-0.0981188,-78.4487989,0.0,0.0,1.0
260000,4,3,3,371.0,-0.142649899999999,-78.4922442,0.0,0.0,1.0
147000,3,2,3,240.0,-0.2918911,-78.4568094,0.0,0.0,1.0
160000,4,3,2,309.0,-0.066030395597503,-78.47163541543256,0.0,0.0,1.0
420000,3,2,2,410.0,-0.213720619598452,-78.43420372967805,0.0,0.0,1.0
85000,3,2,1,147.0,-0.125730590546021,-78.45541308135789,0.0,0.0,1.0
74000,3,2,2,114.0,-0.085852294766129,-78.43192563464338,0.0,0.0,1.0
298000,3,3,2,190.0,-0.220441748210259,-78.42352368524854,0.0,0.0,1.0
230000,3,2,2,204.0,-0.216089580816999,-78.4179044853,0.0,0.0,1.0
79990,4,2,2,177.0,-0.115672099999999,-78.44519629999999,0.0,0.0,1.0
187000,8,6,3,275.0,-0.2627415,-78.5416195,0.0,0.0,1.0
450000,4,3,2,1117.0,-0.2214021591262,-78.40714024052154,0.0,0.0,1.0
190000,4,3,10,1530.0,-0.018358377979823,-78.45242897247938,0.0,0.0,1.0
69000,6,3,2,161.0,-0.2834698,-78.5237492,0.0,0.0,1.0
125000,3,2,2,149.0,-0.071504356605102,-78.47230489282073,0.0,0.0,1.0
329900,3,3,4,590.0,-0.182383551089147,-78.4431552373764,0.0,0.0,1.0
345500,3,3,2,385.0,-0.209011599999999,-78.4531696,0.0,0.0,1.0
354000,4,3,3,281.0,-0.194723230589,-78.4795429093,0.0,0.0,1.0
325000,8,3,1,657.0,-0.1609663,-78.4796344,0.0,0.0,1.0
143976,3,2,2,208.0,-0.210690999999999,-78.3955986,0.0,0.0,1.0
498000,4,3,6,845.0,-0.2152479,-78.38759,0.0,0.0,1.0
179900,11,6,1,1044.0,-0.2198913,-78.50441049999999,0.0,0.0,1.0
290000,6,6,3,670.0,-0.1291643,-78.4872991,0.0,0.0,1.0
125000,8,4,3,424.0,-0.2621583,-78.549775,0.0,0.0,1.0
340000,4,4,2,1309.0,-0.210690999999999,-78.3955986,0.0,0.0,1.0
320000,4,3,3,554.0,-0.104281191895357,-78.50926828892437,0.0,0.0,1.0
255000,11,7,4,493.0,-0.1400644,-78.4959143,0.0,0.0,1.0
520000,3,3,2,650.0,-0.184825789761709,-78.44749573591173,0.0,0.0,1.0
195000,4,4,4,450.0,-0.226437325252994,-78.35096617991327,0.0,0.0,1.0
595000,4,4,4,1000.0,-0.2107252,-78.44108949999999,0.0,0.0,1.0
250000,1,1,2,396.0,-0.2030685504182,-78.47912650532835,0.0,0.0,1.0
274000,3,3,3,350.0,-0.29256785218485,-78.46486886697309,0.0,0.0,1.0
1250000,5,5,4,1000.0,-0.187637499863233,-78.44810443536461,0.0,0.0,1.0
585000,3,2,6,2475.0,-0.161938395606762,-78.38647744606791,0.0,0.0,1.0
550000,4,4,2,525.0,-0.158268999999999,-78.3769241,0.0,0.0,1.0
358000,3,3,2,262.0,-0.174591032266537,-78.42548248671685,0.0,0.0,1.0
420000,3,3,2,595.0,-0.1577503,-78.438969,0.0,0.0,1.0
329000,3,3,2,423.0,-0.196010242494,-78.3773869498,0.0,0.0,1.0
250000,5,2,2,425.0,-0.207828725031,-78.4858477032,0.0,0.0,1.0
82000,3,2,1,82.0,-0.2010926,-78.3778083,0.0,0.0,1.0
97000,4,2,1,95.0,-0.1911701,-78.49615299999999,0.0,0.0,1.0
87000,3,2,2,122.0,-0.11048750060372,-78.44791200687513,0.0,0.0,1.0
338000,4,4,2,1200.0,-0.023156286198355,-78.45107386383437,0.0,0.0,1.0
245000,3,2,2,186.0,-0.189473473640941,-78.41937153721106,0.0,0.0,1.0
320000,4,4,3,350.0,-0.19329968961053,-78.43238675042431,0.0,0.0,1.0
220285,3,2,2,218.0,-0.208416501967999,-78.3834750153,0.0,0.0,1.0
349900,5,4,2,259.0,-0.209241,-78.395484,0.0,0.0,1.0
579999,4,4,4,1373.0,-0.209024060426031,-78.44533193683168,0.0,0.0,1.0
889999,4,4,4,1171.0,-0.2071277,-78.4269286,0.0,0.0,1.0
78000,3,1,1,115.0,-0.15041530012092,-78.50283168293801,0.0,0.0,1.0
590000,5,4,8,2100.0,-0.1577503,-78.438969,0.0,0.0,1.0
324500,3,3,2,297.0,-0.209011599999999,-78.4531696,0.0,0.0,1.0
1300000,4,5,4,1280.0,-0.180668999999999,-78.4436533,0.0,0.0,1.0
45500,2,1,1,72.0,-0.0817464,-78.4254734,0.0,0.0,1.0
330000,3,3,2,260.0,-0.2210501,-78.4513193,0.0,0.0,1.0
95000,3,2,2,200.0,-0.309087870539962,-78.57460726038818,0.0,0.0,1.0
470000,4,5,2,630.0,-0.208645435622673,-78.40702939614614,0.0,0.0,1.0
125000,3,2,2,152.0,-0.30375884885649,-78.46472390265838,0.0,0.0,1.0
600000,4,4,4,2568.0,-0.206278691819614,-78.36592072695758,0.0,0.0,1.0
390000,4,3,2,507.0,-0.210087417077115,-78.40206047704925,0.0,0.0,1.0
1600000,3,6,6,1694.0,-0.189473473640941,-78.41937153721106,0.0,0.0,1.0
600000,3,3,2,680.0,-0.209406599999999,-78.4374388,0.0,0.0,1.0
500000,3,3,4,1000.0,-0.204959499999999,-78.4083949,0.0,0.0,1.0
489000,4,3,2,500.0,-0.2125302,-78.4310026,0.0,0.0,1.0
640000,4,4,4,810.0,-0.1630886,-78.4628632,0.0,0.0,1.0
155000,3,3,2,179.0,-0.2783826,-78.5409063,0.0,0.0,1.0
260000,5,3,5,520.0,-0.078284485246468,-78.46600462132987,0.0,0.0,1.0
229900,3,2,3,322.0,-0.220183118315999,-78.393173759,0.0,0.0,1.0
770000,4,4,4,1547.0,-0.2009974,-78.43303809999999,0.0,0.0,1.0
154267,3,2,2,202.0,-0.17951,-78.4400795,0.0,0.0,1.0
360000,3,5,2,625.0,-0.216674697369936,-78.41736764285278,0.0,0.0,1.0
97000,3,2,1,170.0,-0.344690088648738,-78.44397654434086,0.0,0.0,1.0
118000,2,2,3,122.0,-0.1577503,-78.438969,0.0,0.0,1.0
89000,5,3,2,136.0,-0.124882599999999,-78.4986934,0.0,0.0,1.0
120000,3,2,2,157.0,-0.278382599999999,-78.5409063,0.0,0.0,1.0
75000,4,2,1,128.0,-0.269055225108134,-78.45487061064532,0.0,0.0,1.0
234000,3,3,2,221.0,-0.1045365,-78.5049515,0.0,0.0,1.0
165000,4,4,2,220.0,0.000903194828129,-78.4593204206379,0.0,0.0,1.0
889999,4,4,4,1280.0,-0.198259011962192,-78.42509814541626,0.0,0.0,1.0
219900,3,4,4,457.0,-0.308179599999999,-78.4709716,0.0,0.0,1.0
112900,3,2,2,141.0,-0.302049210042524,-78.45544793758143,0.0,0.0,1.0
66800,3,2,1,100.0,-0.002144099999999,-78.45576369999999,0.0,0.0,1.0
202068,3,2,2,152.0,-0.215840805632122,-78.3997184730469,0.0,0.0,1.0
118000,3,2,1,180.0,-0.1531462,-78.50353419999999,0.0,0.0,1.0
700000,6,5,6,1500.0,-0.21040333709174,-78.44104658465574,0.0,0.0,1.0
363965,3,3,2,243.0,-0.222608599999999,-78.4146153,0.0,0.0,1.0
192000,3,2,2,191.0,-0.1264767,-78.47736600000002,0.0,0.0,1.0
1600000,4,6,9,1240.0,-0.201861210727108,-78.43225685096465,0.0,0.0,1.0
296000,4,4,2,700.0,-0.317349205237999,-78.4395617146,0.0,0.0,1.0
260000,5,5,3,380.0,-0.136719522014,-78.4647167607,0.0,0.0,1.0
300000,3,3,2,353.0,-0.219638699999999,-78.382263,0.0,0.0,1.0
650000,4,5,4,2581.0,-0.214750999999999,-78.40070659999999,0.0,0.0,1.0
273550,3,3,2,195.0,-0.223561299999999,-78.387808,0.0,0.0,1.0
1600000,5,5,5,1400.0,-0.201454721591128,-78.42597866455685,0.0,0.0,1.0
239000,10,8,4,920.0,-0.1895296,-78.50715749999999,0.0,0.0,1.0
310000,3,2,3,354.0,-0.2178331,-78.45274409999999,0.0,0.0,1.0
280000,2,2,6,1998.0,-0.1243006,-78.3136664,0.0,0.0,1.0
470000,4,3,3,783.0,-0.1881879,-78.4463192,0.0,0.0,1.0
79500,3,2,1,90.0,-0.270518499999999,-78.4695111,0.0,0.0,1.0
41500,3,2,1,118.0,-0.077964576523077,-78.41166607672119,0.0,0.0,1.0
1600000,5,6,5,1688.0,-0.21486708797,-78.4314723314,0.0,0.0,1.0
179000,3,2,2,219.0,-0.210797142882942,-78.41402724570774,0.0,0.0,1.0
379000,6,4,4,491.0,-0.214721899999999,-78.42645,0.0,0.0,1.0
980000,4,4,2,1441.0,-0.190950833957535,-78.42723653841449,0.0,0.0,1.0
117000,5,3,2,382.0,-0.225778225179858,-78.4892692539673,0.0,0.0,1.0
849937,5,5,6,1170.0,-0.156681286261037,-78.38465354393779,0.0,0.0,1.0
249000,3,3,2,627.0,-0.203502044136931,-78.39485908470955,0.0,0.0,1.0
239999,3,3,3,439.0,-0.10293264214082,-78.50055538550173,0.0,0.0,1.0
160000,4,3,2,147.0,-0.107454108098999,-78.5024205149,0.0,0.0,1.0
174700,3,3,1,175.0,-0.223794146053514,-78.50432420618633,0.0,0.0,1.0
131000,3,2,1,146.0,-0.028992099999999,-78.4477442,0.0,0.0,1.0
155000,3,3,2,350.0,-0.1070398743948,-78.42759598323329,0.0,0.0,1.0
145000,3,2,2,120.0,-0.2038414,-78.4496168,0.0,0.0,1.0
210000,3,3,2,244.0,-0.185788103449971,-78.38722697202758,0.0,0.0,1.0
225000,3,2,2,228.0,-0.179890999999999,-78.419411,0.0,0.0,1.0
230000,12,8,3,698.0,-0.3387718,-78.5348502,0.0,0.0,1.0
203000,3,3,2,240.0,-0.2159558,-78.4063568,0.0,0.0,1.0
110000,4,3,2,273.0,-0.1127934,-78.4977092,0.0,0.0,1.0
185900,3,2,2,217.0,-0.122653051408908,-78.47797861774077,0.0,0.0,1.0
340000,3,3,2,623.0,-0.179306681897622,-78.43590224868774,0.0,0.0,1.0
110000,4,3,4,194.0,-0.076589582718793,-78.4483665607132,0.0,0.0,1.0
135000,3,2,2,200.0,-0.2784963,-78.4632795,0.0,0.0,1.0
191101,3,3,1,140.0,-0.200997399999999,-78.4330381,0.0,0.0,1.0
550000,4,5,4,1200.0,-0.169013690273078,-78.44403582831407,0.0,0.0,1.0
380000,4,4,3,451.0,-0.2246217,-78.4142471,0.0,0.0,1.0
268000,3,2,4,295.0,-0.215891944618441,-78.41592808965761,0.0,0.0,1.0
307900,3,2,2,336.0,-0.18179619611985,-78.41699742614088,0.0,0.0,1.0
64900,3,1,2,122.0,-0.118852799999999,-78.4956656,0.0,0.0,1.0
230000,3,3,3,340.0,-0.215816,-78.3945784,0.0,0.0,1.0
420000,3,3,4,746.0,-0.211986272608999,-78.4403530825,0.0,0.0,1.0
142000,7,6,3,300.0,-0.1109652,-78.4993452,0.0,0.0,1.0
210000,3,3,2,260.0,-0.2159558,-78.4063568,0.0,0.0,1.0
132000,3,2,2,170.0,-0.146934899701999,-78.5035783821,0.0,0.0,1.0
340000,5,3,4,653.0,-0.179596086784519,-78.47395182380411,0.0,0.0,1.0
99888,10,5,8,252.0,-0.241339220224799,-78.49289422152633,0.0,0.0,1.0
57900,3,1,1,190.0,-0.082686222736043,-78.44043703400727,0.0,0.0,1.0
328000,3,2,2,189.0,-0.17951,-78.4400795,0.0,0.0,1.0
99000,3,2,1,160.0,-0.2114098,-78.403774,0.0,0.0,1.0
258000,3,3,2,181.0,-0.223561299999999,-78.387808,0.0,0.0,1.0
246500,3,3,2,161.0,-0.223561299999999,-78.387808,0.0,0.0,1.0
265000,4,4,5,457.0,-0.100709458375999,-78.4993616529,0.0,0.0,1.0
100000,3,3,1,180.0,-0.156674493795,-78.5022957577,0.0,0.0,1.0
310000,3,4,2,350.0,-0.222280634692696,-78.42022907380577,0.0,0.0,1.0
280000,3,2,2,326.0,-0.2211349,-78.4056041,0.0,0.0,1.0
240000,5,3,3,695.0,-0.1136974,-78.4969499,0.0,0.0,1.0
398000,5,6,4,400.0,-0.195253266052123,-78.43818015344237,0.0,0.0,1.0
90000,5,3,5,200.0,-0.2842206,-78.5301198,0.0,0.0,1.0
215000,4,3,2,433.0,-0.3213531,-78.4740651,0.0,0.0,1.0
200000,3,2,2,193.0,-0.216727399999999,-78.3844162,0.0,0.0,1.0
595000,3,4,4,800.0,-0.1883454,-78.4485353,0.0,0.0,1.0
590000,5,6,7,859.0,-0.180409972609388,-78.44696916580995,0.0,0.0,1.0
270000,5,5,2,350.0,-0.18740489709928,-78.4944079910156,0.0,0.0,1.0
165000,4,3,3,320.0,-0.327993666142492,-78.42690571410016,0.0,0.0,1.0
1145000,4,4,6,1375.0,-0.2107252,-78.44108949999999,0.0,0.0,1.0
1600000,5,5,4,1844.0,-0.1906372,-78.447485,0.0,0.0,1.0
308000,3,3,2,207.0,-0.2034793,-78.4223019,0.0,0.0,1.0
290000,8,4,3,442.0,-0.0921903,-78.5223519,0.0,0.0,1.0
83500,3,2,1,104.0,-0.0795398,-78.4485114,0.0,0.0,1.0
110000,3,2,1,120.0,-0.300156677813937,-78.45298875745011,0.0,0.0,1.0
332000,3,2,2,175.0,-0.213077602666999,-78.4525315037,0.0,0.0,1.0
129000,3,2,1,155.0,-0.123237456824,-78.485327082,0.0,0.0,1.0
225000,3,3,3,255.0,-0.219059517759106,-78.41921084439521,0.0,0.0,1.0
685000,3,3,3,2700.0,-0.15745632513572,-78.38474606931153,0.0,0.0,1.0
320000,3,3,2,250.0,-0.219883439554661,-78.43639617173766,0.0,0.0,1.0
580000,3,4,5,500.0,-0.191398614562215,-78.44325589775984,0.0,0.0,1.0
225000,12,9,3,556.0,-0.257280999999999,-78.5327481,0.0,0.0,1.0
324900,3,3,2,298.0,-0.2058125,-78.4509375,0.0,0.0,1.0
830000,4,4,4,1792.0,-0.199139349155,-78.4512206815,0.0,0.0,1.0
1500000,3,5,4,1321.0,-0.2031126,-78.4476834,0.0,0.0,1.0
110000,3,2,2,182.0,-0.266666699999999,-78.4833333,0.0,0.0,1.0
1400000,2,5,5,1000.0,-0.157456083381262,-78.46032554826279,0.0,0.0,1.0
154000,3,2,1,253.0,-0.166048824027749,-78.48789566944257,0.0,0.0,1.0
185000,3,2,2,154.0,-0.210009564311909,-78.42951904177245,0.0,0.0,1.0
202098,3,3,2,218.0,-0.210240391925999,-78.3899337746,0.0,0.0,1.0
119000,3,2,2,149.0,-0.028992099999999,-78.4477442,0.0,0.0,1.0
899990,3,2,2,2378.0,-0.1921023,-78.4884107,0.0,0.0,1.0
221420,3,3,1,209.0,-0.200997399999999,-78.4330381,0.0,0.0,1.0
83000,3,2,1,141.0,-0.327993666142492,-78.42690571410016,0.0,0.0,1.0
649937,8,4,5,576.0,-0.19024991361103,-78.48580807574308,0.0,0.0,1.0
93000,3,2,2,103.0,-0.0981188,-78.4487989,0.0,0.0,1.0
160000,12,5,3,505.0,-0.2809397,-78.5362706,0.0,0.0,1.0
70000,3,2,1,120.0,-0.349477096267779,-78.53413148263856,0.0,0.0,1.0
480000,3,2,3,529.0,-0.201725687304,-78.4547151424,0.0,0.0,1.0
175000,4,3,2,235.0,-0.11758077744848,-78.47852957300724,0.0,0.0,1.0
90000,3,3,1,128.0,-0.085711371800221,-78.43217482051546,0.0,0.0,1.0
76000,3,2,1,140.0,-0.086960170704883,-78.4280454991937,0.0,0.0,1.0
98000,3,2,1,129.0,-0.128016615365,-78.4666487554,0.0,0.0,1.0
270000,8,5,5,1500.0,-0.2000248,-78.420624,0.0,0.0,1.0
1600000,5,6,9,2002.0,-0.191336,-78.4138951,0.0,0.0,1.0
49500,3,1,1,87.0,-0.087717753574673,-78.43805263948974,0.0,0.0,1.0
95200,3,2,1,130.0,-0.008410132539194,-78.45504956315996,0.0,0.0,1.0
890000,4,4,6,748.0,-0.18224191878596,-78.44330659600872,0.0,0.0,1.0
520000,12,10,10,480.0,-0.161468438955748,-78.49602147539368,0.0,0.0,1.0
87000,3,2,2,159.0,-0.049234482704256,-78.4571839664093,0.0,0.0,1.0
93000,3,2,2,103.0,-0.098121019673048,-78.4488894599077,0.0,0.0,1.0
148500,4,2,2,335.0,-0.1332943,-78.4616959,0.0,0.0,1.0
160000,3,2,2,392.0,-0.1921023,-78.4884107,0.0,0.0,1.0
105000,3,2,2,130.0,-0.091864144455576,-78.47952249002687,0.0,0.0,1.0
245600,3,2,2,165.0,-0.2207396,-78.4239475,0.0,0.0,1.0
332000,3,4,2,358.0,-0.2023203,-78.4279537,0.0,0.0,1.0
380000,5,5,5,1520.0,-0.065203224555402,-78.3662405492887,0.0,0.0,1.0
319800,3,3,2,231.0,-0.2094824,-78.4202152,0.0,0.0,1.0
669739,4,3,10,800.0,-0.196146294747234,-78.47832764092666,0.0,0.0,1.0
230000,12,8,2,637.0,-0.2210501,-78.4513193,0.0,0.0,1.0
250000,3,3,1,5000.0,-0.3193896,-78.4706392,0.0,0.0,1.0
670000,4,3,4,800.0,-0.2082726,-78.42456579999998,0.0,0.0,1.0
125000,3,2,2,150.0,-0.323040684031186,-78.44601053742451,0.0,0.0,1.0
700000,4,3,3,1535.0,-0.197001343807108,-78.4204689947565,0.0,0.0,1.0
80000,3,2,1,85.0,-0.278382599999999,-78.5409063,0.0,0.0,1.0
249999,4,4,2,361.0,-0.1577503,-78.438969,0.0,0.0,1.0
97900,3,2,2,135.0,-0.035469888262481,-78.45354225051278,0.0,0.0,1.0
115000,3,2,2,200.0,-0.327993666142492,-78.42690571410016,0.0,0.0,1.0
143000,3,2,2,183.0,-0.213527685895999,-78.3951565722,0.0,0.0,1.0
1200000,5,5,5,3100.0,-0.123201052734999,-78.4760607995,0.0,0.0,1.0
89000,4,2,1,147.0,-0.133077598327126,-78.46039077202829,0.0,0.0,1.0
82900,3,2,2,170.0,-0.0891264,-78.42804799999999,0.0,0.0,1.0
1350000,4,3,6,2500.0,-0.145694301034653,-78.45467190742544,0.0,0.0,1.0
175000,4,3,1,340.0,-0.091887550439,-78.479392427,0.0,0.0,1.0
180000,5,4,2,328.0,-0.121632513979463,-78.48055374037371,0.0,0.0,1.0
145000,3,2,3,580.0,-0.0089613,-78.4506692,0.0,0.0,1.0
240000,3,2,2,240.0,-0.20205145316835,-78.3548018748584,0.0,0.0,1.0
85000,3,2,1,124.0,-0.107544066987,-78.5060143013,0.0,0.0,1.0
870000,6,6,8,1000.0,-0.188987096890817,-78.42200516452637,0.0,0.0,1.0
238000,3,3,3,320.0,-0.2256893,-78.3922181,0.0,0.0,1.0
60000,3,2,1,116.0,-0.066288004148168,-78.45099748147577,0.0,0.0,1.0
231300,3,2,2,165.0,-0.246766999999999,-78.4290918,0.0,0.0,1.0
535000,3,3,2,1962.0,-0.117780899999999,-78.335622,0.0,0.0,1.0
49900,4,2,2,160.0,-0.051062638158219,-78.42129533146156,0.0,0.0,1.0
110000,3,2,2,120.0,-0.198116865695974,-78.37907979199841,0.0,0.0,1.0
550000,7,5,6,752.0,-0.189428766804754,-78.47511193239846,0.0,0.0,1.0
125000,3,3,2,212.0,-0.1307239,-78.480632,0.0,0.0,1.0
73000,3,2,2,176.0,-0.318058746728999,-78.4849436958,0.0,0.0,1.0
1600000,4,6,6,1360.0,-0.201754871488561,-78.43137891339073,0.0,0.0,1.0
230000,3,2,2,304.0,-0.215152199999999,-78.4320385,0.0,0.0,1.0
120900,4,2,2,180.0,-0.068429786794108,-78.4646321724634,0.0,0.0,1.0
129700,9,4,4,400.0,-0.1100528,-78.5085766,0.0,0.0,1.0
650000,10,2,8,652.0,-0.2067623,-78.4836196,0.0,0.0,1.0
215000,4,4,2,266.0,-0.200997399999999,-78.4330381,0.0,0.0,1.0
437500,6,4,10,350.0,-0.231327399948,-78.3349973678,0.0,0.0,1.0
535000,4,4,4,1477.0,-0.1804328,-78.43793,0.0,0.0,1.0
410000,4,4,2,540.0,-0.197785752357036,-78.42457321788594,0.0,0.0,1.0
189900,3,3,2,132.0,-0.228344336542062,-78.45274388958292,0.0,0.0,1.0
72500,3,2,2,133.0,-0.119909699999999,-78.4300105,0.0,0.0,1.0
220000,4,4,6,512.0,-0.138798283011387,-78.47353695184141,0.0,0.0,1.0
325000,5,6,3,580.0,-0.028992099999999,-78.4477442,0.0,0.0,1.0
86500,3,2,3,395.0,-0.2468364,-78.5697823,0.0,0.0,1.0
250000,4,4,2,361.0,-0.1577503,-78.438969,0.0,0.0,1.0
179900,3,3,2,198.0,-0.0871737783848,-78.4798965035,0.0,0.0,1.0
450000,3,3,2,446.0,-0.1577503,-78.438969,0.0,0.0,1.0
421000,3,3,4,625.0,-0.20205145316835,-78.3548018748584,0.0,0.0,1.0
68000,3,2,1,153.0,-0.100916603442991,-78.46243967878416,0.0,0.0,1.0
206000,3,3,2,165.0,-0.155601999999999,-78.3728456,0.0,0.0,1.0
449000,3,3,10,611.0,-0.1054104,-78.5133372,0.0,0.0,1.0
480000,4,5,6,2000.0,-0.292410512029707,-78.44599644977792,0.0,0.0,1.0
160000,10,7,5,295.0,-0.3387718,-78.5348502,0.0,0.0,1.0
140000,3,2,2,172.0,-0.2061937,-78.3921094,0.0,0.0,1.0
99500,4,4,3,99.0,-0.2233026,-78.51410469999999,0.0,0.0,1.0
216000,3,2,2,210.0,-0.2210501,-78.4513193,0.0,0.0,1.0
110000,3,2,2,128.0,-0.1040936,-78.5045174,0.0,0.0,1.0
145000,3,2,3,202.0,-0.20378315602385,-78.388800009989,0.0,0.0,1.0
145000,3,2,2,146.0,-0.2320259,-78.3369554,0.0,0.0,1.0
420000,7,5,10,1077.0,-0.148476216077999,-78.4666049291,0.0,0.0,1.0
59000,3,2,1,123.0,-0.3220682,-78.5407458,0.0,0.0,1.0
120000,3,3,2,208.0,-0.0877937,-78.46533939999999,0.0,0.0,1.0
1600000,5,7,4,4172.0,-0.211043857398399,-78.39349574813235,0.0,0.0,1.0
189000,3,2,2,205.0,-0.323773083062845,-78.4427279755772,0.0,0.0,1.0
120000,3,2,2,93.0,-0.1999706,-78.3760329,0.0,0.0,1.0
595000,4,5,4,980.0,-0.184034,-78.4421555,0.0,0.0,1.0
280000,3,3,2,500.0,-0.307995337623325,-78.45881097288505,0.0,0.0,1.0
850000,3,3,10,4700.0,-0.069734099999999,-78.4595644,0.0,0.0,1.0
360000,4,3,3,435.0,-0.239616653446352,-78.43240057385384,0.0,0.0,1.0
235000,3,3,3,256.0,-0.095085372028309,-78.48312025564087,0.0,0.0,1.0
117000,3,2,2,182.0,-0.306949099999999,-78.5018999,0.0,0.0,1.0
282000,3,2,2,182.0,-0.217471604006162,-78.42951984554426,0.0,0.0,1.0
979937,4,4,8,1600.0,-0.201210735809482,-78.42930915754178,0.0,0.0,1.0
440000,4,4,3,600.0,-0.15674,-78.4584377,0.0,0.0,1.0
254000,4,4,4,254.0,-0.197814899999999,-78.49242880000001,0.0,0.0,1.0
619000,4,4,3,1055.0,-0.168177947750037,-78.46773736990588,0.0,0.0,1.0
189000,5,4,2,350.0,-0.1419766,-78.4963917,0.0,0.0,1.0
75000,3,2,2,107.0,-0.076365399999999,-78.4203175,0.0,0.0,1.0
120900,3,2,2,142.0,-0.042809335456891,-78.45477829267998,0.0,0.0,1.0
90000,3,2,1,120.0,-0.100695442365546,-78.4215562115068,0.0,0.0,1.0
959937,4,4,6,1000.0,-0.157494912401044,-78.46042495108604,0.0,0.0,1.0
153000,3,2,2,160.0,-0.2007619,-78.3952154,0.0,0.0,1.0
285000,3,3,2,430.0,-0.210797142882942,-78.41402724570774,0.0,0.0,1.0
285000,4,4,2,735.0,-0.2783826,-78.5409063,0.0,0.0,1.0
285000,4,4,2,590.0,-0.211009876367041,-78.40865020461582,0.0,0.0,1.0
269500,3,4,2,250.0,-0.1694004,-78.4354042,0.0,0.0,1.0
125000,3,2,2,207.0,-0.270105099999999,-78.4692096,0.0,0.0,1.0
680000,5,4,3,1200.0,-0.201499145385647,-78.43037735447257,0.0,0.0,1.0
98000,3,2,2,155.0,-0.0875297,-78.4689224,0.0,0.0,1.0
279000,3,3,2,257.0,-0.224463887224278,-78.42360419941406,0.0,0.0,1.0
92500,3,2,1,125.0,-0.2668521580881,-78.47133272967938,0.0,0.0,1.0
389000,3,3,2,400.0,-0.1770622,-78.3719676,0.0,0.0,1.0
99900,4,2,2,226.0,-0.066770560912939,-78.46669237379785,0.0,0.0,1.0
112000,4,2,1,137.0,-0.131116199999999,-78.4752116,0.0,0.0,1.0
79000,3,2,1,120.0,-0.087842170988437,-78.42567023942091,0.0,0.0,1.0
310000,3,2,2,359.0,-0.2009974,-78.43303809999999,0.0,0.0,1.0
310000,5,5,8,420.0,-0.3301412,-78.44999150000001,0.0,0.0,1.0
1600000,4,7,10,5000.0,-0.156254699999999,-78.3848319,0.0,0.0,1.0
1500000,3,3,5,1226.0,-0.198103826658455,-78.44315929532583,0.0,0.0,1.0
240000,3,2,2,189.0,-0.2034793,-78.4223019,0.0,0.0,1.0
158000,3,2,2,172.0,-0.330162599999999,-78.4510729,0.0,0.0,1.0
249000,3,3,2,342.0,-0.166807299999999,-78.3782921,0.0,0.0,1.0
275000,3,3,2,380.0,-0.217536855120778,-78.38076912849095,0.0,0.0,1.0
89000,2,2,1,179.0,-0.278382599999999,-78.5409063,0.0,0.0,1.0
1600000,5,7,8,1640.0,-0.1943944,-78.4251809,0.0,0.0,1.0
348990,5,3,8,1718.0,-0.3403663,-78.4642281,0.0,0.0,1.0
158000,3,2,2,211.0,-0.1810792321019,-78.44000488921886,0.0,0.0,1.0
99900,3,2,2,121.0,-0.022554799018899,-78.4428518508,0.0,0.0,1.0
89900,3,2,2,145.0,-0.134312205585399,-78.50588723833505,0.0,0.0,1.0
320000,3,3,2,502.0,-0.180111866319046,-78.43588661027997,0.0,0.0,1.0
218000,3,3,2,152.0,-0.223561299999999,-78.387808,0.0,0.0,1.0
378000,4,3,4,667.0,-0.1964737,-78.50293649999999,0.0,0.0,1.0
699937,3,3,3,548.0,-0.197003338627774,-78.44302205073573,0.0,0.0,1.0
77000,6,2,2,152.0,-0.2695832,-78.5227208,0.0,0.0,1.0
150000,3,3,1,189.0,-0.17119127340149,-78.47469621651129,0.0,0.0,1.0
275000,4,3,2,482.0,-0.166799782967226,-78.46636624512027,0.0,0.0,1.0
80000,8,3,1,394.0,-0.2384474,-78.5233191,0.0,0.0,1.0
560000,3,3,4,300.0,-0.2094824,-78.4202152,0.0,0.0,1.0
450000,4,3,4,1098.0,-0.222012508625008,-78.40475122527008,0.0,0.0,1.0
123000,3,2,2,313.0,-0.2976226,-78.4449686,0.0,0.0,1.0
93000,4,3,2,181.0,-0.0997718,-78.46705179999998,0.0,0.0,1.0
250000,12,8,2,480.0,-0.1260838,-78.4873319,0.0,0.0,1.0
300000,4,4,3,480.0,-0.104195361348927,-78.50460124523846,0.0,0.0,1.0
85000,3,2,1,108.0,-0.217240006776352,-78.37907187380031,0.0,0.0,1.0
166000,3,2,2,162.0,-0.203444325703588,-78.40354189588261,0.0,0.0,1.0
164900,4,3,2,266.0,-0.0400918,-78.4549279,0.0,0.0,1.0
180000,10,6,4,431.0,-0.129982271820442,-78.5027552598079,0.0,0.0,1.0
212000,3,3,2,286.0,-0.210691,-78.39559860000001,0.0,0.0,1.0
120900,3,2,2,145.0,-0.066365599999998,-78.4621288,0.0,0.0,1.0
206000,3,3,2,146.0,-0.223561299999999,-78.387808,0.0,0.0,1.0
198000,4,3,4,385.0,-0.315657444050898,-78.4580251857666,0.0,0.0,1.0
1600000,4,5,6,2000.0,-0.197305479344926,-78.42441945457709,0.0,0.0,1.0
219000,3,3,2,795.0,-0.2877984,-78.469602,0.0,0.0,1.0
900000,12,10,10,1311.0,-0.161149237672995,-78.46325544484404,0.0,0.0,1.0
320000,4,3,3,900.0,-0.320785590088,-78.4373466793,0.0,0.0,1.0
167600,3,3,2,177.0,-0.213823798631999,-78.3798057533,0.0,0.0,1.0
852432,4,6,7,1149.0,-0.190003699999999,-78.4131977,0.0,0.0,1.0
135000,5,3,3,350.0,-0.265831267656999,-78.5282787655,0.0,0.0,1.0
1100000,5,5,10,5000.0,-0.375904456655416,-78.46230618839111,0.0,0.0,1.0
99000,3,3,1,100.0,-0.262584825498068,-78.49166292219758,0.0,0.0,1.0
74500,3,3,1,170.0,-0.105221976630906,-78.45476384550784,0.0,0.0,1.0
338000,7,1,3,650.0,-0.1921023,-78.4884107,0.0,0.0,1.0
112000,3,2,2,240.0,-0.1036664,-78.4400339,0.0,0.0,1.0
79000,4,3,2,139.0,-0.0893014,-78.4201255,0.0,0.0,1.0
250000,3,3,8,1000.0,-0.255301148304892,-78.48922184181696,0.0,0.0,1.0
460000,5,5,4,500.0,-0.179586155942067,-78.44044100118725,0.0,0.0,1.0
288000,5,3,3,420.0,-0.14561153166791,-78.46477554973751,0.0,0.0,1.0
45000,3,1,3,180.0,-0.280028352532647,-78.56333251209107,0.0,0.0,1.0
158607,3,2,2,194.0,-0.2666667,-78.48333330000003,0.0,0.0,1.0
120000,3,2,2,130.0,-0.28535359648455,-78.45400207471312,0.0,0.0,1.0
105000,4,3,1,201.0,-0.126476699999999,-78.4773646,0.0,0.0,1.0
1000000,4,5,7,1070.0,-0.179790216666622,-78.4416438447289,0.0,0.0,1.0
160000,10,8,1,560.0,-0.127289954548999,-78.4682642388,0.0,0.0,1.0
79800,3,2,1,100.0,-0.092601323315621,-78.42074770142291,0.0,0.0,1.0
260000,4,4,2,443.0,-0.141896385217999,-78.4644335394,0.0,0.0,1.0
110000,3,2,2,116.0,-0.259245485177244,-78.47963718048605,0.0,0.0,1.0
195000,11,4,4,595.0,-0.3027404,-78.4353376,0.0,0.0,1.0
130000,8,5,2,561.0,-0.2384474,-78.5233191,0.0,0.0,1.0
93000,3,2,2,154.0,-0.0852733,-78.4726989,0.0,0.0,1.0
82900,3,2,2,97.0,-0.103300010143401,-78.41145725756411,0.0,0.0,1.0
235000,3,3,2,260.0,-0.213501459159887,-78.42097422055704,0.0,0.0,1.0
80000,3,2,2,125.0,-0.282154692186292,-78.49120947466663,0.0,0.0,1.0
750000,4,4,2,600.0,-0.2107252,-78.4410895,0.0,0.0,1.0
160000,3,2,2,170.0,-0.147712089607627,-78.43946580660705,0.0,0.0,1.0
134000,6,4,1,301.0,-0.2396623,-78.4919898,0.0,0.0,1.0
500000,4,3,2,1450.0,-0.2031126,-78.4476834,0.0,0.0,1.0
178000,3,2,2,274.0,-0.198116865695974,-78.37907979199841,0.0,0.0,1.0
375000,3,3,2,389.0,-0.180702239477603,-78.37007238836061,0.0,0.0,1.0
700000,4,4,6,477.0,-0.3116032,-78.4635621,0.0,0.0,1.0
590000,4,4,4,1900.0,-0.179586407731581,-78.44619626385119,0.0,0.0,1.0
290000,3,3,3,414.0,-0.1067371,-78.5072963,0.0,0.0,1.0
278000,3,3,3,284.0,-0.1050633,-78.5221605,0.0,0.0,1.0
295000,3,2,2,275.0,-0.22214,-78.41668190000001,0.0,0.0,1.0
300000,7,4,5,646.0,-0.294787279603826,-78.48097978354492,0.0,0.0,1.0
110000,4,4,2,237.0,-0.1212732,-78.4894015,0.0,0.0,1.0
650000,3,3,4,997.0,-0.205843362768367,-78.41225801686717,0.0,0.0,1.0
155000,4,4,2,300.0,-0.3314841,-78.4254543,0.0,0.0,1.0
1600000,3,2,2,190.0,-0.155601999999999,-78.37284559999999,0.0,0.0,1.0
127000,9,5,3,383.0,-0.0942436,-78.4544876,0.0,0.0,1.0
102000,3,2,1,107.0,-0.186136131284,-78.365904043,0.0,0.0,1.0
83500,3,2,1,162.0,-0.1041228,-78.4627488,0.0,0.0,1.0
600000,4,4,4,600.0,-0.2009974,-78.43303809999999,0.0,0.0,1.0
360000,3,3,2,531.0,-0.210049405535139,-78.35979480012787,0.0,0.0,1.0
165000,3,3,3,301.0,-0.327993666142492,-78.42690571410016,0.0,0.0,1.0
270000,3,4,6,775.0,-0.2671149,-78.4864727,0.0,0.0,1.0
99990,4,2,2,238.0,-0.106790824125,-78.488242891,0.0,0.0,1.0
61900,3,2,1,73.0,-0.0097082,-78.4461488,0.0,0.0,1.0
345000,3,3,2,380.0,-0.1826396,-78.4395172,0.0,0.0,1.0
397000,3,3,3,528.0,-0.226912982946902,-78.44703681439836,0.0,0.0,1.0
1600000,4,5,4,3000.0,-0.158095137247679,-78.46088486375425,0.0,0.0,1.0
322000,3,2,2,188.0,-0.17951,-78.4400795,0.0,0.0,1.0
160000,4,2,1,158.0,-0.11422584914844,-78.49434861230314,0.0,0.0,1.0
89000,3,2,1,127.0,-0.2783826,-78.5409063,0.0,0.0,1.0
370000,3,3,4,1099.0,-0.1054104,-78.5133372,0.0,0.0,1.0
398000,3,3,4,1110.0,-0.1807078,-78.4383716,0.0,0.0,1.0
1600000,3,5,4,3060.0,-0.207908293340546,-78.438462949194,0.0,0.0,1.0
83000,3,2,2,110.0,-0.2839083,-78.495274,0.0,0.0,1.0
235000,3,3,6,230.0,-0.206070748505,-78.3784091148,0.0,0.0,1.0
179000,5,3,10,506.0,-0.264747026192976,-78.5237222906934,0.0,0.0,1.0
980000,4,4,5,1600.0,-0.219639619661999,-78.4378995981,0.0,0.0,1.0
450000,3,3,4,980.0,-0.1577503,-78.438969,0.0,0.0,1.0
290000,5,5,4,391.0,-0.208236126669999,-78.4355748783,0.0,0.0,1.0
430000,4,3,10,601.0,-0.106346489347902,-78.50809884579388,0.0,0.0,1.0
1520000,4,6,6,2320.0,-0.056981499999999,-78.4596002,0.0,0.0,1.0
238000,3,3,2,203.0,-0.224364209911,-78.4142256423,0.0,0.0,1.0
870000,4,4,4,830.0,-0.190992679157013,-78.4197315868164,0.0,0.0,1.0
103000,3,2,2,174.0,-0.268990852801361,-78.45643702071001,0.0,0.0,1.0
159000,5,3,2,228.0,-0.2661973,-78.4599249,0.0,0.0,1.0
155000,3,3,2,350.0,-0.1070398743948,-78.42759598323329,0.0,0.0,1.0
198000,4,3,4,385.0,-0.315657444050898,-78.4580251857666,0.0,0.0,1.0
1600000,5,7,8,1640.0,-0.1943944,-78.4251809,0.0,0.0,1.0
225000,3,2,2,228.0,-0.179890999999999,-78.419411,0.0,0.0,1.0
81100,3,2,1,115.0,-0.035949427410529,-78.45359014916501,0.0,0.0,1.0
320000,4,4,2,610.0,-0.267055078682741,-78.46160130574036,0.0,0.0,1.0
980000,4,4,5,1600.0,-0.219639619661999,-78.4378995981,0.0,0.0,1.0
249000,3,3,2,627.0,-0.203502044136931,-78.39485908470955,0.0,0.0,1.0
349000,5,4,6,1393.0,-0.234387,-78.44522,0.0,0.0,1.0
112000,3,2,2,240.0,-0.1036664,-78.4400339,0.0,0.0,1.0
179900,3,3,2,198.0,-0.0871737783848,-78.4798965035,0.0,0.0,1.0
153000,3,2,2,205.0,-0.267771948272,-78.4540615761,0.0,0.0,1.0
1499999,4,5,6,1040.0,-0.198241321597516,-78.42502226193051,0.0,0.0,1.0
115000,3,3,2,165.0,-0.132776545824087,-78.45510810778191,0.0,0.0,1.0
179900,11,6,1,1044.0,-0.2198913,-78.50441049999999,0.0,0.0,1.0
120000,3,3,2,208.0,-0.0877937,-78.46533939999999,0.0,0.0,1.0
64850,3,1,1,82.0,-0.002735899999999,-78.443112,0.0,0.0,1.0
92500,3,2,1,125.0,-0.2668521580881,-78.47133272967938,0.0,0.0,1.0
108000,3,2,2,133.0,-0.155601999999999,-78.3728456,0.0,0.0,1.0
979937,4,4,8,1600.0,-0.201210735809482,-78.42930915754178,0.0,0.0,1.0
73000,3,2,2,90.0,-0.2760019,-78.467519,0.0,0.0,1.0
500000,5,5,5,630.0,-0.194632731339271,-78.43559425100653,0.0,0.0,1.0
900000,12,10,10,1311.0,-0.161149237672995,-78.46325544484404,0.0,0.0,1.0
219900,3,4,4,457.0,-0.308179599999999,-78.4709716,0.0,0.0,1.0
60000,4,2,1,171.0,-0.294642976657739,-78.55483619629516,0.0,0.0,1.0
49500,3,1,1,87.0,-0.087717753574673,-78.43805263948974,0.0,0.0,1.0
1600000,5,6,9,2002.0,-0.191336,-78.4138951,0.0,0.0,1.0
138000,11,4,5,443.0,-0.253272662355903,-78.5424742715904,0.0,0.0,1.0
99900,3,2,2,350.0,-0.3350269,-78.4422315,0.0,0.0,1.0
310000,3,4,2,321.0,-0.2196387,-78.382263,0.0,0.0,1.0
115900,3,2,2,136.0,-0.045108460476526,-78.45508054760741,0.0,0.0,1.0
800000,4,4,2,3000.0,-0.333699149538613,-78.49214593368526,0.0,0.0,1.0
135000,2,2,2,272.0,-0.1024283,-78.4632574,0.0,0.0,1.0
1400000,3,3,2,1463.0,-0.2246217,-78.4142471,0.0,0.0,1.0
599000,3,3,2,1204.0,-0.159253288529985,-78.44294231352998,0.0,0.0,1.0
175000,4,3,1,340.0,-0.091887550439,-78.479392427,0.0,0.0,1.0
270000,3,2,2,440.0,-0.106346489347902,-78.50809884579388,0.0,0.0,1.0
360000,4,3,3,497.0,-0.2009974,-78.43303809999999,0.0,0.0,1.0
795000,4,4,8,1150.0,-0.198241321597516,-78.42502226193051,0.0,0.0,1.0
180000,3,2,1,200.0,-0.1763259,-78.4836181,0.0,0.0,1.0
500000,5,5,5,630.0,-0.194632731339271,-78.43559425100653,0.0,0.0,1.0
400000,4,3,2,406.0,-0.1958561,-78.4363209,0.0,0.0,1.0
350000,3,3,3,330.0,-0.205784799999999,-78.4539042,0.0,0.0,1.0
1580000,3,4,6,2790.0,-0.18706528680116,-78.37021395609743,0.0,0.0,1.0
250000,12,6,4,1100.0,-0.324417857145126,-78.55905540211666,0.0,0.0,1.0
109000,4,2,5,280.0,-0.337107049723802,-78.43413363068852,0.0,0.0,1.0
120900,3,2,2,137.0,-0.03115782505566,-78.45108165252016,0.0,0.0,1.0
560000,5,4,3,717.0,-0.1921023,-78.4884107,0.0,0.0,1.0
158000,3,2,2,172.0,-0.330162599999999,-78.4510729,0.0,0.0,1.0
300000,10,3,5,904.0,-0.247017615154537,-78.52023541296693,0.0,0.0,1.0
454000,3,3,2,339.0,-0.2273379,-78.3877778,0.0,0.0,1.0
1499999,4,5,6,1040.0,-0.198241321597516,-78.42502226193051,0.0,0.0,1.0
52000,3,2,1,89.0,-0.118187252530417,-78.43186411058957,0.0,0.0,1.0
850000,4,4,4,1221.0,-0.21498,-78.4192433,0.0,0.0,1.0
230305,3,3,2,226.0,-0.2256893,-78.3922181,0.0,0.0,1.0
880000,3,5,5,1000.0,-0.211545577131814,-78.4206673550878,0.0,0.0,1.0
538000,3,2,4,1665.0,-0.167174099999999,-78.4340229,0.0,0.0,1.0
1080000,5,4,6,1175.0,-0.161938395606761,-78.38647744606791,0.0,0.0,1.0
90000,6,3,3,412.0,-0.244491146813839,-78.49812638357542,0.0,0.0,1.0
69900,3,2,1,131.0,-0.0578471,-78.3528526,0.0,0.0,1.0
690000,4,4,4,2500.0,-0.201836534592307,-78.36393076642885,0.0,0.0,1.0
132500,3,2,2,160.0,-0.239174242308321,-78.32512735685991,0.0,0.0,1.0
348000,3,3,2,450.0,-0.219674907896364,-78.39453236054123,0.0,0.0,1.0
80990,3,2,2,5000.0,-0.0384978470892,-78.4440105651,0.0,0.0,1.0
58000,3,2,1,117.0,-0.0891711,-78.42799839999999,0.0,0.0,1.0
370000,3,3,2,295.0,-0.1804328,-78.43793,0.0,0.0,1.0
279000,4,3,4,420.0,-0.1155226,-78.4743924,0.0,0.0,1.0
285000,3,2,2,235.0,-0.227930199999999,-78.4298909,0.0,0.0,1.0
158000,6,5,3,500.0,-0.247844199999999,-78.5346388,0.0,0.0,1.0
275000,3,3,2,234.0,-0.215152199999999,-78.4320385,0.0,0.0,1.0
249800,4,4,2,630.0,-0.160101865021876,-78.49949870554497,0.0,0.0,1.0
68000,4,3,1,133.0,-0.1037341,-78.435591,0.0,0.0,1.0
498000,4,4,6,1687.0,-0.218147,-78.38493369999999,0.0,0.0,1.0
1099937,4,4,8,4200.0,-0.207905486839577,-78.44037058751915,0.0,0.0,1.0
125000,9,3,3,300.0,-0.318060714673442,-78.57187683816755,0.0,0.0,1.0
64850,3,1,1,82.0,-0.002735899999999,-78.443112,0.0,0.0,1.0
112000,3,2,2,130.0,-0.271613099999999,-78.4537969,0.0,0.0,1.0
320000,2,4,4,364.0,-0.1703649,-78.4787111,0.0,0.0,1.0
250000,4,2,2,617.0,-0.093774463138957,-78.46454405502689,0.0,0.0,1.0
234135,3,3,2,262.0,-0.1694004,-78.4354042,0.0,0.0,1.0
98000,3,2,1,129.0,-0.128016615365,-78.4666487554,0.0,0.0,1.0
230000,3,2,2,304.0,-0.215152199999999,-78.4320385,0.0,0.0,1.0
280000,4,2,8,521.0,-0.105703443887893,-78.42031019344554,0.0,0.0,1.0
85000,3,2,1,124.0,-0.107544066987,-78.5060143013,0.0,0.0,1.0
110000,3,2,2,182.0,-0.266666699999999,-78.4833333,0.0,0.0,1.0
250000,3,3,1,5000.0,-0.3193896,-78.4706392,0.0,0.0,1.0
852432,4,6,7,1149.0,-0.190003699999999,-78.4131977,0.0,0.0,1.0
268000,3,2,4,295.0,-0.215891944618441,-78.41592808965761,0.0,0.0,1.0
79990,4,2,2,177.0,-0.115672099999999,-78.44519629999999,0.0,0.0,1.0
58500,3,1,1,100.0,-0.264008499999999,-78.5108027,0.0,0.0,1.0
80990,3,2,2,5000.0,-0.0384978470892,-78.4440105651,0.0,0.0,1.0
421000,3,3,4,625.0,-0.20205145316835,-78.3548018748584,0.0,0.0,1.0
120900,3,2,2,142.0,-0.042809335456891,-78.45477829267998,0.0,0.0,1.0
1080000,5,4,6,1175.0,-0.161938395606761,-78.38647744606791,0.0,0.0,1.0
115000,3,3,2,165.0,-0.293873090596755,-78.447690589808,0.0,0.0,1.0
280000,3,2,2,326.0,-0.2211349,-78.4056041,0.0,0.0,1.0
332000,3,2,2,175.0,-0.213077602666999,-78.4525315037,0.0,0.0,1.0
1600000,4,6,6,1360.0,-0.201754871488561,-78.43137891339073,0.0,0.0,1.0
99000,3,3,1,100.0,-0.262584825498068,-78.49166292219758,0.0,0.0,1.0
206000,3,3,2,165.0,-0.155601999999999,-78.3728456,0.0,0.0,1.0
358000,3,3,2,262.0,-0.174591032266537,-78.42548248671685,0.0,0.0,1.0
480000,8,10,9,952.0,-0.073590299999999,-78.4786771,0.0,0.0,1.0
320000,4,4,3,350.0,-0.19329968961053,-78.43238675042431,0.0,0.0,1.0
118000,2,2,3,122.0,-0.1577503,-78.438969,0.0,0.0,1.0
205000,3,3,2,216.0,-0.122653051408908,-78.47797861774077,0.0,0.0,1.0
870000,6,6,8,1000.0,-0.188987096890817,-78.42200516452637,0.0,0.0,1.0
850000,3,3,10,4700.0,-0.069734099999999,-78.4595644,0.0,0.0,1.0
132500,3,2,2,160.0,-0.239174242308321,-78.32512735685991,0.0,0.0,1.0
310000,3,2,3,354.0,-0.2178331,-78.45274409999999,0.0,0.0,1.0
109000,4,2,5,280.0,-0.337107049723802,-78.43413363068852,0.0,0.0,1.0
310000,3,4,2,350.0,-0.222280634692696,-78.42022907380577,0.0,0.0,1.0
123000,3,2,2,313.0,-0.2976226,-78.4449686,0.0,0.0,1.0
1600000,3,6,6,1694.0,-0.189473473640941,-78.41937153721106,0.0,0.0,1.0
120000,3,2,2,93.0,-0.1999706,-78.3760329,0.0,0.0,1.0
500000,3,3,4,1000.0,-0.204959499999999,-78.4083949,0.0,0.0,1.0
325000,5,6,3,580.0,-0.028992099999999,-78.4477442,0.0,0.0,1.0
230000,7,5,2,570.0,-0.324417857145126,-78.55905540211666,0.0,0.0,1.0
195000,4,4,4,450.0,-0.226437325252994,-78.35096617991327,0.0,0.0,1.0
590000,5,6,7,859.0,-0.180409972609388,-78.44696916580995,0.0,0.0,1.0
52000,3,2,1,89.0,-0.118187252530417,-78.43186411058957,0.0,0.0,1.0
83000,4,2,1,115.0,-0.092572661826407,-78.41746675233152,0.0,0.0,1.0
225000,2,3,3,280.0,-0.2311017,-78.4009593,0.0,0.0,1.0
62000,7,2,4,203.0,-0.288733399999999,-78.524434,0.0,0.0,1.0
72500,3,2,2,133.0,-0.119909699999999,-78.4300105,0.0,0.0,1.0
82900,3,2,2,170.0,-0.0891264,-78.42804799999999,0.0,0.0,1.0
329900,3,3,4,590.0,-0.182383551089147,-78.4431552373764,0.0,0.0,1.0
310000,3,2,2,359.0,-0.2009974,-78.43303809999999,0.0,0.0,1.0
345000,3,3,2,374.0,-0.19329968961053,-78.43238675042431,0.0,0.0,1.0
1000000,3,3,2,1100.0,-0.184034,-78.44215550000001,0.0,0.0,1.0
540000,3,3,4,650.0,-0.178052999999999,-78.3859479,0.0,0.0,1.0
319800,3,3,2,231.0,-0.2094824,-78.4202152,0.0,0.0,1.0
76060,3,2,1,153.0,-0.2114098,-78.403774,0.0,0.0,1.0
210000,3,3,2,189.0,-0.2257225,-78.4292984,0.0,0.0,1.0
420000,3,3,2,900.0,-0.200303399999999,-78.3629006,0.0,0.0,1.0
430000,3,4,2,300.0,-0.177210599999999,-78.41930169999999,0.0,0.0,1.0
220000,4,3,3,380.0,-0.150718226716952,-78.49167545798191,0.0,0.0,1.0
425000,3,3,5,390.0,-0.194510199999999,-78.4791884,0.0,0.0,1.0
129999,8,5,1,520.0,-0.239365,-78.51480819999999,0.0,0.0,1.0
330000,2,2,1,170.0,-0.126096609247895,-78.33120097574945,0.0,0.0,1.0
109000,3,2,1,127.0,-0.152791299999999,-78.474484,0.0,0.0,1.0
69000,3,2,2,165.0,-0.3250026,-78.4892583,0.0,0.0,1.0
143000,2,2,10,1372.0,-0.065173499999999,-78.3632374,0.0,0.0,1.0
320000,5,3,3,526.0,-0.161336599999999,-78.4998167,0.0,0.0,1.0
235000,3,2,2,235.0,-0.205256124035533,-78.41041425378502,0.0,0.0,1.0
160000,3,3,2,516.0,-0.1330165,-78.4438978,0.0,0.0,1.0
353000,3,3,2,700.0,-0.1747908,-78.4465913,0.0,0.0,1.0
65000,3,2,1,132.0,-0.2635887,-78.5243283,0.0,0.0,1.0
225900,3,2,2,278.0,-0.210690999999999,-78.3955986,0.0,0.0,1.0
780000,3,3,3,2790.0,-0.222378554465945,-78.3949400563115,0.0,0.0,1.0
1290000,4,4,4,1172.0,-0.179615884318999,-78.4432942545,0.0,0.0,1.0
79000,3,2,2,173.0,-0.0969103,-78.4265022,0.0,0.0,1.0
410000,3,3,6,601.0,-0.1075864,-78.527496,0.0,0.0,1.0
250000,4,3,2,245.0,-0.1955799,-78.4812696,0.0,0.0,1.0
353000,3,3,3,353.0,-0.1839841,-78.493617,0.0,0.0,1.0
260000,3,3,2,532.0,-0.1025119,-78.4983746,0.0,0.0,1.0
950000,4,4,6,1250.0,-0.2124452,-78.4375362,0.0,0.0,1.0
229300,3,3,2,267.0,-0.171949720599965,-78.43943204922331,0.0,0.0,1.0
250000,5,3,2,430.0,-0.153090432171488,-78.4758321604338,0.0,0.0,1.0
329000,10,4,6,1118.0,-0.137976851067672,-78.49268908465568,0.0,0.0,1.0
210000,3,2,2,192.0,-0.215113599999999,-78.441023,0.0,0.0,1.0
1200000,4,4,5,1524.0,-0.20948261527829,-78.44200137060021,0.0,0.0,1.0
56000,2,2,1,60.0,-0.0795398,-78.4485114,0.0,0.0,1.0
135000,4,4,1,210.0,-0.123495199999999,-78.4759129,0.0,0.0,1.0
360000,3,3,3,600.0,-0.2107252,-78.4410895,0.0,0.0,1.0
390000,2,4,6,585.0,-0.157948,-78.46666929999999,0.0,0.0,1.0
120000,3,2,4,1700.0,-0.1223772,-78.4229315,0.0,0.0,1.0
388000,3,3,2,734.0,-0.155601999999999,-78.3728456,0.0,0.0,1.0
395000,3,3,2,300.0,-0.196174399999999,-78.4165396,0.0,0.0,1.0
89000,3,2,1,241.0,-0.1231851,-78.4715867,0.0,0.0,1.0
99000,10,7,2,1000.0,-0.226252835332803,-78.48971216721193,0.0,0.0,1.0
220500,3,2,2,230.0,-0.195870899999999,-78.3914312,0.0,0.0,1.0
385000,6,6,3,500.0,-0.22045480950315,-78.43924565665714,0.0,0.0,1.0
1198000,7,5,10,5000.0,-0.2701051,-78.4692096,0.0,0.0,1.0
105500,6,4,1,253.0,-0.312314599999999,-78.4801666,0.0,0.0,1.0
280000,3,3,2,319.0,-0.2065315,-78.4283681,0.0,0.0,1.0
195000,4,3,2,350.0,-0.087049699999999,-78.4647369,0.0,0.0,1.0
450000,4,4,2,419.0,-0.160589123132722,-78.49719718244161,0.0,0.0,1.0
950000,4,5,5,1183.0,-0.151171799999999,-78.386681,0.0,0.0,1.0
298000,3,3,2,394.0,-0.210690999999999,-78.3955986,0.0,0.0,1.0
88000,4,2,1,150.0,-0.1038246,-78.4400098,0.0,0.0,1.0
225000,3,2,2,255.0,-0.222247814841485,-78.42006308293759,0.0,0.0,1.0
950000,5,5,4,1472.0,-0.1980693,-78.4055514,0.0,0.0,1.0
119000,4,4,2,168.0,-0.126539263698435,-78.47967248008008,0.0,0.0,1.0
1200000,4,4,5,1500.0,-0.1201263,-78.3333292,0.0,0.0,1.0
370000,4,3,2,650.0,-0.223842610392817,-78.41424662528115,0.0,0.0,1.0
220000,7,6,4,515.0,-0.2950181,-78.45948659999999,0.0,0.0,1.0
115000,8,8,3,180.0,-0.3016793,-78.5617845,0.0,0.0,1.0
790000,4,4,4,1500.0,-0.1977627,-78.4251207,0.0,0.0,1.0
350000,4,4,2,440.0,-0.171102522539584,-78.4737372514823,0.0,0.0,1.0
350000,3,3,3,220.0,-0.20636644945845,-78.43602543191689,0.0,0.0,1.0
220000,12,8,1,183.0,-0.298184915977232,-78.54092172055664,0.0,0.0,1.0
69000,8,4,2,250.0,-0.0784445022009,-78.4423235268,0.0,0.0,1.0
135000,4,4,1,362.0,-0.2276545,-78.4996891,0.0,0.0,1.0
159000,3,2,2,226.0,-0.288086999999999,-78.5288459,0.0,0.0,1.0
155000,3,2,2,150.0,-0.210691,-78.39559860000001,0.0,0.0,1.0
199000,3,3,2,282.0,-0.208660327818009,-78.39331092686157,0.0,0.0,1.0
105000,3,1,2,198.0,-0.035420699999999,-78.4453532,0.0,0.0,1.0
180000,3,3,2,294.0,-0.1229862,-78.4759048,0.0,0.0,1.0
120000,3,2,1,164.0,-0.0598867,-78.4577481,0.0,0.0,1.0
340000,8,5,3,300.0,-0.1731559,-78.4790834,0.0,0.0,1.0
110000,3,3,2,166.0,-0.322381493276,-78.4680999129,0.0,0.0,1.0
345000,4,4,6,1314.0,-0.220531305569297,-78.505309333799,0.0,0.0,1.0
79000,3,2,1,148.0,-0.361340672352999,-78.4389152885,0.0,0.0,1.0
190000,3,2,2,150.0,-0.2256893,-78.3922181,0.0,0.0,1.0
380000,4,4,4,380.0,-0.210420501475086,-78.42899531558315,0.0,0.0,1.0
98000,3,2,1,124.0,-0.1451993,-78.5038943,0.0,0.0,1.0
280000,4,3,2,250.0,-0.207048425171658,-78.4331668460327,0.0,0.0,1.0
395000,3,3,2,404.0,-0.167174099999999,-78.4340229,0.0,0.0,1.0
1040000,4,5,3,5000.0,-0.218147,-78.38493369999999,0.0,0.0,1.0
189000,3,3,2,194.0,-0.1884821,-78.448454,0.0,0.0,1.0
545000,3,4,5,1300.0,-0.157285499999999,-78.4559325,0.0,0.0,1.0
383000,3,2,3,350.0,-0.2627976,-78.44644290000001,0.0,0.0,1.0
270000,7,4,4,348.0,-0.1727692,-78.47469380000001,0.0,0.0,1.0
455000,4,4,3,379.0,-0.205851599999999,-78.4037016,0.0,0.0,1.0
171000,3,2,2,185.0,-0.205158316442444,-78.40046173743438,0.0,0.0,1.0
265000,3,3,2,300.0,-0.210691,-78.39559860000001,0.0,0.0,1.0
700000,3,2,9,2500.0,-0.2273379,-78.3877778,0.0,0.0,1.0
668655,4,4,2,661.0,-0.157771799999999,-78.438971,0.0,0.0,1.0
230000,4,3,2,540.0,-0.1247156,-78.4993452,0.0,0.0,1.0
150000,3,2,3,354.0,-0.1570882,-78.4708101,0.0,0.0,1.0
699000,6,6,10,1365.0,-0.1405982,-78.4634143,0.0,0.0,1.0
1100000,5,5,4,705.0,-0.222673329426011,-78.42613079241102,0.0,0.0,1.0
305000,3,3,2,208.0,-0.2034793,-78.4223019,0.0,0.0,1.0
230000,3,3,4,286.0,-0.222189785431888,-78.42435621237792,0.0,0.0,1.0
500000,4,4,5,2000.0,-0.20494415617743,-78.45320652114867,0.0,0.0,1.0
120000,8,6,2,5000.0,-0.264678,-78.5319509,0.0,0.0,1.0
199000,11,8,1,647.0,-0.2990649,-78.5405617,0.0,0.0,1.0
420000,3,3,2,300.0,-0.1567987,-78.46240639999999,0.0,0.0,1.0
45000,3,1,1,72.0,-0.002059599999999,-78.4558364,0.0,0.0,1.0
83900,3,2,4,200.0,-0.339172613821,-78.5425361156,0.0,0.0,1.0
143100,3,2,2,140.0,-0.3059911,-78.4503185,0.0,0.0,1.0
250000,3,3,2,213.0,-0.1770622,-78.3719676,0.0,0.0,1.0
319000,10,5,5,590.0,-0.0743181,-78.4851396,0.0,0.0,1.0
242000,4,2,2,178.0,-0.1804328,-78.43793,0.0,0.0,1.0
145000,3,2,2,170.0,-0.2093549,-78.3874684,0.0,0.0,1.0
160000,3,2,2,200.0,-0.1516677,-78.4851454,0.0,0.0,1.0
89000,4,2,1,175.0,-0.08862,-78.4631169,0.0,0.0,1.0
119000,2,1,3,510.0,-0.0825319,-78.4207501,0.0,0.0,1.0
195000,4,3,1,350.0,-0.3481005,-78.4613218,0.0,0.0,1.0
178000,3,3,2,200.0,-0.155602,-78.37284559999999,0.0,0.0,1.0
120000,3,2,2,145.0,-0.1103805,-78.451453,0.0,0.0,1.0
289000,4,3,4,533.0,-0.1658485,-78.483019,0.0,0.0,1.0
79000,3,2,2,125.0,-0.005240999999999,-78.4516767,0.0,0.0,1.0
95000,3,2,2,180.0,-0.0682032,-78.4321481,0.0,0.0,1.0
148000,3,2,2,158.0,-0.284946499999999,-78.531744,0.0,0.0,1.0
435000,6,6,10,1000.0,-0.0957143,-78.4221944,0.0,0.0,1.0
215000,3,3,2,323.0,-0.206679847658735,-78.40268611776993,0.0,0.0,1.0
137740,3,2,2,124.0,-0.221537287237,-78.3873155015,0.0,0.0,1.0
83500,3,2,2,181.0,-0.078112295399799,-78.4240701034,0.0,0.0,1.0
1600000,4,4,9,1160.0,-0.195208199999999,-78.4159498,0.0,0.0,1.0
165000,4,4,1,243.0,-0.117462399999999,-78.4798051,0.0,0.0,1.0
400000,5,3,5,796.0,-0.2063442,-78.4801943,0.0,0.0,1.0
400000,3,4,4,492.0,-0.172121799999999,-78.3619375,0.0,0.0,1.0
117000,3,2,1,149.0,-0.142342492009,-78.4652946865,0.0,0.0,1.0
252000,3,3,2,280.0,-0.229353616251999,-78.4439523889,0.0,0.0,1.0
75800,3,2,1,96.0,-0.3237878,-78.4829288,0.0,0.0,1.0
220000,3,2,2,220.0,-0.201073235640764,-78.38040171793257,0.0,0.0,1.0
58000,3,2,4,200.0,-0.0743215,-78.4396571,0.0,0.0,1.0
890000,3,3,2,990.0,-0.205256124035533,-78.41041425378502,0.0,0.0,1.0
420000,4,4,3,400.0,-0.174123589797999,-78.4823670667,0.0,0.0,1.0
135000,2,2,3,782.0,0.015480667399873,-78.46386394708554,0.0,0.0,1.0
350000,4,4,2,493.0,-0.1682377,-78.4881798,0.0,0.0,1.0
420000,3,4,2,377.0,-0.199609111122684,-78.42120533882722,0.0,0.0,1.0
200000,3,2,2,174.0,-0.210690999999999,-78.3955986,0.0,0.0,1.0
290000,6,6,3,642.0,-0.176731799999999,-78.4938814,0.0,0.0,1.0
214000,3,2,2,293.0,-0.218387456976647,-78.39369551132859,0.0,0.0,1.0
330000,4,6,2,383.0,-0.1611961,-78.4966549,0.0,0.0,1.0
105000,3,2,2,422.0,-0.0108036013249,-78.4422000494,0.0,0.0,1.0
169500,3,3,1,488.0,-0.245266,-78.52349029999999,0.0,0.0,1.0
320000,4,3,4,381.0,-0.178995216262322,-78.43982261599731,0.0,0.0,1.0
720000,4,5,4,1550.0,-0.187089110738534,-78.4476399421692,0.0,0.0,1.0
120000,3,2,2,142.0,-0.2093549,-78.3874684,0.0,0.0,1.0
269000,3,4,2,280.0,-0.218147,-78.38493369999999,0.0,0.0,1.0
500000,5,4,3,650.0,-0.2087953,-78.4386438,0.0,0.0,1.0
550000,4,3,5,690.0,-0.221389799999999,-78.3966673,0.0,0.0,1.0
70000,2,1,4,490.0,-0.1070103,-78.4822024,0.0,0.0,1.0
350000,3,3,2,450.0,-0.1818333,-78.4219853,0.0,0.0,1.0
170000,4,3,5,300.0,-0.2783826,-78.5409063,0.0,0.0,1.0
1500000,3,5,3,1500.0,-0.1943944,-78.4251809,0.0,0.0,1.0
149000,3,2,2,198.0,-0.275839999999999,-78.48929,0.0,0.0,1.0
745000,3,4,6,806.0,-0.180332058159728,-78.43638474327474,0.0,0.0,1.0
395000,3,4,4,400.0,-0.202577974686897,-78.45421522086873,0.0,0.0,1.0
330000,3,3,4,340.0,-0.327643999999999,-78.5673547,0.0,0.0,1.0
85000,3,2,2,143.0,-0.0988477,-78.4659986,0.0,0.0,1.0
150000,4,4,2,358.0,-0.105849808493022,-78.4820126571167,0.0,0.0,1.0
235000,3,3,7,300.0,-0.1419766,-78.4963917,0.0,0.0,1.0
690000,3,4,4,1290.0,-0.1804328,-78.43793,0.0,0.0,1.0
1600000,5,6,4,2220.0,-0.166807299999999,-78.3782921,0.0,0.0,1.0
800000,3,3,4,1228.0,-0.200972142108659,-78.44139571719666,0.0,0.0,1.0
169500,4,4,2,277.0,-0.143878205903151,-78.4633383995377,0.0,0.0,1.0
450000,8,6,6,366.0,-0.164597826881916,-78.48343194880101,0.0,0.0,1.0
379000,4,3,2,5000.0,-0.221261199999999,-78.4231795,0.0,0.0,1.0
220000,10,4,2,262.0,-0.1247156,-78.4993452,0.0,0.0,1.0
52000,3,1,2,91.0,-0.002059599999999,-78.4558364,0.0,0.0,1.0
169900,4,3,4,1225.0,-0.148561899999999,-78.4982384,0.0,0.0,1.0
550000,5,5,2,650.0,-0.2107252,-78.44108949999999,0.0,0.0,1.0
220000,3,2,2,210.0,-0.1999237,-78.3756967,0.0,0.0,1.0
1600000,4,4,6,5000.0,-0.208238499999999,-78.42481870000002,0.0,0.0,1.0
109000,3,2,1,178.0,-0.147908364928131,-78.46237504763867,0.0,0.0,1.0
89000,3,3,1,180.0,-0.108838715999819,-78.50771141086726,0.0,0.0,1.0
590000,5,6,5,3307.0,-0.2662333,-78.4636917,0.0,0.0,1.0
340000,10,7,7,643.0,-0.164970299999999,-78.479709,0.0,0.0,1.0
750000,10,6,6,981.0,-0.164054699999999,-78.4908823,0.0,0.0,1.0
378900,4,3,5,830.0,-0.2159775,-78.4579861,0.0,0.0,1.0
117000,3,2,2,200.0,-0.3069491,-78.5018999,0.0,0.0,1.0
184200,3,3,2,195.0,-0.216456676387057,-78.38645798853965,0.0,0.0,1.0
790000,4,4,4,1476.0,-0.150546854359402,-78.4230923652649,0.0,0.0,1.0
520000,5,5,6,840.0,-0.1679573,-78.4933031,0.0,0.0,1.0
248000,3,2,2,300.0,-0.2210501,-78.4513193,0.0,0.0,1.0
78000,3,3,1,180.0,-0.321715,-78.48547479999999,0.0,0.0,1.0
255000,2,2,2,900.0,-0.2705185,-78.46951109999999,0.0,0.0,1.0
620000,4,5,2,640.0,-0.195306678033918,-78.43804836880568,0.0,0.0,1.0
650000,4,2,5,3103.0,-0.229293757223649,-78.34774446477084,0.0,0.0,1.0
320000,4,2,3,400.0,-0.223252299999999,-78.5141064,0.0,0.0,1.0
140000,3,3,4,270.0,-0.2783826,-78.5409063,0.0,0.0,1.0
369000,3,2,2,316.0,-0.210690999999999,-78.3955986,0.0,0.0,1.0
210000,3,2,6,501.0,-0.2864979,-78.44584,0.0,0.0,1.0
80000,4,4,2,200.0,-0.10207723889594,-78.46298943491823,0.0,0.0,1.0
416500,5,4,2,1400.0,-0.313979,-78.439674,0.0,0.0,1.0
82000,3,2,1,80.0,-0.204420999999999,-78.383156,0.0,0.0,1.0
90000,3,2,1,108.0,0.001863595680005,-78.45483462733682,0.0,0.0,1.0
150000,3,2,2,352.0,-0.2783826,-78.5409063,0.0,0.0,1.0
45000,3,1,2,84.0,-0.021963266672081,-78.43958655571608,0.0,0.0,1.0
158000,4,4,2,241.0,-0.3069491,-78.5018999,0.0,0.0,1.0
82000,3,2,2,181.0,-0.099802980391248,-78.46639988999937,0.0,0.0,1.0
125000,3,2,2,262.0,-0.330153399999999,-78.4499496,0.0,0.0,1.0
195000,4,4,3,370.0,-0.2671149,-78.4864727,0.0,0.0,1.0
355000,3,3,2,778.0,-0.184207774039502,-78.3662072088208,0.0,0.0,1.0
122000,3,2,2,165.0,-0.1733163,-78.3757112,0.0,0.0,1.0
395000,3,4,2,291.0,-0.1791235,-78.4408253,0.0,0.0,1.0
220000,3,3,2,208.0,-0.210690999999999,-78.39559860000001,0.0,0.0,1.0
599000,3,4,8,1820.0,-0.213342616221295,-78.38651578487844,0.0,0.0,1.0
750000,5,5,10,3000.0,-0.227778090742602,-78.44403982803344,0.0,0.0,1.0
48000,3,1,1,112.0,-0.0020596,-78.4558364,0.0,0.0,1.0
490000,5,5,3,930.0,-0.197819203859473,-78.41893220577391,0.0,0.0,1.0
200000,9,4,4,400.0,-0.216730315326649,-78.48833714841003,0.0,0.0,1.0
199000,3,3,2,174.0,-0.2110516,-78.4006894,0.0,0.0,1.0
1200000,4,4,6,2200.0,-0.157509499999999,-78.4557321,0.0,0.0,1.0
1600000,4,6,6,1060.0,-0.205787970509603,-78.44734232649176,0.0,0.0,1.0
319000,3,3,2,5000.0,-0.118110199999998,-78.4404961,0.0,0.0,1.0
750000,6,6,5,2290.0,-0.1711768,-78.4706287,0.0,0.0,1.0
1100000,4,4,4,480.0,-0.157890190137483,-78.38538720793451,0.0,0.0,1.0
130000,3,2,1,215.0,-0.2090344,-78.3787279,0.0,0.0,1.0
350000,4,4,3,640.0,-0.20241912115828,-78.38329262503969,0.0,0.0,1.0
315000,4,4,3,504.0,-0.154590831875169,-78.49386429493791,0.0,0.0,1.0
260000,3,4,3,4472.0,-0.108489162592078,-78.51275970823366,0.0,0.0,1.0
590000,7,6,10,2441.0,-0.1085136,-78.5061242,0.0,0.0,1.0
265000,3,3,2,236.0,-0.1754793,-78.4455231,0.0,0.0,1.0
49000,3,1,1,100.0,-0.092930618416775,-78.44826668213959,0.0,0.0,1.0
249900,7,6,2,598.0,-0.150167222793999,-78.501182052,0.0,0.0,1.0
119990,3,2,2,142.0,-0.04271546085186,-78.45525141558221,0.0,0.0,1.0
270000,2,2,2,263.0,-0.1887073,-78.4431028,0.0,0.0,1.0
199000,3,3,2,145.0,-0.2262941,-78.4461122,0.0,0.0,1.0
159000,3,2,4,200.0,-0.090941465728546,-78.47489836168519,0.0,0.0,1.0
70000,3,2,1,112.0,-0.289230299999999,-78.4885049,0.0,0.0,1.0
520000,3,4,6,472.0,-0.205797536351999,-78.4103092302,0.0,0.0,1.0
245000,3,2,2,220.0,-0.196576428272602,-78.41672924771574,0.0,0.0,1.0
579000,5,6,10,3832.0,-0.306949099999999,-78.5018999,0.0,0.0,1.0
116000,3,2,2,147.0,-0.092004,-78.4248071,0.0,0.0,1.0
190000,4,3,2,250.0,-0.2183286,-78.439216,0.0,0.0,1.0
99900,4,3,1,145.0,-0.2791569,-78.4776323,0.0,0.0,1.0
320000,6,8,3,536.0,-0.162757220949967,-78.49146958306098,0.0,0.0,1.0
500000,8,6,6,758.0,-0.0875297,-78.4689224,0.0,0.0,1.0
247000,3,3,8,775.0,-0.123731599999999,-78.4740162,0.0,0.0,1.0
110000,8,4,3,305.0,-0.28338331401493,-78.5373099958786,0.0,0.0,1.0
155000,12,5,3,422.0,-0.2422073,-78.5097543,0.0,0.0,1.0
399000,3,3,2,410.0,-0.220273423288341,-78.44558507683615,0.0,0.0,1.0
310000,4,3,5,433.0,-0.202988425431409,-78.43946222215891,0.0,0.0,1.0
202068,3,2,2,151.0,-0.199976199999999,-78.3895518,0.0,0.0,1.0
88000,5,3,2,115.0,-0.3131434,-78.4785511,0.0,0.0,1.0
219000,9,5,4,568.0,-0.2700253,-78.4796491,0.0,0.0,1.0
430000,12,9,6,980.0,-0.170914693945026,-78.49335604973754,0.0,0.0,1.0
350000,4,4,2,493.0,-0.164598757116529,-78.48877085075682,0.0,0.0,1.0
430000,3,5,5,532.0,-0.1243844,-78.4939722,0.0,0.0,1.0
450000,3,3,1,746.0,-0.200997399999999,-78.4330381,0.0,0.0,1.0
450000,4,4,2,780.0,-0.2049595,-78.40839489999999,0.0,0.0,1.0
298000,4,4,3,322.0,-0.140376899999999,-78.4663116,0.0,0.0,1.0
184900,3,2,2,204.0,-0.2125302,-78.4310026,0.0,0.0,1.0
120000,3,3,2,180.0,-0.0875297,-78.4689224,0.0,0.0,1.0
330000,5,4,3,833.0,-0.151607647406953,-78.49423329823948,0.0,0.0,1.0
108000,3,3,1,130.0,-0.3225815,-78.4708913,0.0,0.0,1.0
270000,5,3,1,285.0,-0.178224991307804,-78.51981390374637,0.0,0.0,1.0
175000,4,2,2,281.0,-0.3082531,-78.4151778,0.0,0.0,1.0
360000,4,3,6,1185.0,-0.0649345,-78.4674991,0.0,0.0,1.0
145000,3,2,2,158.0,-0.2262941,-78.4461122,0.0,0.0,1.0
115000,3,2,2,145.0,-0.0021692,-78.455825,0.0,0.0,1.0
72000,5,3,2,229.0,-0.089191,-78.4532881,0.0,0.0,1.0
247900,3,2,2,226.0,-0.1804328,-78.43793,0.0,0.0,1.0
265000,3,3,3,400.0,-0.2031126,-78.4476834,0.0,0.0,1.0
250000,3,3,2,168.0,-0.209499064014505,-78.45314168499286,0.0,0.0,1.0
81000,3,2,2,138.0,-0.050030199999999,-78.4565314,0.0,0.0,1.0
85000,3,2,1,1049.0,-0.110759399999999,-78.4918069,0.0,0.0,1.0
155000,3,2,2,178.0,-0.2164457,-78.3768336,0.0,0.0,1.0
160000,9,6,2,471.0,-0.2499714,-78.53057690000001,0.0,0.0,1.0
220000,3,3,2,284.0,-0.200986,-78.3916394,0.0,0.0,1.0
245000,3,2,2,207.0,-0.216200445673799,-78.40369957825749,0.0,0.0,1.0
690000,3,4,4,1290.0,-0.1804328,-78.43793,0.0,0.0,1.0
160000,3,3,3,262.0,-0.149126749709862,-78.49623828406142,0.0,0.0,1.0
179990,5,4,2,246.0,-0.1054104,-78.5133372,0.0,0.0,1.0
290000,5,5,4,630.0,-0.2068152,-78.5216634,0.0,0.0,1.0
221000,3,3,2,155.0,-0.234387,-78.44522,0.0,0.0,1.0
290000,4,3,2,364.0,-0.2063442,-78.4801943,0.0,0.0,1.0
314000,4,3,2,781.0,-0.170200954143878,-78.43159496749382,0.0,0.0,1.0
135000,3,3,2,190.0,-0.213563399999999,-78.4010176,0.0,0.0,1.0
56000,2,2,1,123.0,-0.0987214,-78.4664317,0.0,0.0,1.0
160000,3,2,2,210.0,-0.210690999999999,-78.3955986,0.0,0.0,1.0
139900,3,2,2,200.0,-0.223778,-78.3838443,0.0,0.0,1.0
79900,3,2,1,128.0,-0.045954099999999,-78.4461359,0.0,0.0,1.0
240000,3,3,2,278.0,-0.239616653446351,-78.43240057385384,0.0,0.0,1.0
184000,3,3,4,436.0,-0.2976226,-78.4449686,0.0,0.0,1.0
105000,3,2,2,138.0,-0.2800167,-78.4612894,0.0,0.0,1.0
220000,3,3,2,430.0,-0.1037254,-78.485088,0.0,0.0,1.0
305000,3,3,2,230.0,-0.216773153926977,-78.43476049394295,0.0,0.0,1.0
359000,3,3,2,600.0,-0.221266018187256,-78.39486318098933,0.0,0.0,1.0
49000,3,2,1,93.0,-0.0825265,-78.41590049999999,0.0,0.0,1.0
279000,4,4,2,442.0,-0.177979809382695,-78.47390624534457,0.0,0.0,1.0
464916,3,3,2,752.0,-0.1103805,-78.451453,0.0,0.0,1.0
1000000,3,4,6,1100.0,-0.20205145316835,-78.3548018748584,0.0,0.0,1.0
250000,5,5,2,429.0,-0.140526299999999,-78.4642272,0.0,0.0,1.0
128000,4,2,2,252.0,-0.256206573107921,-78.48318037859471,0.0,0.0,1.0
550000,5,5,7,1200.0,-0.14133408023935,-78.46230263616764,0.0,0.0,1.0
250000,4,7,5,648.0,-0.0783303,-78.4660456,0.0,0.0,1.0
133000,3,2,2,189.0,-0.199576096482626,-78.37510522841072,0.0,0.0,1.0
86000,3,3,2,115.0,-0.200441224909071,-78.38077192056883,0.0,0.0,1.0
570000,3,3,4,700.0,-0.216928186460364,-78.44759655439955,0.0,0.0,1.0
210000,3,3,1,240.0,-0.199407270897494,-78.43824935831614,0.0,0.0,1.0
165000,3,3,2,266.0,-0.067707,-78.4632435,0.0,0.0,1.0
190000,3,3,2,190.0,-0.210690999999999,-78.39559860000001,0.0,0.0,1.0
360000,10,7,2,1000.0,-0.164374407453617,-78.48138026931152,0.0,0.0,1.0
450000,3,4,2,496.0,-0.2151522,-78.43203849999999,0.0,0.0,1.0
45000,3,2,1,84.0,-0.33412080493,-78.5377101259,0.0,0.0,1.0
165000,3,2,2,207.0,-0.2158602,-78.4014983,0.0,0.0,1.0
200000,3,3,2,245.0,-0.210691,-78.39559860000001,0.0,0.0,1.0
210000,5,2,2,830.0,-0.238685028225019,-78.52968880673302,0.0,0.0,1.0
135000,3,3,2,240.0,-0.303119772257263,-78.44730430828498,0.0,0.0,1.0
1180000,5,6,3,1987.0,-0.2211191,-78.4338429,0.0,0.0,1.0
119000,3,2,2,121.0,-0.1328195,-78.4613264,0.0,0.0,1.0
95000,4,2,5,600.0,-0.2341696,-78.5405543,0.0,0.0,1.0
85500,3,2,1,150.0,-0.220031154642418,-78.34100017119445,0.0,0.0,1.0
259000,4,4,6,650.0,-0.270518499999999,-78.4695111,0.0,0.0,1.0
590000,4,4,6,1020.0,-0.181296299999999,-78.4471777,0.0,0.0,1.0
118900,3,2,2,182.0,-0.043711931540399,-78.447729383,0.0,0.0,1.0
98000,4,3,2,135.0,-0.1204433,-78.49399679999999,0.0,0.0,1.0
235000,3,2,2,240.0,-0.107960185164024,-78.51218864924314,0.0,0.0,1.0
485000,4,3,4,600.0,-0.2063442,-78.4801943,0.0,0.0,1.0
366000,2,2,2,1200.0,-0.170051488361742,-78.40060839595336,0.0,0.0,1.0
425000,3,3,2,620.0,-0.192284229891101,-78.42903163837752,0.0,0.0,1.0
325000,3,3,2,600.0,-0.1994083,-78.4758469,0.0,0.0,1.0
204000,3,2,2,196.0,-0.180111866319047,-78.43588661027997,0.0,0.0,1.0
152000,4,3,2,453.0,-0.10062,-78.4206213,0.0,0.0,1.0
159000,5,3,2,222.0,-0.3069491,-78.5018999,0.0,0.0,1.0
128000,3,2,2,220.0,-0.3054333,-78.4858242,0.0,0.0,1.0
270000,4,4,6,650.0,-0.178445086577062,-78.36008795653471,0.0,0.0,1.0
400000,5,4,4,530.0,-0.1887155,-78.4437608,0.0,0.0,1.0
295000,1,1,2,3550.0,-0.158161961058999,-78.333152898,0.0,0.0,1.0
185000,7,4,4,300.0,-0.223252299999999,-78.5141064,0.0,0.0,1.0
590000,5,4,10,1100.0,-0.1028912,-78.480476,0.0,0.0,1.0
849000,4,5,4,640.0,-0.223371958351526,-78.4471835136682,0.0,0.0,1.0
65000,3,2,1,145.0,-0.0948703,-78.4259287,0.0,0.0,1.0
230000,3,3,1,377.0,-0.0958775,-78.4856398,0.0,0.0,1.0
168000,4,2,10,600.0,0.003907268921818,-78.45511471690254,0.0,0.0,1.0
1550000,4,4,6,1931.0,-0.1975822,-78.427282,0.0,0.0,1.0
459000,4,4,3,383.0,-0.181149535584999,-78.420650369,0.0,0.0,1.0
135000,3,3,2,180.0,-0.210690999999999,-78.39559860000001,0.0,0.0,1.0
49900,3,1,1,66.0,-0.0635028,-78.4273632,0.0,0.0,1.0
85000,3,2,1,165.0,-0.147908364928131,-78.46237504763867,0.0,0.0,1.0
99900,3,2,1,174.0,-0.330162599999999,-78.4510729,0.0,0.0,1.0
195000,3,2,2,262.0,-0.2457898,-78.4421087,0.0,0.0,1.0
225000,4,3,2,504.0,-0.1672903,-78.4668728,0.0,0.0,1.0
324000,3,3,2,5000.0,-0.2038414,-78.4496168,0.0,0.0,1.0
165000,4,3,2,250.0,-0.161351724909302,-78.43895942275391,0.0,0.0,1.0
75000,3,1,1,110.0,-0.2679127,-78.5523876,0.0,0.0,1.0
80000,3,2,1,242.0,-0.00212397301629,-78.44008646866455,0.0,0.0,1.0
116500,3,2,1,156.0,-0.1591288,-78.4678301,0.0,0.0,1.0
239000,3,3,4,352.0,-0.1999237,-78.3756967,0.0,0.0,1.0
140000,3,2,2,166.0,-0.0980734,-78.4840741,0.0,0.0,1.0
275000,4,2,2,250.0,-0.1229862,-78.4759048,0.0,0.0,1.0
280000,4,3,3,410.0,-0.1921023,-78.4884107,0.0,0.0,1.0
625000,4,3,5,1475.0,-0.1577503,-78.438969,0.0,0.0,1.0
90000,3,3,1,116.0,-0.1181784,-78.4964699,0.0,0.0,1.0
125000,3,4,2,189.0,-0.105728858119553,-78.48090932599897,0.0,0.0,1.0
325000,4,5,3,482.0,-0.183380817687999,-78.4738843816,0.0,0.0,1.0
250000,6,4,4,413.0,-0.145916999999999,-78.4576334,0.0,0.0,1.0
228000,4,3,2,265.0,-0.205256124035533,-78.41041425378502,0.0,0.0,1.0
144000,4,3,2,144.0,-0.2971955,-78.4612836,0.0,0.0,1.0
195000,3,2,2,210.0,-0.201847795708805,-78.37560499021961,0.0,0.0,1.0
429000,4,4,3,499.0,-0.207800889861558,-78.45495115618894,0.0,0.0,1.0
950000,4,4,4,944.0,-0.189357414687019,-78.38357745340619,0.0,0.0,1.0
580000,3,3,6,500.0,-0.201591416008391,-78.45330308067321,0.0,0.0,1.0
1300000,4,4,4,1262.0,-0.207031,-78.4258266,0.0,0.0,1.0
330000,4,3,3,300.0,-0.214379246255883,-78.40328789257912,0.0,0.0,1.0
90000,3,2,2,5000.0,-0.295896238995581,-78.44629061111448,0.0,0.0,1.0
143000,5,4,2,300.0,-0.149063499999999,-78.4589493,0.0,0.0,1.0
620000,4,3,4,1200.0,-0.2009974,-78.43303809999999,0.0,0.0,1.0
235000,12,6,1,320.0,-0.1261568,-78.5037354,0.0,0.0,1.0
438000,3,4,4,700.0,-0.1631464,-78.4629713,0.0,0.0,1.0
175000,3,3,2,296.0,-0.10831850818583,-78.50959708601378,0.0,0.0,1.0
720000,11,7,4,731.0,-0.1319297,-78.4823001,0.0,0.0,1.0
105000,4,2,3,210.0,-0.2839754,-78.4690235,0.0,0.0,1.0
1600000,12,10,10,5000.0,-0.188686163397431,-78.47658923433497,0.0,0.0,1.0
450000,3,3,3,725.0,-0.192941489797891,-78.43759618863832,0.0,0.0,1.0
790000,4,4,4,700.0,-0.159769490860849,-78.46234415593486,0.0,0.0,1.0
270000,4,2,6,320.0,-0.158551097845999,-78.4802800455,0.0,0.0,1.0
50000,3,1,1,87.0,-0.0833302,-78.4162787,0.0,0.0,1.0
229000,8,7,5,692.0,-0.1491579,-78.4900614,0.0,0.0,1.0
440000,5,5,5,581.0,-0.213714099999999,-78.4358796,0.0,0.0,1.0
259000,12,9,8,540.0,-0.2290798,-78.5255286,0.0,0.0,1.0
479600,3,3,2,507.0,-0.2064315,-78.4175678,0.0,0.0,1.0
192000,4,3,2,268.0,-0.205823499999999,-78.400392,0.0,0.0,1.0
169000,3,3,2,465.0,-0.319674214921277,-78.43720885758798,0.0,0.0,1.0
185000,3,2,2,165.0,-0.210532082255827,-78.43956600527952,0.0,0.0,1.0
229000,3,3,2,190.0,-0.152271133058748,-78.44504663306884,0.0,0.0,1.0
107639,3,2,1,92.0,-0.210690999999999,-78.3955986,0.0,0.0,1.0
260000,3,3,3,298.0,-0.1577503,-78.438969,0.0,0.0,1.0
629000,4,4,4,604.0,-0.156708108250879,-78.38466963719188,0.0,0.0,1.0
345000,3,3,4,344.0,-0.184202399999999,-78.4426302,0.0,0.0,1.0
1250000,3,3,4,820.0,-0.20277457822871,-78.40517520904542,0.0,0.0,1.0
115000,8,6,1,147.0,-0.127738099999999,-78.4884855,0.0,0.0,1.0
246900,3,4,2,172.0,-0.1577503,-78.438969,0.0,0.0,1.0
145000,3,2,3,250.0,-0.1062336,-78.50444010000001,0.0,0.0,1.0
165000,5,4,4,316.0,-0.3445194,-78.5570548,0.0,0.0,1.0
196000,3,3,2,250.0,-0.221408097402623,-78.37265361865992,0.0,0.0,1.0
45000,2,1,1,72.0,-0.0940492,-78.45101009999999,0.0,0.0,1.0
158000,4,3,2,210.0,-0.1206821,-78.4779475,0.0,0.0,1.0
290000,3,3,2,296.0,-0.210690999999999,-78.39559860000001,0.0,0.0,1.0
230000,6,6,5,503.0,-0.105908199999999,-78.4912112,0.0,0.0,1.0
180000,3,3,2,270.0,-0.200223339421535,-78.44764035412692,0.0,0.0,1.0
880000,4,4,4,801.0,-0.2107252,-78.4410895,0.0,0.0,1.0
390000,5,3,4,478.0,-0.1560244,-78.4944796,0.0,0.0,1.0
284900,3,4,3,400.0,-0.2107223,-78.4154956,0.0,0.0,1.0
499000,3,3,2,593.0,-0.197159746579413,-78.39319313061901,0.0,0.0,1.0
153000,4,3,2,270.0,-0.0583578,-78.4906081,0.0,0.0,1.0
275000,6,5,5,667.0,-0.201237525870665,-78.49552406712246,0.0,0.0,1.0
498000,4,6,3,780.0,-0.2067855,-78.4808871,0.0,0.0,1.0
95000,3,2,2,140.0,-0.306949099999999,-78.5018999,0.0,0.0,1.0
185000,3,3,2,231.0,-0.2238068,-78.3496654,0.0,0.0,1.0
199500,3,2,2,153.0,-0.218147,-78.3849337,0.0,0.0,1.0
151200,3,2,2,131.0,-0.205471099999999,-78.3871737,0.0,0.0,1.0
1300000,3,5,5,1219.0,-0.2089947,-78.4304294,0.0,0.0,1.0
360000,3,2,2,649.0,-0.273608123726058,-78.46526904487463,0.0,0.0,1.0
85000,2,2,2,138.0,-0.299642372321999,-78.4651727301,0.0,0.0,1.0
390000,3,2,8,647.0,-0.1970494,-78.4880931,0.0,0.0,1.0
170000,3,2,2,157.0,-0.195927794786292,-78.43653802721167,0.0,0.0,1.0
370000,4,3,6,454.0,-0.1015303,-78.4978026,0.0,0.0,1.0
309000,5,5,4,448.0,-0.1331228,-78.4774233,0.0,0.0,1.0
175000,3,3,2,250.0,-0.199595485373999,-78.4196411487,0.0,0.0,1.0
189900,3,2,2,229.0,-0.212878248077062,-78.39084596838876,0.0,0.0,1.0
155000,3,2,2,465.0,-0.32172560375712,-78.43716600093596,0.0,0.0,1.0
305000,10,4,3,420.0,-0.1730507,-78.4796644,0.0,0.0,1.0
550000,4,4,2,736.0,-0.1415364,-78.3822093,0.0,0.0,1.0
290000,2,2,3,1300.0,-0.330162599999999,-78.4510729,0.0,0.0,1.0
318000,3,3,6,490.0,-0.1507953,-78.4947286,0.0,0.0,1.0
590000,5,4,3,302.0,-0.206989499999999,-78.4289169,0.0,0.0,1.0
165000,4,2,3,250.0,-0.3079671,-78.4500827,0.0,0.0,1.0
159900,12,3,2,242.0,-0.1311162,-78.4752116,0.0,0.0,1.0
600000,5,6,2,910.0,-0.195994,-78.43257670000003,0.0,0.0,1.0
150000,9,5,8,466.0,-0.2524679,-78.5401754,0.0,0.0,1.0
119000,3,4,2,280.0,-0.034264999999999,-78.4459336,0.0,0.0,1.0
398000,3,3,2,600.0,-0.173366209537173,-78.4254559001808,0.0,0.0,1.0
237000,3,3,2,247.0,-0.2090344,-78.3787279,0.0,0.0,1.0
370000,3,3,2,525.0,-0.191815423179999,-78.3849295253,0.0,0.0,1.0
210000,3,2,2,205.0,-0.220131285740999,-78.4214811634,0.0,0.0,1.0
150000,3,2,5,2000.0,-0.369330956964414,-78.47459456447258,0.0,0.0,1.0
55000,3,1,1,231.0,-0.275843,-78.55271,0.0,0.0,1.0
114000,3,2,2,251.0,-0.284946499999999,-78.531744,0.0,0.0,1.0
145000,3,2,1,192.0,-0.2065323,-78.4480793,0.0,0.0,1.0
900000,4,4,2,2378.0,-0.10855865,-78.48773808464509,0.0,0.0,1.0
175000,3,3,4,500.0,-0.1090449,-78.4931015,0.0,0.0,1.0
1400000,5,8,6,1460.0,-0.221044358269757,-78.41504358684693,0.0,0.0,1.0
880000,12,10,10,1070.0,-0.199914299999999,-78.4991194,0.0,0.0,1.0
345000,7,6,6,1159.0,-0.2006099,-78.51033439999999,0.0,0.0,1.0
324500,3,3,1,297.0,-0.207392245301,-78.4541099735,0.0,0.0,1.0
73000,2,2,1,90.0,-0.1064573,-78.4831906,0.0,0.0,1.0
285000,3,2,2,150.0,-0.120162755299803,-78.33333006473998,0.0,0.0,1.0
115000,3,3,2,189.0,-0.211419899999999,-78.388477,0.0,0.0,1.0
230000,3,2,2,134.0,-0.234387,-78.44522,0.0,0.0,1.0
400000,3,3,4,886.0,-0.2107252,-78.4410895,0.0,0.0,1.0
163800,3,2,2,136.0,-0.298976899999999,-78.45195,0.0,0.0,1.0
175000,4,3,2,221.0,-0.2746682,-78.461012,0.0,0.0,1.0
270000,3,2,2,692.0,-0.216703261783011,-78.42257688882266,0.0,0.0,1.0
275000,3,3,2,425.0,-0.207943199999999,-78.4470478,0.0,0.0,1.0
133500,3,2,2,205.0,-0.2712932,-78.4557663,0.0,0.0,1.0
50000,3,2,1,92.0,-0.03115782505566,-78.45108165252016,0.0,0.0,1.0
152000,4,3,2,280.0,-0.1490635,-78.4589493,0.0,0.0,1.0
84900,3,2,2,159.0,-0.13552041808,-78.4535085984,0.0,0.0,1.0
265000,3,3,2,278.0,-0.1980059,-78.4483359,0.0,0.0,1.0
45000,3,1,1,98.0,-0.083330199999999,-78.4162787,0.0,0.0,1.0
40000,3,2,1,73.0,-0.339675999999999,-78.529742,0.0,0.0,1.0
189900,2,2,2,229.0,-0.212127954245409,-78.38878872327881,0.0,0.0,1.0
135000,3,3,1,272.0,-0.2171578,-78.4050183,0.0,0.0,1.0
55000,3,2,1,98.0,-0.2604675,-78.5122865,0.0,0.0,1.0
69500,3,2,2,140.0,0.016197682461999,-78.46380529635621,0.0,0.0,1.0
85000,4,2,1,154.0,-0.236822869253,-78.5287603606,0.0,0.0,1.0
90000,4,4,2,353.0,-0.265371399999999,-78.5137797,0.0,0.0,1.0
160000,5,3,3,350.0,-0.1478087,-78.4953244,0.0,0.0,1.0
195000,3,4,2,273.0,-0.2038414,-78.4496168,0.0,0.0,1.0
89000,4,2,1,205.0,-0.070005273919995,-78.47022574203483,0.0,0.0,1.0
76000,2,2,1,124.0,-0.040091799999999,-78.4549279,0.0,0.0,1.0
85000,3,2,1,160.0,-0.3007425,-78.4387385,0.0,0.0,1.0
710000,9,7,10,800.0,-0.157596828795492,-78.46500036071319,0.0,0.0,1.0
541000,3,3,4,260.0,-0.1577774,-78.4606135,0.0,0.0,1.0
800000,4,5,2,1053.0,-0.195983271226693,-78.43258742883609,0.0,0.0,1.0
73000,3,2,1,92.0,-0.147849675046647,-78.46347167067806,0.0,0.0,1.0
1250000,4,4,7,5000.0,-0.206558775328206,-78.48021575767211,0.0,0.0,1.0
165000,3,1,3,210.0,-0.3137622,-78.5547062,0.0,0.0,1.0
88000,3,3,1,170.0,-0.308768299999999,-78.5547121,0.0,0.0,1.0
315000,5,5,3,726.0,-0.094335484419035,-78.48112262312578,0.0,0.0,1.0
165000,3,2,2,220.0,-0.1035142,-78.4858499,0.0,0.0,1.0
190000,3,2,2,244.0,-0.221085824420143,-78.44794723914795,0.0,0.0,1.0
660000,4,4,4,900.0,-0.204959499999999,-78.4083949,0.0,0.0,1.0
248000,3,4,2,165.0,-0.2004296,-78.4323748,0.0,0.0,1.0
299000,3,3,2,425.0,-0.2219016,-78.4171307,0.0,0.0,1.0
295000,7,4,8,407.0,-0.174168272821614,-78.49382374445804,0.0,0.0,1.0
89000,4,2,1,106.0,-0.3258705,-78.4569667,0.0,0.0,1.0
332000,3,3,2,174.0,-0.234387,-78.44522,0.0,0.0,1.0
199000,3,2,2,225.0,-0.203200604408981,-78.44610718586381,0.0,0.0,1.0
495000,3,3,3,471.0,-0.2079051,-78.4146078,0.0,0.0,1.0
340000,3,2,3,451.0,-0.216971759078897,-78.43465172698365,0.0,0.0,1.0
390000,3,3,2,350.0,-0.2291875325,-78.4387496613,0.0,0.0,1.0
82000,4,3,2,200.0,-0.1022489,-78.4633113,0.0,0.0,1.0
110300,3,2,2,160.0,-0.150712209048503,-78.44841037573241,0.0,0.0,1.0
249900,4,4,3,660.0,-0.105777862011003,-78.50743365795819,0.0,0.0,1.0
290000,3,3,3,294.0,-0.2147393,-78.4155366,0.0,0.0,1.0
149000,4,3,2,289.0,-0.3327621,-78.4339885,0.0,0.0,1.0
237241,3,3,2,219.0,-0.219799822496561,-78.41603063976441,0.0,0.0,1.0
1200000,4,6,10,5000.0,-0.1939876,-78.3963935,0.0,0.0,1.0
999000,4,2,10,5000.0,-0.1257803,-78.3187871,0.0,0.0,1.0
159000,3,4,2,195.0,-0.180821704111746,-78.4378423930542,0.0,0.0,1.0
125000,3,2,2,205.0,-0.312983242978279,-78.49036067567141,0.0,0.0,1.0
1600000,4,5,8,1100.0,-0.185358629624161,-78.43949249478955,0.0,0.0,1.0
114800,4,3,2,185.0,-0.2692257,-78.4556357,0.0,0.0,1.0
85000,3,1,1,131.0,-0.0968275,-78.4599477,0.0,0.0,1.0
50000,2,1,1,127.0,-0.002059599999999,-78.4558364,0.0,0.0,1.0
485000,5,6,8,2500.0,-0.301940347446064,-78.49211618252565,0.0,0.0,1.0
178000,4,4,2,190.0,-0.2256893,-78.3922181,0.0,0.0,1.0
1600000,5,10,10,5000.0,-0.292986832739183,-78.47061920693419,0.0,0.0,1.0
305000,3,3,2,214.0,-0.18765994309733,-78.41234412374268,0.0,0.0,1.0
750000,4,4,2,720.0,-0.1668073,-78.3782921,0.0,0.0,1.0
85000,3,1,2,200.0,-0.081763199999999,-78.5028963,0.0,0.0,1.0
370000,4,4,6,525.0,-0.095352,-78.4855977,0.0,0.0,1.0
78000,3,2,1,159.0,-0.094049199999999,-78.4510101,0.0,0.0,1.0
210000,3,2,2,185.0,-0.2015051,-78.448681,0.0,0.0,1.0
199000,4,4,2,201.0,-0.3324879,-78.5485447,0.0,0.0,1.0
300000,3,3,2,165.0,-0.215424799999999,-78.4305937,0.0,0.0,1.0
200000,4,4,2,564.0,-0.145827499999999,-78.4980004,0.0,0.0,1.0
360000,4,3,2,328.0,-0.206369999999999,-78.4856127,0.0,0.0,1.0
580000,4,4,6,720.0,-0.3211257,-78.5262595,0.0,0.0,1.0
375000,2,3,5,800.0,-0.2215177,-78.5146281,0.0,0.0,1.0
462000,5,5,3,376.0,-0.2069775,-78.4201235,0.0,0.0,1.0
133000,3,2,2,100.0,-0.270518499999999,-78.46951109999999,0.0,0.0,1.0
630000,5,4,3,1200.0,-0.202660770405084,-78.4300927607019,0.0,0.0,1.0
700000,6,4,3,2000.0,-0.187812470663101,-78.37971507242476,0.0,0.0,1.0
139900,2,2,2,162.0,-0.212878248077062,-78.39084596838876,0.0,0.0,1.0
245000,3,3,2,240.0,-0.1770622,-78.3719676,0.0,0.0,1.0
360000,3,3,2,600.0,-0.1756657,-78.3684895,0.0,0.0,1.0
149000,7,5,4,349.0,-0.2610377,-78.53072360000002,0.0,0.0,1.0
175000,3,3,5,834.0,-0.0891264,-78.42804799999999,0.0,0.0,1.0
900000,3,4,10,5000.0,-0.2449654,-78.5029992,0.0,0.0,1.0
550000,12,10,10,856.0,-0.275843,-78.55270999999999,0.0,0.0,1.0
326000,3,4,2,253.0,-0.15526774327048,-78.38686949554588,0.0,0.0,1.0
168000,3,2,2,150.0,-0.214312,-78.4356259,0.0,0.0,1.0
230000,3,2,2,300.0,-0.219175284259999,-78.4186364062,0.0,0.0,1.0
250000,3,3,2,330.0,-0.2865549,-78.44763669999999,0.0,0.0,1.0
600000,1,4,10,2544.0,-0.177873204555836,-78.44531064196777,0.0,0.0,1.0
570000,3,3,4,2000.0,-0.220971815712503,-78.4081294567342,0.0,0.0,1.0
487836,4,4,4,636.0,-0.157056191099624,-78.45880151108399,0.0,0.0,1.0
70000,3,2,1,155.0,-0.317475799999999,-78.4501525,0.0,0.0,1.0
298000,9,8,5,687.0,-0.106022199999999,-78.4890402,0.0,0.0,1.0
120000,3,2,2,200.0,-0.074622899999999,-78.4826712,0.0,0.0,1.0
158000,4,3,2,302.0,-0.1234952,-78.4759129,0.0,0.0,1.0
189000,3,3,2,275.0,-0.2080243,-78.4447582,0.0,0.0,1.0
318000,3,3,4,500.0,-0.2927914,-78.436379,0.0,0.0,1.0
350000,4,3,4,403.0,-0.1420256,-78.4605425,0.0,0.0,1.0
49000,3,1,1,86.0,-0.083153799999999,-78.4371381,0.0,0.0,1.0
85000,3,2,1,137.0,-0.279623,-78.4924958,0.0,0.0,1.0
359000,3,3,2,600.0,-0.221266018187256,-78.39486318098933,0.0,0.0,1.0
550000,4,5,4,397.0,-0.216050199999999,-78.4247707,0.0,0.0,1.0
315000,5,3,5,720.0,-0.214365813705999,-78.4342759908,0.0,0.0,1.0
390000,3,3,2,613.0,-0.1631464,-78.4629713,0.0,0.0,1.0
180000,3,3,2,294.0,-0.1229862,-78.4759048,0.0,0.0,1.0
117000,4,3,2,90.0,-0.097692469436413,-78.4603130217041,0.0,0.0,1.0
155000,3,2,2,150.0,-0.210691,-78.39559860000001,0.0,0.0,1.0
396715,3,4,4,740.0,-0.1181884,-78.4637887,0.0,0.0,1.0
250000,3,3,2,385.0,-0.1041986,-78.4911614,0.0,0.0,1.0
130000,3,2,2,181.0,-0.094617,-78.4834821,0.0,0.0,1.0
260000,3,2,2,260.0,-0.2026318,-78.4279639,0.0,0.0,1.0
200000,4,4,2,564.0,-0.145827499999999,-78.4980004,0.0,0.0,1.0
73000,2,2,1,90.0,-0.1064573,-78.4831906,0.0,0.0,1.0
367000,4,3,3,450.0,-0.1984112,-78.3934457,0.0,0.0,1.0
160000,9,6,2,471.0,-0.2499714,-78.53057690000001,0.0,0.0,1.0
153700,3,2,2,129.0,-0.205471099999999,-78.3871737,0.0,0.0,1.0
245000,3,3,2,240.0,-0.1770622,-78.3719676,0.0,0.0,1.0
285000,3,2,2,170.0,-0.120141297674858,-78.33333542915801,0.0,0.0,1.0
920000,4,4,6,750.0,-0.1025119,-78.4983746,0.0,0.0,1.0
399000,3,3,2,410.0,-0.220273423288341,-78.44558507683615,0.0,0.0,1.0
78999,3,2,1,108.0,-0.083330199999999,-78.4162787,0.0,0.0,1.0
240000,9,4,5,967.0,-0.2296883,-78.3384394,0.0,0.0,1.0
62999,3,2,2,123.0,-0.083330199999999,-78.4162787,0.0,0.0,1.0
215000,3,3,2,323.0,-0.206679847658735,-78.40268611776993,0.0,0.0,1.0
290000,6,6,3,642.0,-0.176731799999999,-78.4938814,0.0,0.0,1.0
255000,4,4,4,248.0,-0.2011716,-78.42945209999999,0.0,0.0,1.0
160000,9,6,2,471.0,-0.2499714,-78.53057690000001,0.0,0.0,1.0
178000,4,2,2,247.0,-0.191603325086838,-78.38012448580548,0.0,0.0,1.0
85000,3,1,1,131.0,-0.0968275,-78.4599477,0.0,0.0,1.0
160000,7,5,3,480.0,-0.028159,-78.437032,0.0,0.0,1.0
89500,3,3,1,160.0,-0.0668751,-78.4640222,0.0,0.0,1.0
360000,3,3,3,600.0,-0.2107252,-78.4410895,0.0,0.0,1.0
660000,5,4,3,1133.0,-0.1953033,-78.4360767,0.0,0.0,1.0
379000,5,5,6,864.0,-0.0942436,-78.4667621,0.0,0.0,1.0
179990,5,4,2,246.0,-0.1054104,-78.5133372,0.0,0.0,1.0
1200000,4,4,6,2200.0,-0.157509499999999,-78.4557321,0.0,0.0,1.0
150000,3,2,5,2000.0,-0.369330956964414,-78.47459456447258,0.0,0.0,1.0
295000,1,1,2,3550.0,-0.158161961058999,-78.333152898,0.0,0.0,1.0
585000,4,4,3,500.0,-0.15744242774312,-78.46050739601746,0.0,0.0,1.0
278000,4,4,2,425.0,-0.18703834603615,-78.39470110198111,0.0,0.0,1.0
114800,4,3,2,185.0,-0.2692257,-78.4556357,0.0,0.0,1.0
250000,5,3,2,430.0,-0.153090432171488,-78.4758321604338,0.0,0.0,1.0
140000,12,4,2,465.0,-0.127635699999999,-78.4689853,0.0,0.0,1.0
520000,5,5,6,840.0,-0.1679573,-78.4933031,0.0,0.0,1.0
165000,3,3,2,228.0,-0.2038414,-78.4496168,0.0,0.0,1.0
390000,3,3,2,613.0,-0.1631464,-78.4629713,0.0,0.0,1.0
119000,3,3,2,165.0,-0.221748496520592,-78.37817369280022,0.0,0.0,1.0
186406,3,3,2,310.0,-0.2320259,-78.3369554,0.0,0.0,1.0
105500,3,2,1,162.0,-0.0806322,-78.457952,0.0,0.0,1.0
115000,3,3,2,189.0,-0.211419899999999,-78.388477,0.0,0.0,1.0
70000,3,2,1,162.0,-0.1100677,-78.4415412,0.0,0.0,1.0
192000,4,3,2,268.0,-0.205823499999999,-78.400392,0.0,0.0,1.0
110000,5,4,2,196.0,-0.1161154,-78.48584989999999,0.0,0.0,1.0
315000,5,3,5,720.0,-0.214365813705999,-78.4342759908,0.0,0.0,1.0
650000,4,4,6,1200.0,-0.200303399999999,-78.3629006,0.0,0.0,1.0
420000,3,3,2,900.0,-0.200303399999999,-78.3629006,0.0,0.0,1.0
245000,3,3,2,240.0,-0.1770622,-78.3719676,0.0,0.0,1.0
90000,3,2,1,141.0,-0.087715299999999,-78.4639965,0.0,0.0,1.0
143000,5,4,2,300.0,-0.149063499999999,-78.4589493,0.0,0.0,1.0
315000,6,6,4,323.0,-0.2267731,-78.45435789999999,0.0,0.0,1.0
175000,3,3,2,250.0,-0.199595485373999,-78.4196411487,0.0,0.0,1.0
139900,3,2,2,200.0,-0.223778,-78.3838443,0.0,0.0,1.0
140000,3,2,5,1600.0,0.033515446896701,-78.35506567993164,0.0,0.0,1.0
292500,3,3,2,194.0,-0.2151136,-78.441023,0.0,0.0,1.0
555000,6,6,8,520.0,-0.1644208,-78.4861059,0.0,0.0,1.0
480000,4,2,8,966.0,-0.2783826,-78.5409063,0.0,0.0,1.0
118000,5,5,3,240.0,-0.127512998214645,-78.5043078214264,0.0,0.0,1.0
180000,3,3,2,294.0,-0.1229862,-78.4759048,0.0,0.0,1.0
189000,3,3,2,275.0,-0.2080243,-78.4447582,0.0,0.0,1.0
280000,4,3,3,410.0,-0.1921023,-78.4884107,0.0,0.0,1.0
1100000,3,5,4,365.0,-0.151171799999999,-78.386681,0.0,0.0,1.0
83000,3,2,1,120.0,-0.137908,-78.46594,0.0,0.0,1.0
319000,3,3,2,5000.0,-0.118110199999998,-78.4404961,0.0,0.0,1.0
175000,4,3,2,240.0,-0.3309264,-78.4897699,0.0,0.0,1.0
125000,3,2,2,262.0,-0.330153399999999,-78.4499496,0.0,0.0,1.0
159000,3,2,4,200.0,-0.090941465728546,-78.47489836168519,0.0,0.0,1.0
235000,3,2,2,240.0,-0.107960185164024,-78.51218864924314,0.0,0.0,1.0
215000,6,4,6,434.0,-0.1331273,-78.4840126,0.0,0.0,1.0
254000,3,3,2,300.0,-0.222889944769835,-78.42032041108762,0.0,0.0,1.0
595000,4,4,4,1000.0,-0.188964,-78.4476142,0.0,0.0,1.0
170000,3,2,3,162.0,-0.2783826,-78.5409063,0.0,0.0,1.0
45000,3,1,1,98.0,-0.083330199999999,-78.4162787,0.0,0.0,1.0
125000,3,2,2,186.0,-0.245266,-78.52349029999999,0.0,0.0,1.0
160000,3,2,2,200.0,-0.1516677,-78.4851454,0.0,0.0,1.0
330000,3,3,4,340.0,-0.327643999999999,-78.5673547,0.0,0.0,1.0
119000,3,3,1,175.0,-0.2163381,-78.3742172,0.0,0.0,1.0
95000,3,2,2,203.0,-0.0833302,-78.4162787,0.0,0.0,1.0
73000,3,2,1,165.0,-0.0875297,-78.4689224,0.0,0.0,1.0
550000,12,10,10,856.0,-0.275843,-78.55270999999999,0.0,0.0,1.0
165000,4,3,2,261.0,-0.1163326,-78.5077476,0.0,0.0,1.0
80000,9,4,1,255.0,-0.246049860124448,-78.50698587733764,0.0,0.0,1.0
170000,3,3,6,629.0,-0.295183746746,-78.4375822443,0.0,0.0,1.0
1300000,3,5,5,1219.0,-0.2089947,-78.4304294,0.0,0.0,1.0
575000,5,5,2,601.0,-0.1679825,-78.43112099999999,0.0,0.0,1.0
90000,3,2,1,120.0,-0.293475770021749,-78.54881122467575,0.0,0.0,1.0
155000,3,2,3,189.0,-0.1914681,-78.3653607,0.0,0.0,1.0
99000,10,7,2,1000.0,-0.226252835332803,-78.48971216721193,0.0,0.0,1.0
450000,4,4,2,780.0,-0.2049595,-78.40839489999999,0.0,0.0,1.0
118900,3,2,2,160.0,-0.047533544458673,-78.455093735968,0.0,0.0,1.0
85000,3,2,1,1049.0,-0.110759399999999,-78.4918069,0.0,0.0,1.0
99000,3,2,2,212.0,-0.089991939530481,-78.47962813621155,0.0,0.0,1.0
228000,4,4,3,440.0,-0.212441299999999,-78.3992351,0.0,0.0,1.0
120000,3,2,3,258.0,-0.291584919293,-78.4405362257,0.0,0.0,1.0
122900,4,2,2,177.0,-0.295890736372772,-78.48528071614686,0.0,0.0,1.0
750000,6,6,5,2290.0,-0.1711768,-78.4706287,0.0,0.0,1.0
130000,3,2,2,187.0,-0.206899630129,-78.4453808947,0.0,0.0,1.0
545000,4,5,4,956.0,-0.2169046,-78.4183676,0.0,0.0,1.0
360000,3,4,4,310.0,-0.222557599999999,-78.4158646,0.0,0.0,1.0
639149,4,4,3,327.0,-0.2087953,-78.4386438,0.0,0.0,1.0
47000,2,1,1,89.0,-0.082911015024799,-78.4355289884,0.0,0.0,1.0
425000,3,3,5,390.0,-0.194510199999999,-78.4791884,0.0,0.0,1.0
345000,7,6,6,1159.0,-0.2006099,-78.51033439999999,0.0,0.0,1.0
55000,3,2,1,98.0,-0.2604675,-78.5122865,0.0,0.0,1.0
269000,2,2,2,172.0,-0.181884168382008,-78.42194315656128,0.0,0.0,1.0
298000,3,3,2,427.0,-0.2242611367865,-78.3879425515455,0.0,0.0,1.0
119000,3,4,2,280.0,-0.034264999999999,-78.4459336,0.0,0.0,1.0
464916,3,3,2,752.0,-0.1103805,-78.451453,0.0,0.0,1.0
153700,3,2,2,129.0,-0.205471099999999,-78.3871737,0.0,0.0,1.0
151200,3,2,2,131.0,-0.205471099999999,-78.3871737,0.0,0.0,1.0
90000,3,2,2,142.0,-0.321710409274999,-78.4742212195,0.0,0.0,1.0
170000,3,2,2,180.0,-0.322566548805549,-78.44012544782407,0.0,0.0,1.0
117000,3,2,1,149.0,-0.142342492009,-78.4652946865,0.0,0.0,1.0
198500,4,3,2,334.0,-0.140436599999999,-78.4638166,0.0,0.0,1.0
225000,4,3,2,504.0,-0.1672903,-78.4668728,0.0,0.0,1.0
465000,4,4,6,600.0,-0.1927616,-78.46872,0.0,0.0,1.0
450000,4,4,2,540.0,-0.198659499999999,-78.436155,0.0,0.0,1.0
520000,4,4,4,956.0,-0.210402699999999,-78.42079509999999,0.0,0.0,1.0
200000,9,4,4,400.0,-0.216730315326649,-78.48833714841003,0.0,0.0,1.0
179000,3,3,2,150.0,-0.221568579527154,-78.39468003988095,0.0,0.0,1.0
153900,3,2,2,128.0,-0.206916899999999,-78.3857583,0.0,0.0,1.0
169900,3,2,2,142.0,-0.206916899999999,-78.3857583,0.0,0.0,1.0
600000,1,4,10,2544.0,-0.177873204555836,-78.44531064196777,0.0,0.0,1.0
74000,3,2,2,100.0,-0.08547501821355,-78.43142265819702,0.0,0.0,1.0
225000,8,4,3,413.0,-0.143224889016206,-78.46855150251616,0.0,0.0,1.0
120000,2,2,2,230.0,-0.1482632,-78.4634433,0.0,0.0,1.0
195000,3,2,2,262.0,-0.2457898,-78.4421087,0.0,0.0,1.0
230000,3,3,2,290.0,-0.2045793,-78.45601529999999,0.0,0.0,1.0
165000,3,2,2,220.0,-0.1035142,-78.4858499,0.0,0.0,1.0
220000,3,2,2,220.0,-0.201073235640764,-78.38040171793257,0.0,0.0,1.0
328000,3,2,2,401.0,-0.179088444577649,-78.44073564252778,0.0,0.0,1.0
168000,4,2,10,600.0,0.003907268921818,-78.45511471690254,0.0,0.0,1.0
140000,4,2,1,616.0,-0.2678139,-78.5557742,0.0,0.0,1.0
74000,2,4,3,293.0,-0.0639958,-78.4347579,0.0,0.0,1.0
250000,3,3,2,220.0,-0.2032326,-78.5078019,0.0,0.0,1.0
85000,3,2,1,160.0,-0.3007425,-78.4387385,0.0,0.0,1.0
115000,3,2,2,145.0,-0.0021692,-78.455825,0.0,0.0,1.0
650000,4,2,5,3103.0,-0.229293757223649,-78.34774446477084,0.0,0.0,1.0
84900,3,2,1,170.0,-0.244935702755612,-78.47290055431098,0.0,0.0,1.0
329000,4,2,3,420.0,-0.167852862865,-78.4792458487,0.0,0.0,1.0
99000,3,2,1,100.0,-0.156942002625291,-78.50270878147585,0.0,0.0,1.0
99900,5,2,10,1080.0,-0.219895820279999,-78.4824291727,0.0,0.0,1.0
136000,3,2,2,122.0,-0.198739152939999,-78.3990103699,0.0,0.0,1.0
270000,4,2,6,320.0,-0.158551097845999,-78.4802800455,0.0,0.0,1.0
590000,4,4,6,1020.0,-0.181296299999999,-78.4471777,0.0,0.0,1.0
890000,4,6,6,2232.0,-0.211679299999999,-78.4293377,0.0,0.0,1.0
260000,3,3,2,532.0,-0.1025119,-78.4983746,0.0,0.0,1.0
345000,6,3,10,862.0,-0.1363363,-78.4713459,0.0,0.0,1.0
51500,3,1,1,129.0,-0.0013239,-78.44043119999999,0.0,0.0,1.0
350000,4,4,2,493.0,-0.164598757116529,-78.48877085075682,0.0,0.0,1.0
180000,3,3,2,235.0,-0.2061472,-78.39760439999998,0.0,0.0,1.0
210000,4,4,3,503.0,-0.1054104,-78.5133372,0.0,0.0,1.0
620000,4,5,4,600.0,-0.1902715,-78.4268017,0.0,0.0,1.0
1285000,5,5,6,1530.0,-0.198337099999999,-78.417284,0.0,0.0,1.0
420000,4,6,3,658.0,-0.213324154919641,-78.40629438073815,0.0,0.0,1.0
1600000,5,6,4,2220.0,-0.166807299999999,-78.3782921,0.0,0.0,1.0
460000,3,4,2,663.0,-0.197271499999999,-78.44415409999999,0.0,0.0,1.0
195000,3,3,2,231.0,-0.206470647302009,-78.39768744888684,0.0,0.0,1.0
590000,5,4,3,302.0,-0.206989499999999,-78.4289169,0.0,0.0,1.0
414987,3,3,4,606.0,-0.2209337,-78.3838378,0.0,0.0,1.0
299000,3,3,2,364.0,-0.1873842,-78.364977,0.0,0.0,1.0
200000,4,4,2,564.0,-0.145827499999999,-78.4980004,0.0,0.0,1.0
190000,3,2,2,244.0,-0.221085824420143,-78.44794723914795,0.0,0.0,1.0
119990,3,2,2,142.0,-0.04271546085186,-78.45525141558221,0.0,0.0,1.0
650000,7,5,10,4850.0,-0.08970371875965,-78.43323107746583,0.0,0.0,1.0
880000,6,6,6,1100.0,-0.1964142,-78.4170454,0.0,0.0,1.0
79900,3,2,1,128.0,-0.045954099999999,-78.4461359,0.0,0.0,1.0
851000,4,6,8,1149.0,-0.190003699999999,-78.4131977,0.0,0.0,1.0
359000,3,3,2,600.0,-0.221266018187256,-78.39486318098933,0.0,0.0,1.0
425000,4,3,3,484.0,-0.157570013969594,-78.45778297520637,0.0,0.0,1.0
105000,3,2,1,172.0,-0.146701546059827,-78.45428575436739,0.0,0.0,1.0
500000,5,4,3,650.0,-0.2087953,-78.4386438,0.0,0.0,1.0
79000,3,2,2,173.0,-0.0969103,-78.4265022,0.0,0.0,1.0
105000,6,5,2,315.0,-0.124869610073118,-78.46449526383638,0.0,0.0,1.0
165000,5,4,4,316.0,-0.3445194,-78.5570548,0.0,0.0,1.0
69500,3,2,2,140.0,0.016197682461999,-78.46380529635621,0.0,0.0,1.0
315000,3,3,4,277.0,-0.1808739,-78.3699651,0.0,0.0,1.0
970000,6,6,6,945.0,-0.2047653,-78.4869355,0.0,0.0,1.0
541000,3,3,4,260.0,-0.1577774,-78.4606135,0.0,0.0,1.0
189000,3,3,2,228.0,-0.2399031,-78.4895464,0.0,0.0,1.0
189000,3,2,2,225.0,-0.2261902,-78.4052617,0.0,0.0,1.0
225900,3,2,2,278.0,-0.210690999999999,-78.3955986,0.0,0.0,1.0
250000,8,6,6,356.0,-0.110316398030308,-78.48577191715243,0.0,0.0,1.0
1300000,4,5,7,1250.0,-0.204545799999999,-78.4226786,0.0,0.0,1.0
190000,3,2,2,200.0,-0.227930199999999,-78.4298909,0.0,0.0,1.0
82000,3,2,2,181.0,-0.099802980391248,-78.46639988999937,0.0,0.0,1.0
380000,5,4,5,736.0,-0.2070669,-78.4370206,0.0,0.0,1.0
320000,6,8,3,536.0,-0.162757220949967,-78.49146958306098,0.0,0.0,1.0
307350,3,3,3,266.0,-0.218598606412999,-78.4220027915,0.0,0.0,1.0
190000,3,2,2,263.0,-0.026936158847799,-78.4417967767,0.0,0.0,1.0
60000,4,3,1,144.0,-0.263080793980999,-78.4684347709,0.0,0.0,1.0
250000,4,4,10,432.0,-0.189699054061999,-78.4940433389,0.0,0.0,1.0
320000,5,3,3,526.0,-0.161336599999999,-78.4998167,0.0,0.0,1.0
159000,3,2,2,185.0,-0.211875599999999,-78.3727773,0.0,0.0,1.0
210000,3,2,2,205.0,-0.220131285740999,-78.4214811634,0.0,0.0,1.0
295000,7,4,8,407.0,-0.174168272821614,-78.49382374445804,0.0,0.0,1.0
220000,3,3,2,219.0,-0.2107223,-78.4154956,0.0,0.0,1.0
105000,3,2,1,198.0,-0.092044934782,-78.4684585838,0.0,0.0,1.0
165000,3,2,2,173.0,-0.220550241665756,-78.39214347783201,0.0,0.0,1.0
94990,4,4,2,246.0,-0.074759999999999,-78.4218118,0.0,0.0,1.0
290000,3,3,3,246.0,-0.190935899999999,-78.3644105,0.0,0.0,1.0
220000,3,2,2,276.0,-0.2140111,-78.4356426,0.0,0.0,1.0
110000,3,2,2,285.0,-0.24545,-78.48505,0.0,0.0,1.0
570000,5,4,2,782.0,-0.201375899999999,-78.4278941,0.0,0.0,1.0
228735,3,3,2,160.0,-0.1808739,-78.3699651,0.0,0.0,1.0
395000,3,4,4,400.0,-0.202577974686897,-78.45421522086873,0.0,0.0,1.0
65000,3,2,1,131.0,-0.3395566,-78.5457239,0.0,0.0,1.0
600000,4,3,4,1400.0,-0.210691,-78.39559860000001,0.0,0.0,1.0
240000,3,3,2,250.0,-0.1999237,-78.3756967,0.0,0.0,1.0
155000,3,2,2,150.0,-0.210691,-78.39559860000001,0.0,0.0,1.0
49000,3,1,1,86.0,-0.083153799999999,-78.4371381,0.0,0.0,1.0
275000,3,4,6,450.0,-0.278382599999999,-78.5409063,0.0,0.0,1.0
339000,7,7,10,1120.0,-0.2918911,-78.4568094,0.0,0.0,1.0
250000,4,3,2,245.0,-0.1955799,-78.4812696,0.0,0.0,1.0
76500,4,10,1,160.0,-0.2114098,-78.403774,0.0,0.0,1.0
187000,3,3,2,168.0,-0.222395587681999,-78.3779492277,0.0,0.0,1.0
650000,4,4,6,1199.0,-0.1694004,-78.4354042,0.0,0.0,1.0
1600000,4,4,6,5000.0,-0.208238499999999,-78.42481870000002,0.0,0.0,1.0
440000,5,5,5,581.0,-0.213714099999999,-78.4358796,0.0,0.0,1.0
250000,5,5,2,429.0,-0.140526299999999,-78.4642272,0.0,0.0,1.0
290000,5,5,4,630.0,-0.2068152,-78.5216634,0.0,0.0,1.0
450000,3,3,1,746.0,-0.200997399999999,-78.4330381,0.0,0.0,1.0
130000,3,2,2,181.0,-0.094617,-78.4834821,0.0,0.0,1.0
205000,3,2,2,136.0,-0.173262899999999,-78.4413276,0.0,0.0,1.0
139900,3,2,2,200.0,-0.218147,-78.3849337,0.0,0.0,1.0
200000,12,6,3,529.0,-0.1420794,-78.499101,0.0,0.0,1.0
235000,2,2,2,324.0,-0.1730439,-78.472213,0.0,0.0,1.0
289000,4,3,4,533.0,-0.1658485,-78.483019,0.0,0.0,1.0
137740,3,2,2,124.0,-0.221537287237,-78.3873155015,0.0,0.0,1.0
230000,4,3,3,498.0,-0.1127934,-78.4977092,0.0,0.0,1.0
120000,4,3,1,60.0,-0.1485619,-78.4982384,0.0,0.0,1.0
340000,8,5,3,300.0,-0.1731559,-78.4790834,0.0,0.0,1.0
179000,2,2,2,245.0,-0.227241660336412,-78.44815120250536,0.0,0.0,1.0
92000,4,2,1,145.0,-0.152602660077999,-78.5045562709,0.0,0.0,1.0
260000,5,4,1,700.0,-0.315210016689652,-78.44038771271997,0.0,0.0,1.0
225000,3,2,2,332.0,-0.200526938219122,-78.3950201635167,0.0,0.0,1.0
97000,8,4,1,400.0,-0.279605672810643,-78.54174314921265,0.0,0.0,1.0
99000,5,3,2,122.0,-0.155495993898671,-78.47141787924461,0.0,0.0,1.0
179000,4,2,3,399.0,-0.122887494628982,-78.49009295078316,0.0,0.0,1.0
149000,4,3,2,289.0,-0.3327621,-78.4339885,0.0,0.0,1.0
229000,4,4,2,246.0,-0.1493516,-78.4423165,0.0,0.0,1.0
112000,3,2,2,5000.0,-0.2875648,-78.503276,0.0,0.0,1.0
205000,4,3,2,408.0,-0.1914666,-78.443237,0.0,0.0,1.0
120000,3,2,2,145.0,-0.1103805,-78.451453,0.0,0.0,1.0
117000,4,3,2,90.0,-0.097692469436413,-78.4603130217041,0.0,0.0,1.0
450000,3,3,3,725.0,-0.192941489797891,-78.43759618863832,0.0,0.0,1.0
90000,4,4,2,353.0,-0.265371399999999,-78.5137797,0.0,0.0,1.0
220000,12,8,1,183.0,-0.298184915977232,-78.54092172055664,0.0,0.0,1.0
84900,3,3,1,135.0,-0.088339599999999,-78.43934519999999,0.0,0.0,1.0
107000,3,2,2,150.0,-0.319137726977198,-78.44167919298391,0.0,0.0,1.0
109000,7,5,3,366.0,-0.130604630981949,-78.46839083341366,0.0,0.0,1.0
75000,5,3,1,80.0,-0.1169069,-78.5076791,0.0,0.0,1.0
270000,3,2,2,410.0,-0.1040936,-78.5045174,0.0,0.0,1.0
298000,5,3,6,580.0,-0.189437307935275,-78.49783902274066,0.0,0.0,1.0
158750,3,2,2,116.0,-0.210690999999999,-78.3955986,0.0,0.0,1.0
367000,4,3,3,450.0,-0.1984112,-78.3934457,0.0,0.0,1.0
269000,3,2,2,1426.0,-0.201505099999999,-78.448681,0.0,0.0,1.0
288000,3,4,2,483.0,-0.218147,-78.38493369999999,0.0,0.0,1.0
150000,4,3,2,262.0,-0.141003,-78.5008343,0.0,0.0,1.0
269000,3,4,2,280.0,-0.218147,-78.38493369999999,0.0,0.0,1.0
224000,3,2,2,244.0,-0.141291799999999,-78.4661336,0.0,0.0,1.0
195000,3,4,2,273.0,-0.2038414,-78.4496168,0.0,0.0,1.0
1000000,4,7,4,1200.0,-0.155601999999999,-78.3728456,0.0,0.0,1.0
298000,9,8,5,687.0,-0.106022199999999,-78.4890402,0.0,0.0,1.0
42000,2,1,1,74.0,-0.0788751,-78.4358464,0.0,0.0,1.0
345000,3,3,4,344.0,-0.184202399999999,-78.4426302,0.0,0.0,1.0
370000,8,7,5,299.0,-0.2126965,-78.4883717,0.0,0.0,1.0
70000,2,1,4,490.0,-0.1070103,-78.4822024,0.0,0.0,1.0
280000,3,2,4,800.0,-0.1139749,-78.4996719,0.0,0.0,1.0
487900,4,4,4,406.0,-0.157568377711418,-78.45717092277067,0.0,0.0,1.0
1500000,4,4,4,2000.0,-0.210691,-78.39559860000001,0.0,0.0,1.0
115250,3,2,1,120.0,-0.205823499999999,-78.400392,0.0,0.0,1.0
165900,3,2,1,171.0,-0.205823499999999,-78.400392,0.0,0.0,1.0
83900,3,2,4,200.0,-0.339172613821,-78.5425361156,0.0,0.0,1.0
89990,3,2,1,170.0,-0.107295199999999,-78.4992381,0.0,0.0,1.0
109500,3,3,1,150.0,-0.1568082,-78.4794568,0.0,0.0,1.0
1200000,8,9,5,1400.0,-0.2009974,-78.43303809999999,0.0,0.0,1.0
1250000,5,6,4,1168.0,-0.197271499999999,-78.44415409999999,0.0,0.0,1.0
163000,3,3,2,160.0,-0.3117125,-78.5278058,0.0,0.0,1.0
246900,3,4,2,172.0,-0.1577503,-78.438969,0.0,0.0,1.0
950000,4,4,6,1300.0,-0.190037199999999,-78.4484486,0.0,0.0,1.0
129500,3,3,2,320.0,-0.0886977,-78.4679852,0.0,0.0,1.0
145000,3,2,2,158.0,-0.2262941,-78.4461122,0.0,0.0,1.0
89500,3,2,1,175.0,-0.0833302,-78.4162787,0.0,0.0,1.0
79000,3,2,1,148.0,-0.361340672352999,-78.4389152885,0.0,0.0,1.0
44226,3,2,1,105.0,-0.006232999999999,-78.4415633,0.0,0.0,1.0
111000,3,2,2,194.0,-0.111009399999999,-78.4838798,0.0,0.0,1.0
230000,3,2,2,353.0,-0.202540699999999,-78.4414316,0.0,0.0,1.0
90000,3,2,1,157.0,-0.097567,-78.4659334,0.0,0.0,1.0
585000,3,3,4,880.0,-0.2009974,-78.43303809999999,0.0,0.0,1.0
96000,3,2,1,144.0,-0.1457809,-78.4555319,0.0,0.0,1.0
120000,3,3,2,180.0,-0.0875297,-78.4689224,0.0,0.0,1.0
162000,3,2,2,193.0,-0.200180573893332,-78.39319547724608,0.0,0.0,1.0
245000,3,3,2,361.0,-0.1990444,-78.4042978,0.0,0.0,1.0
540000,3,3,3,441.0,-0.224387604184253,-78.39768298790032,0.0,0.0,1.0
98000,3,2,1,124.0,-0.1451993,-78.5038943,0.0,0.0,1.0
158000,4,4,2,241.0,-0.3069491,-78.5018999,0.0,0.0,1.0
58000,3,2,4,200.0,-0.0743215,-78.4396571,0.0,0.0,1.0
980000,3,4,5,1231.0,-0.1915084,-78.42368429999999,0.0,0.0,1.0
359000,5,3,3,386.0,-0.124158801254,-78.493746237,0.0,0.0,1.0
169500,3,3,1,488.0,-0.245266,-78.52349029999999,0.0,0.0,1.0
389000,2,2,2,380.0,-0.3097226,-78.5341255,0.0,0.0,1.0
495000,3,3,3,471.0,-0.2079051,-78.4146078,0.0,0.0,1.0
159900,12,3,2,242.0,-0.1311162,-78.4752116,0.0,0.0,1.0
99900,3,2,1,174.0,-0.330162599999999,-78.4510729,0.0,0.0,1.0
780000,4,4,3,720.0,-0.155602,-78.37284559999999,0.0,0.0,1.0
320000,3,2,4,1300.0,-0.1577503,-78.438969,0.0,0.0,1.0
210000,9,7,5,2537.0,-0.262256299999999,-78.4966388,0.0,0.0,1.0
175000,3,3,2,242.0,-0.186169599999999,-78.3555238,0.0,0.0,1.0
440000,5,5,4,550.0,-0.2124452,-78.4375362,0.0,0.0,1.0
298000,4,4,3,322.0,-0.140376899999999,-78.4663116,0.0,0.0,1.0
178000,3,2,3,2500.0,-0.0584888,-78.3345765,0.0,0.0,1.0
87000,4,2,1,168.0,-0.106962944245011,-78.46506989112466,0.0,0.0,1.0
91000,3,2,2,130.0,-0.2982691,-78.4685845,0.0,0.0,1.0
293650,4,4,3,176.0,-0.2026455,-78.4490403,0.0,0.0,1.0
130000,3,2,2,220.0,-0.1407432,-78.4701485,0.0,0.0,1.0
155000,3,2,2,178.0,-0.2164457,-78.3768336,0.0,0.0,1.0
142000,3,3,2,185.0,-0.0901561,-78.4783684,0.0,0.0,1.0
178000,3,2,2,162.0,-0.2032326,-78.5078019,0.0,0.0,1.0
1198000,7,5,10,5000.0,-0.2701051,-78.4692096,0.0,0.0,1.0
400000,5,4,4,530.0,-0.1887155,-78.4437608,0.0,0.0,1.0
450000,3,4,2,500.0,-0.210691,-78.39559860000001,0.0,0.0,1.0
199000,3,3,2,145.0,-0.2262941,-78.4461122,0.0,0.0,1.0
160000,3,3,2,516.0,-0.1330165,-78.4438978,0.0,0.0,1.0
175000,4,2,2,281.0,-0.3082531,-78.4151778,0.0,0.0,1.0
93800,3,2,1,171.0,-0.278382599999999,-78.5409063,0.0,0.0,1.0
700000,3,2,9,2500.0,-0.2273379,-78.3877778,0.0,0.0,1.0
298000,3,3,2,394.0,-0.210690999999999,-78.3955986,0.0,0.0,1.0
320000,4,3,4,381.0,-0.178995216262322,-78.43982261599731,0.0,0.0,1.0
435000,6,6,10,1000.0,-0.0957143,-78.4221944,0.0,0.0,1.0
350000,3,3,2,390.0,-0.246767,-78.4290918,0.0,0.0,1.0
920000,3,3,4,1475.0,-0.1668073,-78.3782921,0.0,0.0,1.0
87000,3,2,1,152.0,-0.067468,-78.4612108,0.0,0.0,1.0
199000,3,2,5,2400.0,-0.0576322,-78.3565145,0.0,0.0,1.0
114485,3,3,1,100.0,-0.218339204035238,-78.38877364813234,0.0,0.0,1.0
72000,3,2,1,105.0,-0.2658687,-78.4722715,0.0,0.0,1.0
139900,3,2,2,149.0,-0.223561299999999,-78.387808,0.0,0.0,1.0
340000,3,2,3,451.0,-0.216971759078897,-78.43465172698365,0.0,0.0,1.0
600000,4,3,2,1235.0,-0.1567987,-78.4624064,0.0,0.0,1.0
750000,5,5,10,3000.0,-0.227778090742602,-78.44403982803344,0.0,0.0,1.0
189500,6,3,5,362.0,-0.195571471713949,-78.50979356137695,0.0,0.0,1.0
84500,4,3,2,180.0,-0.0574108,-78.4587725,0.0,0.0,1.0
130000,8,4,1,289.0,-0.221478199999999,-78.5139876,0.0,0.0,1.0
175000,3,3,4,500.0,-0.1090449,-78.4931015,0.0,0.0,1.0
450000,5,4,3,335.0,-0.176898599999999,-78.4263143,0.0,0.0,1.0
900000,12,10,10,2211.0,-0.0697341,-78.45956439999999,0.0,0.0,1.0
220000,3,3,2,430.0,-0.1037254,-78.485088,0.0,0.0,1.0
166000,4,2,4,300.0,-0.1496536,-78.4815726,0.0,0.0,1.0
69000,8,4,2,250.0,-0.0784445022009,-78.4423235268,0.0,0.0,1.0
163800,3,2,2,136.0,-0.298976899999999,-78.45195,0.0,0.0,1.0
119000,9,6,2,309.0,-0.105845913799999,-78.4636524529,0.0,0.0,1.0
290000,3,3,3,294.0,-0.2147393,-78.4155366,0.0,0.0,1.0
138000,4,3,1,234.0,-0.286889094148715,-78.48918885167502,0.0,0.0,1.0
195000,4,3,1,350.0,-0.3481005,-78.4613218,0.0,0.0,1.0
1140000,3,3,2,2535.0,-0.2034793,-78.4223019,0.0,0.0,1.0
350000,3,3,3,220.0,-0.20636644945845,-78.43602543191689,0.0,0.0,1.0
145000,3,2,2,145.0,-0.226917892682665,-78.44712807290006,0.0,0.0,1.0
699000,6,6,10,1365.0,-0.1405982,-78.4634143,0.0,0.0,1.0
340000,10,7,7,643.0,-0.164970299999999,-78.479709,0.0,0.0,1.0
59000,3,1,2,168.0,-0.007438851783518,-78.44204780736928,0.0,0.0,1.0
102990,3,3,2,114.0,-0.3098909,-78.4718699,0.0,0.0,1.0
108000,3,3,1,130.0,-0.3225815,-78.4708913,0.0,0.0,1.0
248000,3,2,2,300.0,-0.2210501,-78.4513193,0.0,0.0,1.0
535000,5,5,4,510.0,-0.209011599999999,-78.4531696,0.0,0.0,1.0
230000,4,3,2,540.0,-0.1247156,-78.4993452,0.0,0.0,1.0
222626,3,3,2,213.0,-0.224077986187415,-78.42812677625734,0.0,0.0,1.0
72000,8,3,1,162.0,-0.253228,-78.55370769999999,0.0,0.0,1.0
109999,3,2,1,162.0,-0.042352336894654,-78.4473832025748,0.0,0.0,1.0
1100000,4,6,4,2500.0,-0.182661812093688,-78.4221711566127,0.0,0.0,1.0
115000,3,3,1,125.0,-0.2199875,-78.3816555,0.0,0.0,1.0
310000,9,6,6,783.0,-0.146648176372,-78.4918801511,0.0,0.0,1.0
310000,9,6,6,783.0,-0.146648176372,-78.4918801511,0.0,0.0,1.0
880000,6,4,5,1030.0,-0.1983771,-78.4250691,0.0,0.0,1.0
185000,4,3,2,312.0,-0.2063442,-78.4801943,0.0,0.0,1.0
265000,3,3,2,299.0,-0.22262138038165,-78.42602557906496,0.0,0.0,1.0
66800,3,2,1,76.0,-0.016648485046179,-78.45188950957032,0.0,0.0,1.0
52000,3,1,2,91.0,-0.002059599999999,-78.4558364,0.0,0.0,1.0
50000,3,2,1,92.0,-0.03115782505566,-78.45108165252016,0.0,0.0,1.0
105000,2,2,3,131.0,-0.1456283,-78.4783215,0.0,0.0,1.0
480000,4,3,3,720.0,-0.2067855,-78.48088709999999,0.0,0.0,1.0
152900,2,2,2,297.0,-0.1899625,-78.3387683,0.0,0.0,1.0
58000,3,1,1,113.0,-0.025409357091509,-78.45225331586914,0.0,0.0,1.0
198000,3,3,2,272.0,-0.204562899999999,-78.4030686,0.0,0.0,1.0
160000,3,2,2,445.0,-0.280442512029,-78.5417431492,0.0,0.0,1.0
350000,4,4,3,640.0,-0.20241912115828,-78.38329262503969,0.0,0.0,1.0
220000,3,2,4,152.0,-0.246767,-78.4290918,0.0,0.0,1.0
48000,2,1,2,218.0,-0.105414599999999,-78.5291465,0.0,0.0,1.0
430000,3,5,5,532.0,-0.1243844,-78.4939722,0.0,0.0,1.0
85000,3,2,1,100.0,-0.116191213610958,-78.50704519762269,0.0,0.0,1.0
153000,4,3,2,270.0,-0.0583578,-78.4906081,0.0,0.0,1.0
120000,3,2,2,150.0,-0.297802899999999,-78.4142705,0.0,0.0,1.0
220000,8,4,2,484.0,-0.089291951740399,-78.4397016524,0.0,0.0,1.0
98557,3,2,1,132.0,-0.224426573682621,-78.34981929946288,0.0,0.0,1.0
1600000,4,4,9,1160.0,-0.195208199999999,-78.4159498,0.0,0.0,1.0
406855,4,4,2,277.0,-0.2134195,-78.4434001,0.0,0.0,1.0
229300,3,3,2,267.0,-0.171949720599965,-78.43943204922331,0.0,0.0,1.0
550000,5,5,2,650.0,-0.2107252,-78.44108949999999,0.0,0.0,1.0
320000,4,3,5,450.0,-0.2234572,-78.4275966,0.0,0.0,1.0
128000,3,2,2,220.0,-0.3054333,-78.4858242,0.0,0.0,1.0
100000,8,5,2,136.0,-0.26974878618175,-78.56174460213013,0.0,0.0,1.0
110000,3,2,2,211.0,-0.1577503,-78.438969,0.0,0.0,1.0
219000,9,5,4,568.0,-0.2700253,-78.4796491,0.0,0.0,1.0
169900,6,3,2,380.0,-0.210691,-78.39559860000001,0.0,0.0,1.0
420000,3,2,2,464.0,-0.207879834113,-78.4805437772,0.0,0.0,1.0
235000,4,3,1,197.0,-0.3023583,-78.4805667,0.0,0.0,1.0
145000,3,2,2,135.0,-0.1577503,-78.438969,0.0,0.0,1.0
74900,3,2,2,140.0,-0.0893014,-78.4201255,0.0,0.0,1.0
390000,3,3,2,350.0,-0.2291875325,-78.4387496613,0.0,0.0,1.0
898000,3,3,8,1200.0,-0.155601999999999,-78.3728456,0.0,0.0,1.0
159000,3,2,2,226.0,-0.288086999999999,-78.5288459,0.0,0.0,1.0
85000,4,2,1,154.0,-0.236822869253,-78.5287603606,0.0,0.0,1.0
665000,5,6,1,2959.0,-0.2277507,-78.4360228,0.0,0.0,1.0
235000,12,6,1,320.0,-0.1261568,-78.5037354,0.0,0.0,1.0
170000,7,5,3,624.0,-0.263918070022,-78.548936139,0.0,0.0,1.0
750000,4,3,4,1100.0,-0.190003699999999,-78.4131977,0.0,0.0,1.0
175000,4,3,2,221.0,-0.2746682,-78.461012,0.0,0.0,1.0
115000,3,2,2,162.0,-0.2820807,-78.5163893,0.0,0.0,1.0
990000,4,4,4,943.0,-0.188543899999999,-78.4473691,0.0,0.0,1.0
141471,3,2,2,119.0,-0.1840699,-78.3874328,0.0,0.0,1.0
117000,3,2,2,200.0,-0.3069491,-78.5018999,0.0,0.0,1.0
90000,3,2,2,140.0,-0.291853399999999,-78.4713235,0.0,0.0,1.0
725000,6,6,4,1960.0,-0.152576106986059,-78.50384177199093,0.0,0.0,1.0
620000,8,7,10,934.0,-0.160040468087546,-78.49209082936096,0.0,0.0,1.0
69000,3,2,2,165.0,-0.3250026,-78.4892583,0.0,0.0,1.0
96000,3,3,1,145.0,-0.112754199999999,-78.4333181,0.0,0.0,1.0
260000,3,3,4,363.0,-0.210690999999999,-78.3955986,0.0,0.0,1.0
189000,3,3,2,194.0,-0.1884821,-78.448454,0.0,0.0,1.0
250000,3,3,2,360.0,-0.2151522,-78.43203849999999,0.0,0.0,1.0
321000,3,3,2,199.0,-0.218671146361999,-78.4165464905,0.0,0.0,1.0
78000,3,2,1,159.0,-0.094049199999999,-78.4510101,0.0,0.0,1.0
70000,3,1,1,132.0,-0.2962303,-78.5464108,0.0,0.0,1.0
170000,3,2,2,222.0,-0.125444874321141,-78.47460277246093,0.0,0.0,1.0
180000,2,2,2,550.0,-0.1977692,-78.4754678,0.0,0.0,1.0
285000,3,2,2,302.0,-0.201400699999999,-78.474721,0.0,0.0,1.0
249000,3,3,3,559.0,-0.1045365,-78.50495149999999,0.0,0.0,1.0
85000,3,2,2,143.0,-0.0988477,-78.4659986,0.0,0.0,1.0
530000,4,4,4,350.0,-0.1032968,-78.4361088,0.0,0.0,1.0
140000,3,3,4,270.0,-0.2783826,-78.5409063,0.0,0.0,1.0
259000,12,9,8,540.0,-0.2290798,-78.5255286,0.0,0.0,1.0
54000,2,2,1,70.0,-0.264977799999999,-78.4840575,0.0,0.0,1.0
650000,4,4,6,2601.0,-0.216366514859674,-78.40111322173463,0.0,0.0,1.0
115000,3,2,2,230.0,-0.3103273,-78.48079129999999,0.0,0.0,1.0
270000,5,3,3,387.0,-0.3301626,-78.4510729,0.0,0.0,1.0
199000,3,3,2,282.0,-0.208660327818009,-78.39331092686157,0.0,0.0,1.0
155000,3,2,2,363.0,-0.3100794,-78.4719402,0.0,0.0,1.0
570000,3,3,4,700.0,-0.216928186460364,-78.44759655439955,0.0,0.0,1.0
175000,3,2,3,431.0,-0.3100695,-78.47193639999999,0.0,0.0,1.0
150000,3,2,2,352.0,-0.2783826,-78.5409063,0.0,0.0,1.0
383000,3,2,3,350.0,-0.2627976,-78.44644290000001,0.0,0.0,1.0
430000,12,9,6,980.0,-0.170914693945026,-78.49335604973754,0.0,0.0,1.0
159000,3,4,2,195.0,-0.180821704111746,-78.4378423930542,0.0,0.0,1.0
125000,5,5,3,508.0,-0.237632811580999,-78.5396822967,0.0,0.0,1.0
109000,3,2,1,127.0,-0.152791299999999,-78.474484,0.0,0.0,1.0
74900,3,1,1,85.0,-0.2812593,-78.4981933,0.0,0.0,1.0
89999,3,2,1,101.0,-0.2812593,-78.4981933,0.0,0.0,1.0
320000,2,2,4,340.0,-0.0988661,-78.4363584,0.0,0.0,1.0
75000,3,2,1,105.0,-0.0020596,-78.4558364,0.0,0.0,1.0
50000,3,1,1,87.0,-0.0833302,-78.4162787,0.0,0.0,1.0
195000,4,4,3,370.0,-0.2671149,-78.4864727,0.0,0.0,1.0
405000,4,3,2,486.0,-0.1878517,-78.4712604,0.0,0.0,1.0
220000,3,3,2,170.0,-0.284946499999999,-78.531744,0.0,0.0,1.0
450000,3,3,3,810.0,-0.2091247,-78.49521829999999,0.0,0.0,1.0
137000,3,2,2,125.0,-0.250612999999999,-78.4928601,0.0,0.0,1.0
420000,4,4,3,400.0,-0.174123589797999,-78.4823670667,0.0,0.0,1.0
100000,3,2,2,211.0,-0.090807999999999,-78.4584565,0.0,0.0,1.0
80000,4,4,2,200.0,-0.10207723889594,-78.46298943491823,0.0,0.0,1.0
136000,3,3,1,335.0,-0.092292534842341,-78.4610059599106,0.0,0.0,1.0
126000,3,2,2,162.0,-0.239157199999999,-78.3295026,0.0,0.0,1.0
498000,4,6,3,780.0,-0.2067855,-78.4808871,0.0,0.0,1.0
85000,2,2,2,138.0,-0.299642372321999,-78.4651727301,0.0,0.0,1.0
114900,3,2,2,178.0,-0.1405982,-78.4634143,0.0,0.0,1.0
99900,4,3,1,145.0,-0.2791569,-78.4776323,0.0,0.0,1.0
1180000,3,5,3,2420.0,-0.2107252,-78.4410895,0.0,0.0,1.0
56000,2,2,1,123.0,-0.0987214,-78.4664317,0.0,0.0,1.0
135500,3,2,2,213.0,-0.239990199999999,-78.3256925,0.0,0.0,1.0
265000,3,3,3,400.0,-0.2031126,-78.4476834,0.0,0.0,1.0
172000,3,2,2,205.0,-0.197641121748234,-78.44762779682006,0.0,0.0,1.0
148000,3,2,2,158.0,-0.284946499999999,-78.531744,0.0,0.0,1.0
210000,3,2,6,501.0,-0.2864979,-78.44584,0.0,0.0,1.0
280000,5,4,4,1000.0,-0.1010921,-78.4362881,0.0,0.0,1.0
470000,4,5,4,1200.0,-0.2320259,-78.3369554,0.0,0.0,1.0
318000,3,3,4,500.0,-0.2927914,-78.436379,0.0,0.0,1.0
105000,3,2,2,138.0,-0.2800167,-78.4612894,0.0,0.0,1.0
305000,4,2,3,525.0,-0.189529599999999,-78.5071575,0.0,0.0,1.0
175000,4,2,2,200.0,-0.1636336,-78.4643341,0.0,0.0,1.0
359000,4,3,3,644.0,-0.1584177,-78.4872269,0.0,0.0,1.0
370000,3,3,2,445.0,-0.155602,-78.37284559999999,0.0,0.0,1.0
169000,10,4,1,712.0,-0.2182493,-78.5182933,0.0,0.0,1.0
119000,2,1,3,510.0,-0.0825319,-78.4207501,0.0,0.0,1.0
53000,2,2,1,81.0,-0.084105509663918,-78.43005898731076,0.0,0.0,1.0
180000,12,6,2,466.0,-0.2512594,-78.5407018,0.0,0.0,1.0
440000,4,5,2,376.0,-0.249574099999999,-78.49948,0.0,0.0,1.0
300000,3,3,2,165.0,-0.215424799999999,-78.4305937,0.0,0.0,1.0
230000,3,2,2,134.0,-0.234387,-78.44522,0.0,0.0,1.0
332000,3,3,2,174.0,-0.234387,-78.44522,0.0,0.0,1.0
89900,3,2,2,73.0,-0.073336399999999,-78.4224829,0.0,0.0,1.0
98000,3,2,1,100.0,-0.330162599999999,-78.4510729,0.0,0.0,1.0
55000,5,2,2,178.0,-0.0796329,-78.4483686,0.0,0.0,1.0
201000,3,3,2,141.0,-0.169745299999999,-78.4828258,0.0,0.0,1.0
165000,3,3,2,266.0,-0.067707,-78.4632435,0.0,0.0,1.0
1100000,5,5,4,1150.0,-0.1854956,-78.4460843,0.0,0.0,1.0
95000,3,2,1,150.0,-0.132123326239597,-78.4609235767212,0.0,0.0,1.0
122000,3,2,2,165.0,-0.1733163,-78.3757112,0.0,0.0,1.0
109000,4,3,2,192.0,-0.109967805131938,-78.50674155702546,0.0,0.0,1.0
290000,3,3,2,296.0,-0.210690999999999,-78.39559860000001,0.0,0.0,1.0
300700,3,3,2,382.0,-0.1724237,-78.4234988,0.0,0.0,1.0
110000,3,2,1,197.0,-0.092318999999999,-78.4675761,0.0,0.0,1.0
79900,3,2,1,192.0,-0.005979201429989,-78.4408160295166,0.0,0.0,1.0
429000,4,4,3,499.0,-0.207800889861558,-78.45495115618894,0.0,0.0,1.0
58000,3,2,1,120.0,-0.0784392,-78.4319385,0.0,0.0,1.0
169000,3,3,2,465.0,-0.319674214921277,-78.43720885758798,0.0,0.0,1.0
320000,7,7,4,432.0,-0.198141,-78.5094533,0.0,0.0,1.0
462500,3,3,3,388.0,-0.182400416779822,-78.38775592596886,0.0,0.0,1.0
138000,3,2,2,174.0,-0.221216275838119,-78.37420087014151,0.0,0.0,1.0
88000,5,3,2,115.0,-0.3131434,-78.4785511,0.0,0.0,1.0
1100000,3,2,2,1200.0,-0.1201263,-78.3333292,0.0,0.0,1.0
55000,2,2,1,75.0,-0.082221799999999,-78.4307582,0.0,0.0,1.0
140000,3,2,2,190.0,-0.0900411,-78.4814159,0.0,0.0,1.0
289900,3,2,2,260.0,-0.2038414,-78.4496168,0.0,0.0,1.0
179000,3,3,2,231.0,-0.2083175,-78.39927759999999,0.0,0.0,1.0
255000,3,4,2,300.0,-0.1839841,-78.493617,0.0,0.0,1.0
119000,4,2,2,212.0,-0.221889864116174,-78.37863271806857,0.0,0.0,1.0
150000,3,2,3,354.0,-0.1570882,-78.4708101,0.0,0.0,1.0
450000,4,4,2,430.0,-0.187402,-78.44796,0.0,0.0,1.0
520000,3,4,6,472.0,-0.205797536351999,-78.4103092302,0.0,0.0,1.0
98000,4,3,3,339.0,-0.0940492,-78.45101009999999,0.0,0.0,1.0
324000,3,3,2,298.0,-0.2038414,-78.4496168,0.0,0.0,1.0
550000,4,2,3,527.0,-0.1564828,-78.4771561,0.0,0.0,1.0
279000,6,4,4,5000.0,-0.1977459,-78.500208,0.0,0.0,1.0
67500,2,1,1,80.0,-0.2812593,-78.4981933,0.0,0.0,1.0
150000,4,4,2,245.0,-0.294185,-78.4484525,0.0,0.0,1.0
58000,3,2,1,909.0,-0.040091799999999,-78.4549279,0.0,0.0,1.0
590000,5,6,5,3307.0,-0.2662333,-78.4636917,0.0,0.0,1.0
70000,3,2,1,155.0,-0.317475799999999,-78.4501525,0.0,0.0,1.0
248000,3,4,2,165.0,-0.2004296,-78.4323748,0.0,0.0,1.0
58000,3,1,1,5000.0,-0.076033199999999,-78.47874639999999,0.0,0.0,1.0
290000,4,3,2,364.0,-0.2063442,-78.4801943,0.0,0.0,1.0
325000,3,3,2,600.0,-0.1994083,-78.4758469,0.0,0.0,1.0
280000,3,3,2,319.0,-0.2065315,-78.4283681,0.0,0.0,1.0
539100,4,4,4,551.0,-0.157453299999999,-78.4604351,0.0,0.0,1.0
85000,3,2,1,137.0,-0.279623,-78.4924958,0.0,0.0,1.0
255000,2,2,2,900.0,-0.2705185,-78.46951109999999,0.0,0.0,1.0
89000,3,2,1,241.0,-0.1231851,-78.4715867,0.0,0.0,1.0
438000,3,4,4,700.0,-0.1631464,-78.4629713,0.0,0.0,1.0
165000,5,3,2,250.0,-0.3288256,-78.4348602,0.0,0.0,1.0
191400,3,3,2,188.0,-0.199174099999999,-78.4816628,0.0,0.0,1.0
221000,3,3,2,155.0,-0.234387,-78.44522,0.0,0.0,1.0
103000,3,2,2,160.0,-0.0980734,-78.4840741,0.0,0.0,1.0
176000,3,3,2,201.0,-0.3467465,-78.4816802,0.0,0.0,1.0
385000,4,4,6,1000.0,-0.307898408595036,-78.46979627514648,0.0,0.0,1.0
326000,3,4,2,253.0,-0.15526774327048,-78.38686949554588,0.0,0.0,1.0
1600000,3,6,6,2600.0,-0.1919759,-78.4357401,0.0,0.0,1.0
110000,5,3,2,260.0,-0.113971494853402,-78.5044094680642,0.0,0.0,1.0
205000,4,2,4,628.0,-0.135286119643246,-78.4619230033188,0.0,0.0,1.0
90000,3,2,2,5000.0,-0.295896238995581,-78.44629061111448,0.0,0.0,1.0
345000,3,3,2,490.0,-0.1577503,-78.438969,0.0,0.0,1.0
165000,4,2,3,250.0,-0.3079671,-78.4500827,0.0,0.0,1.0
265000,3,3,1,432.0,-0.1650336,-78.4914036,0.0,0.0,1.0
165000,3,2,2,215.0,-0.3372072,-78.47705260000001,0.0,0.0,1.0
234000,4,2,2,1130.0,-0.2927914,-78.436379,0.0,0.0,1.0
1500000,3,5,3,1500.0,-0.1943944,-78.4251809,0.0,0.0,1.0
585000,4,4,2,434.0,-0.170525499999999,-78.4315373,0.0,0.0,1.0
178000,3,3,2,159.0,-0.200340999999999,-78.3807864,0.0,0.0,1.0
99000,3,2,2,178.0,-0.3396653,-78.449023,0.0,0.0,1.0
135000,3,2,2,232.0,-0.285865824683497,-78.45481697091675,0.0,0.0,1.0
330000,3,3,2,250.0,-0.2178331,-78.4527441,0.0,0.0,1.0
70000,4,2,1,136.0,-0.310358799999999,-78.5562636,0.0,0.0,1.0
462000,5,5,3,376.0,-0.2069775,-78.4201235,0.0,0.0,1.0
220645,3,3,2,195.0,-0.155601999999999,-78.3728456,0.0,0.0,1.0
880000,4,4,4,801.0,-0.2107252,-78.4410895,0.0,0.0,1.0
40000,3,2,1,93.0,-0.3395151,-78.5300587,0.0,0.0,1.0
55000,3,2,1,133.0,-0.3395151,-78.5300587,0.0,0.0,1.0
370000,3,3,2,525.0,-0.191815423179999,-78.3849295253,0.0,0.0,1.0
440000,4,3,4,739.0,-0.157155129858999,-78.4550130476,0.0,0.0,1.0
125000,3,2,2,200.0,-0.274045934642606,-78.46174156085205,0.0,0.0,1.0
107000,3,2,2,135.0,-0.3016105,-78.4728678,0.0,0.0,1.0
125000,4,3,4,450.0,-0.063988199999999,-78.3500875,0.0,0.0,1.0
169900,4,3,4,1225.0,-0.148561899999999,-78.4982384,0.0,0.0,1.0
184900,3,2,2,204.0,-0.2125302,-78.4310026,0.0,0.0,1.0
260000,3,4,3,4472.0,-0.108489162592078,-78.51275970823366,0.0,0.0,1.0
330000,4,3,2,300.0,-0.2009974,-78.43303809999999,0.0,0.0,1.0
62400,3,2,1,116.0,0.0017534,-78.4448719,0.0,0.0,1.0
270000,3,2,2,286.0,-0.234387,-78.44521999999999,0.0,0.0,1.0
324000,3,3,2,5000.0,-0.2038414,-78.4496168,0.0,0.0,1.0
145000,3,2,1,192.0,-0.2065323,-78.4480793,0.0,0.0,1.0
416500,5,4,2,1400.0,-0.313979,-78.439674,0.0,0.0,1.0
109999,3,2,2,182.0,-0.059588399999999,-78.4561646,0.0,0.0,1.0
1600000,4,4,8,3780.0,-0.2124452,-78.4375362,0.0,0.0,1.0
135000,3,3,2,190.0,-0.213563399999999,-78.4010176,0.0,0.0,1.0
498000,3,3,3,783.0,-0.2067855,-78.4808871,0.0,0.0,1.0
118900,3,2,2,182.0,-0.043711931540399,-78.447729383,0.0,0.0,1.0
55000,3,1,1,231.0,-0.275843,-78.55271,0.0,0.0,1.0
98000,4,3,2,135.0,-0.1204433,-78.49399679999999,0.0,0.0,1.0
388000,3,3,2,734.0,-0.155601999999999,-78.3728456,0.0,0.0,1.0
168000,3,2,2,302.0,-0.1212732,-78.4894015,0.0,0.0,1.0
142900,3,2,2,182.0,-0.2320259,-78.3369554,0.0,0.0,1.0
1600000,5,6,10,3242.0,-0.217867,-78.4562938,0.0,0.0,1.0
960000,4,5,4,1100.0,-0.215861239897822,-78.4192924808899,0.0,0.0,1.0
89000,4,2,1,205.0,-0.070005273919995,-78.47022574203483,0.0,0.0,1.0
68000,3,2,1,70.0,-0.0810084,-78.4364145,0.0,0.0,1.0
265000,3,3,2,236.0,-0.1754793,-78.4455231,0.0,0.0,1.0
380000,3,3,2,283.0,-0.206948099999999,-78.4190546,0.0,0.0,1.0
353000,3,3,3,353.0,-0.1839841,-78.493617,0.0,0.0,1.0
1600000,12,3,4,572.0,-0.162836348612935,-78.47991601534423,0.0,0.0,1.0
390000,3,2,8,647.0,-0.1970494,-78.4880931,0.0,0.0,1.0
435000,4,5,3,609.0,-0.2045629,-78.4030686,0.0,0.0,1.0
210000,3,2,2,220.0,-0.201420839327419,-78.44966085802469,0.0,0.0,1.0
99000,4,2,2,186.0,-0.305987799999999,-78.4246848,0.0,0.0,1.0
160000,4,2,4,1135.0,-0.2671149,-78.4864727,0.0,0.0,1.0
195000,3,3,2,224.0,-0.108881938630574,-78.48686127551574,0.0,0.0,1.0
1250000,4,4,7,5000.0,-0.206558775328206,-78.48021575767211,0.0,0.0,1.0
649000,4,3,2,5000.0,-0.213489965032214,-78.44816060827335,0.0,0.0,1.0
379000,4,3,2,5000.0,-0.221261199999999,-78.4231795,0.0,0.0,1.0
90000,3,2,1,171.0,-0.3392373,-78.439176,0.0,0.0,1.0
195300,12,7,3,484.0,-0.114438199039999,-78.4945202239,0.0,0.0,1.0
110000,8,4,3,305.0,-0.28338331401493,-78.5373099958786,0.0,0.0,1.0
250000,4,3,3,347.0,-0.183424799999998,-78.4747991,0.0,0.0,1.0
290000,3,4,2,312.0,-0.173921799999999,-78.47182819999999,0.0,0.0,1.0
250000,3,3,2,213.0,-0.1770622,-78.3719676,0.0,0.0,1.0
487836,4,4,4,636.0,-0.157056191099624,-78.45880151108399,0.0,0.0,1.0
299000,9,7,6,774.0,-0.1098966,-78.4830351,0.0,0.0,1.0
169500,4,4,2,277.0,-0.143878205903151,-78.4633383995377,0.0,0.0,1.0
550000,5,5,2,652.0,-0.229321430001233,-78.44298679364015,0.0,0.0,1.0
200000,3,2,2,182.0,-0.2125302,-78.4310026,0.0,0.0,1.0
590000,7,6,10,2441.0,-0.1085136,-78.5061242,0.0,0.0,1.0
850000,5,5,4,1200.0,-0.1842024,-78.4426302,0.0,0.0,1.0
50000,2,1,1,127.0,-0.002059599999999,-78.4558364,0.0,0.0,1.0
159000,5,3,2,222.0,-0.3069491,-78.5018999,0.0,0.0,1.0
219000,4,3,4,400.0,-0.304439899999999,-78.46463870000002,0.0,0.0,1.0
152000,4,3,2,280.0,-0.1490635,-78.4589493,0.0,0.0,1.0
185000,3,2,2,165.0,-0.210532082255827,-78.43956600527952,0.0,0.0,1.0
550000,4,4,10,720.0,-0.207019797464,-78.4262234709,0.0,0.0,1.0
345000,4,3,2,350.0,-0.187157495413699,-78.47499273065795,0.0,0.0,1.0
700000,5,4,4,1806.0,-0.350438,-78.4251204,0.0,0.0,1.0
550000,6,6,6,882.0,-0.193206,-78.4272311,0.0,0.0,1.0
210000,3,2,2,230.0,-0.146671,-78.3084065,0.0,0.0,1.0
680000,4,3,4,705.0,-0.2246217,-78.4142471,0.0,0.0,1.0
77000,3,2,1,136.0,-0.2653947,-78.5201198,0.0,0.0,1.0
95000,4,2,5,600.0,-0.2341696,-78.5405543,0.0,0.0,1.0
145000,4,3,3,385.0,-0.3314841,-78.4254543,0.0,0.0,1.0
165000,3,1,3,210.0,-0.3137622,-78.5547062,0.0,0.0,1.0
65000,3,1,1,111.0,-0.3109774,-78.54356659999999,0.0,0.0,1.0
490000,5,5,3,930.0,-0.197819203859473,-78.41893220577391,0.0,0.0,1.0
860000,3,3,4,820.0,-0.1999237,-78.3756967,0.0,0.0,1.0
75000,3,2,4,113.0,-0.2868252,-78.4394483,0.0,0.0,1.0
195000,3,3,2,175.0,-0.275940999999999,-78.5859178,0.0,0.0,1.0
580000,4,3,2,840.0,-0.1947812,-78.43775099999999,0.0,0.0,1.0
85000,3,1,2,200.0,-0.081763199999999,-78.5028963,0.0,0.0,1.0
179000,12,6,6,719.0,-0.253130599999999,-78.5414478,0.0,0.0,1.0
85000,3,3,2,131.0,-0.050030199999999,-78.4565314,0.0,0.0,1.0
492388,3,3,4,775.0,-0.1642917,-78.3625513,0.0,0.0,1.0
252000,3,3,2,280.0,-0.229353616251999,-78.4439523889,0.0,0.0,1.0
165000,4,4,1,243.0,-0.117462399999999,-78.4798051,0.0,0.0,1.0
120000,3,3,2,161.0,-0.097472258977599,-78.4567465915,0.0,0.0,1.0
150000,9,5,8,466.0,-0.2524679,-78.5401754,0.0,0.0,1.0
110000,3,2,2,157.0,-0.0734588,-78.4812327,0.0,0.0,1.0
375000,2,3,5,800.0,-0.2215177,-78.5146281,0.0,0.0,1.0
247000,3,3,8,775.0,-0.123731599999999,-78.4740162,0.0,0.0,1.0
158000,4,3,2,302.0,-0.1234952,-78.4759129,0.0,0.0,1.0
135000,3,2,1,200.0,-0.217488183821356,-78.40492176455687,0.0,0.0,1.0
179000,4,3,1,301.0,-0.3467465,-78.4816802,0.0,0.0,1.0
480000,4,5,5,400.0,-0.17335110603708,-78.4789992121643,0.0,0.0,1.0
579000,5,6,10,3832.0,-0.306949099999999,-78.5018999,0.0,0.0,1.0
430000,4,4,10,2168.0,-0.217028699999999,-78.370654,0.0,0.0,1.0
150000,4,4,2,358.0,-0.105849808493022,-78.4820126571167,0.0,0.0,1.0
309000,5,5,4,448.0,-0.1331228,-78.4774233,0.0,0.0,1.0
260000,3,3,3,298.0,-0.1577503,-78.438969,0.0,0.0,1.0
190000,3,2,2,150.0,-0.2256893,-78.3922181,0.0,0.0,1.0
65000,3,2,1,145.0,-0.0948703,-78.4259287,0.0,0.0,1.0
385000,3,3,10,464.0,-0.204820699999999,-78.4127185,0.0,0.0,1.0
229500,3,3,3,330.0,-0.166807299999999,-78.3782921,0.0,0.0,1.0
315000,5,5,3,726.0,-0.094335484419035,-78.48112262312578,0.0,0.0,1.0
440000,3,4,2,540.0,-0.2107252,-78.44108949999999,0.0,0.0,1.0
89000,4,2,1,106.0,-0.3258705,-78.4569667,0.0,0.0,1.0
550000,4,4,6,736.0,-0.1642917,-78.3625513,0.0,0.0,1.0
249000,12,10,2,606.0,-0.1353504,-78.4647365,0.0,0.0,1.0
85000,3,3,1,167.0,-0.0881934,-78.4165596,0.0,0.0,1.0
800000,4,4,4,1100.0,-0.210691,-78.39559860000001,0.0,0.0,1.0
95000,3,2,2,196.0,-0.2822275,-78.4953861,0.0,0.0,1.0
340000,3,4,2,415.0,-0.3759406,-78.39853509999999,0.0,0.0,1.0
1500,4,4,3,300.0,-0.275315456759821,-78.54367425396728,0.0,0.0,1.0
900000,3,4,4,1200.0,-0.156747826980274,-78.38611232746398,0.0,0.0,1.0
920000,4,4,4,1475.0,-0.1563188,-78.3852993,0.0,0.0,1.0
84000,3,3,1,136.0,-0.303980936862,-78.4661736651,0.0,0.0,1.0
285000,3,2,2,170.0,-0.120141297674858,-78.33333542915801,0.0,0.0,1.0
240000,12,10,4,733.0,-0.276993099999999,-78.5572111,0.0,0.0,1.0
229000,8,7,5,692.0,-0.1491579,-78.4900614,0.0,0.0,1.0
118000,9,5,2,526.0,-0.278700917098854,-78.56291827971786,0.0,0.0,1.0
121900,3,3,1,287.0,-0.2922831,-78.44128549999999,0.0,0.0,1.0
120000,8,6,2,5000.0,-0.264678,-78.5319509,0.0,0.0,1.0
400000,5,3,5,796.0,-0.2063442,-78.4801943,0.0,0.0,1.0
790000,3,3,4,997.0,-0.2009974,-78.43303809999999,0.0,0.0,1.0
185000,3,3,2,231.0,-0.2238068,-78.3496654,0.0,0.0,1.0
79000,3,2,1,142.0,-0.2650422,-78.5226673,0.0,0.0,1.0
115000,8,8,3,180.0,-0.3016793,-78.5617845,0.0,0.0,1.0
165500,4,3,3,194.0,-0.278382599999999,-78.5409063,0.0,0.0,1.0
198000,4,4,3,255.0,-0.095267599999999,-78.4791391,0.0,0.0,1.0
84000,3,2,1,141.0,-0.2051368,-78.4223985,0.0,0.0,1.0
189000,3,3,3,290.0,-0.069734099999999,-78.4595644,0.0,0.0,1.0
73000,3,3,1,134.0,-0.0747942,-78.4217951,0.0,0.0,1.0
163000,3,3,2,229.0,-0.3102957,-78.45770340000001,0.0,0.0,1.0
328000,3,3,2,300.0,-0.202051453168349,-78.3548018748584,0.0,0.0,1.0
830000,3,2,10,5000.0,-0.1587763,-78.36654659999999,0.0,0.0,1.0
85000,3,2,2,100.0,-0.008604189964418,-78.44673834702148,0.0,0.0,1.0
210000,3,2,2,185.0,-0.2015051,-78.448681,0.0,0.0,1.0
92990,3,3,2,181.0,-0.0990654056129,-78.4658723418,0.0,0.0,1.0
49000,3,2,1,93.0,-0.0825265,-78.41590049999999,0.0,0.0,1.0
366000,2,2,2,1200.0,-0.170051488361742,-78.40060839595336,0.0,0.0,1.0
49000,3,1,1,100.0,-0.092930618416775,-78.44826668213959,0.0,0.0,1.0
133000,3,2,2,100.0,-0.270518499999999,-78.46951109999999,0.0,0.0,1.0
45000,3,1,1,72.0,-0.002059599999999,-78.4558364,0.0,0.0,1.0
156119,3,2,2,155.0,-0.198814999999999,-78.3945616,0.0,0.0,1.0
157181,3,2,2,169.0,-0.198814999999999,-78.3945616,0.0,0.0,1.0
109900,3,2,2,173.0,-0.2839126,-78.4862204,0.0,0.0,1.0
290000,3,4,2,380.0,-0.2063442,-78.4801943,0.0,0.0,1.0
647000,3,3,2,1200.0,-0.155602,-78.37284559999999,0.0,0.0,1.0
199500,3,2,2,153.0,-0.218147,-78.3849337,0.0,0.0,1.0
160000,7,3,2,250.0,-0.1921023,-78.4884107,0.0,0.0,1.0
265000,9,3,2,392.0,-0.178786175213854,-78.47189661904908,0.0,0.0,1.0
155000,12,5,3,422.0,-0.2422073,-78.5097543,0.0,0.0,1.0
620000,4,3,4,1200.0,-0.2009974,-78.43303809999999,0.0,0.0,1.0
189900,2,2,2,229.0,-0.212127954245409,-78.38878872327881,0.0,0.0,1.0
171000,3,2,2,185.0,-0.205158316442444,-78.40046173743438,0.0,0.0,1.0
550000,4,4,2,736.0,-0.1415364,-78.3822093,0.0,0.0,1.0
650000,3,3,4,557.0,-0.200997399999999,-78.4330381,0.0,0.0,1.0
75000,3,1,1,110.0,-0.2679127,-78.5523876,0.0,0.0,1.0
270000,2,3,2,358.0,-0.2063442,-78.4801943,0.0,0.0,1.0
230000,3,4,2,280.0,-0.2030701,-78.4113895,0.0,0.0,1.0
182000,3,2,2,250.0,-0.105824,-78.4171028,0.0,0.0,1.0
248000,3,2,2,350.0,-0.203486025116019,-78.43374809101563,0.0,0.0,1.0
780000,3,3,6,1200.0,-0.209843474922132,-78.43720360608216,0.0,0.0,1.0
160000,6,4,2,435.0,-0.308127099999999,-78.5429999,0.0,0.0,1.0
345000,5,5,6,960.0,-0.3164625,-78.4660469,0.0,0.0,1.0
205000,3,3,2,350.0,-0.210691,-78.39559860000001,0.0,0.0,1.0
449900,3,2,2,640.0,-0.193206,-78.4272311,0.0,0.0,1.0
353000,3,3,2,700.0,-0.1747908,-78.4465913,0.0,0.0,1.0
200000,3,3,2,296.0,-0.202477970198548,-78.42965851664123,0.0,0.0,1.0
88000,4,2,4,700.0,-0.2291641,-78.4887737,0.0,0.0,1.0
360000,4,3,6,1185.0,-0.0649345,-78.4674991,0.0,0.0,1.0
220000,10,4,2,262.0,-0.1247156,-78.4993452,0.0,0.0,1.0
149000,3,4,2,238.0,-0.096601566253019,-78.48160496134643,0.0,0.0,1.0
110000,2,2,2,187.0,-0.042841299999999,-78.4553641,0.0,0.0,1.0
88000,3,3,1,170.0,-0.308768299999999,-78.5547121,0.0,0.0,1.0
175000,3,2,3,297.0,-0.2864979,-78.44584,0.0,0.0,1.0
220000,3,3,3,296.0,-0.0974681,-78.49867669999999,0.0,0.0,1.0
190000,4,3,2,285.0,-0.181148,-78.5129035,0.0,0.0,1.0
590000,4,4,3,660.0,-0.2067855,-78.48088709999999,0.0,0.0,1.0
210000,3,2,2,228.0,-0.212956782647063,-78.43164812426755,0.0,0.0,1.0
510000,3,3,2,427.0,-0.1989922,-78.45138589999999,0.0,0.0,1.0
620000,3,3,4,300.0,-0.216774677864676,-78.43578470503368,0.0,0.0,1.0
890000,3,3,2,990.0,-0.205256124035533,-78.41041425378502,0.0,0.0,1.0
280000,3,3,2,269.0,-0.2089493,-78.4162081,0.0,0.0,1.0
289000,3,3,3,250.0,-0.223095994884792,-78.4078366353693,0.0,0.0,1.0
780000,3,4,4,577.0,-0.215152199999999,-78.43203849999999,0.0,0.0,1.0
650000,4,4,4,1487.0,-0.204694841828576,-78.452097613739,0.0,0.0,1.0
850000,4,4,4,1350.0,-0.190479239153895,-78.42232252950708,0.0,0.0,1.0
380000,4,4,4,380.0,-0.210420501475086,-78.42899531558315,0.0,0.0,1.0
950000,4,4,4,944.0,-0.189357414687019,-78.38357745340619,0.0,0.0,1.0
270000,3,3,3,299.0,-0.2207396,-78.4239475,0.0,0.0,1.0
950000,4,4,4,600.0,-0.152409594041497,-78.38571129820862,0.0,0.0,1.0
1250000,5,6,10,1168.0,-0.211373839653812,-78.44536640669307,0.0,0.0,1.0
235000,3,2,2,235.0,-0.205256124035533,-78.41041425378502,0.0,0.0,1.0
1000090,4,5,3,1120.0,-0.160134327266149,-78.38553963683167,0.0,0.0,1.0
900000,4,5,5,1700.0,-0.207752701761965,-78.43841720199129,0.0,0.0,1.0
890000,4,4,5,650.0,-0.212203747171843,-78.42669933731291,0.0,0.0,1.0
590000,3,3,4,460.0,-0.217063875804039,-78.43070655758115,0.0,0.0,1.0
590000,3,4,4,1460.0,-0.196669894147921,-78.43157946080538,0.0,0.0,1.0
454000,3,3,2,450.0,-0.2220231,-78.3925193,0.0,0.0,1.0
90000,3,3,1,100.0,-0.052195835052608,-78.45556985819701,0.0,0.0,1.0
459000,4,4,3,383.0,-0.181149535584999,-78.420650369,0.0,0.0,1.0
780000,4,5,4,860.0,-0.2009974,-78.43303809999999,0.0,0.0,1.0
175000,3,3,2,296.0,-0.10831850818583,-78.50959708601378,0.0,0.0,1.0
105000,3,2,2,422.0,-0.0108036013249,-78.4422000494,0.0,0.0,1.0
152000,4,3,2,453.0,-0.10062,-78.4206213,0.0,0.0,1.0
138200,3,2,2,160.0,-0.298922399999999,-78.451999,0.0,0.0,1.0
500000,8,6,6,758.0,-0.0875297,-78.4689224,0.0,0.0,1.0
780000,3,5,6,1200.0,-0.2102004,-78.442845,0.0,0.0,1.0
239000,4,3,2,580.0,-0.190702399999999,-78.3836592,0.0,0.0,1.0
285000,3,2,2,150.0,-0.120162755299803,-78.33333006473998,0.0,0.0,1.0
310000,8,4,4,580.0,-0.146710265412374,-78.47742815026245,0.0,0.0,1.0
179900,3,2,2,271.0,-0.2107252,-78.44108949999999,0.0,0.0,1.0
190000,3,2,3,580.0,-0.0020596,-78.4558364,0.0,0.0,1.0
265000,7,6,3,598.0,-0.150167222793999,-78.501182052,0.0,0.0,1.0
110000,3,3,2,166.0,-0.322381493276,-78.4680999129,0.0,0.0,1.0
350000,4,4,2,493.0,-0.1682377,-78.4881798,0.0,0.0,1.0
320000,4,5,4,425.0,-0.1405982,-78.4634143,0.0,0.0,1.0
1289000,4,4,4,5000.0,-0.204809105969999,-78.4195685232,0.0,0.0,1.0
365000,8,5,6,643.0,-0.164419382312,-78.4807689498,0.0,0.0,1.0
84900,3,2,2,159.0,-0.13552041808,-78.4535085984,0.0,0.0,1.0
520000,3,3,3,800.0,-0.220502291913356,-78.44752202868041,0.0,0.0,1.0
260000,3,2,2,260.0,-0.2026318,-78.4279639,0.0,0.0,1.0
140000,4,3,2,225.0,-0.095314044413547,-78.48565475097777,0.0,0.0,1.0
129000,4,3,2,200.0,-0.1066706,-78.4819763,0.0,0.0,1.0
60000,4,3,1,108.0,-0.0891264,-78.42804799999999,0.0,0.0,1.0
178000,4,4,2,190.0,-0.2256893,-78.3922181,0.0,0.0,1.0
65000,3,2,1,132.0,-0.2635887,-78.5243283,0.0,0.0,1.0
320000,4,3,5,657.0,-0.1577503,-78.438969,0.0,0.0,1.0
650000,4,3,5,1619.0,-0.19822730625159,-78.4216716869604,0.0,0.0,1.0
665000,4,4,2,700.0,-0.2009974,-78.43303809999999,0.0,0.0,1.0
58000,3,1,1,96.0,-0.285698,-78.4993244,0.0,0.0,1.0
172000,3,2,2,268.0,-0.208893772817244,-78.4359563434082,0.0,0.0,1.0
56000,3,1,1,124.0,-0.0636928,-78.4505399,0.0,0.0,1.0
195000,4,3,2,350.0,-0.087049699999999,-78.4647369,0.0,0.0,1.0
550000,5,5,4,850.0,-0.209001060464412,-78.4293473803955,0.0,0.0,1.0
175000,3,3,2,243.0,-0.2092793,-78.3677816,0.0,0.0,1.0
153000,4,4,2,253.0,-0.0949437,-78.4852347,0.0,0.0,1.0
49900,3,1,1,66.0,-0.0635028,-78.4273632,0.0,0.0,1.0
174900,3,2,3,422.0,-0.330162599999999,-78.4510729,0.0,0.0,1.0
55000,2,1,1,149.0,-0.3255447,-78.4879452,0.0,0.0,1.0
220000,9,3,4,1227.0,-0.263708021449459,-78.54121158728029,0.0,0.0,1.0
270000,6,5,5,360.0,-0.1409418,-78.4982369,0.0,0.0,1.0
130000,4,3,1,234.0,-0.0400918,-78.4549279,0.0,0.0,1.0
350000,4,3,4,403.0,-0.1420256,-78.4605425,0.0,0.0,1.0
73500,3,2,2,5000.0,-0.344516858617935,-78.42791876697311,0.0,0.0,1.0
550000,6,7,3,1000.0,-0.121273199999999,-78.4894015,0.0,0.0,1.0
73000,3,2,1,92.0,-0.147849675046647,-78.46347167067806,0.0,0.0,1.0
110300,3,2,2,160.0,-0.150712209048503,-78.44841037573241,0.0,0.0,1.0
45000,2,1,1,72.0,-0.0940492,-78.45101009999999,0.0,0.0,1.0
820000,4,5,3,1690.0,-0.196806399999999,-78.4246556,0.0,0.0,1.0
999000,4,2,10,5000.0,-0.1257803,-78.3187871,0.0,0.0,1.0
549000,6,6,10,867.0,-0.172427286763981,-78.44602857412718,0.0,0.0,1.0
101900,3,2,2,105.0,-0.2969849,-78.4445113,0.0,0.0,1.0
80000,3,2,1,90.0,-0.2791288,-78.5427229,0.0,0.0,1.0
170000,3,2,2,157.0,-0.195927794786292,-78.43653802721167,0.0,0.0,1.0
129900,3,2,2,185.0,-0.210690999999999,-78.3955986,0.0,0.0,1.0
142000,3,4,3,200.0,-0.3314841,-78.4254543,0.0,0.0,1.0
950000,5,5,4,1472.0,-0.1980693,-78.4055514,0.0,0.0,1.0
550000,4,5,4,397.0,-0.216050199999999,-78.4247707,0.0,0.0,1.0
220000,4,3,3,380.0,-0.150718226716952,-78.49167545798191,0.0,0.0,1.0
78900,2,1,1,150.0,-0.3340517,-78.4883047,0.0,0.0,1.0
950000,4,4,6,1250.0,-0.2124452,-78.4375362,0.0,0.0,1.0
259000,4,4,6,650.0,-0.270518499999999,-78.4695111,0.0,0.0,1.0
220000,4,3,4,445.0,-0.264566299999999,-78.4766815,0.0,0.0,1.0
168000,8,7,2,439.0,-0.2340152,-78.5261781,0.0,0.0,1.0
243000,5,3,7,695.0,-0.113429356587903,-78.49678494724671,0.0,0.0,1.0
225000,3,2,3,200.0,-0.2256893,-78.3922181,0.0,0.0,1.0
485000,3,3,3,500.0,-0.198522995103956,-78.43945515078735,0.0,0.0,1.0
67000,3,2,1,119.0,-0.024289747588295,-78.45188818833007,0.0,0.0,1.0
166000,3,3,2,150.0,-0.200985999999999,-78.3916394,0.0,0.0,1.0
75000,3,2,1,134.0,-0.091863864669547,-78.47297996134644,0.0,0.0,1.0
165000,3,2,2,207.0,-0.2158602,-78.4014983,0.0,0.0,1.0
134210,3,2,2,115.0,-0.222299177911999,-78.3871892217,0.0,0.0,1.0
300000,4,4,3,900.0,-0.268606999999999,-78.5401647,0.0,0.0,1.0
750000,4,4,2,720.0,-0.1668073,-78.3782921,0.0,0.0,1.0
950000,3,3,2,1072.0,-0.2960703,-78.4547176,0.0,0.0,1.0
260000,6,4,7,400.0,-0.202690599999999,-78.4442532,0.0,0.0,1.0
98700,3,2,4,650.0,-0.340533132389,-78.4491892118,0.0,0.0,1.0
580000,3,3,4,1300.0,-0.223224499999999,-78.4145723,0.0,0.0,1.0
309966,3,3,2,256.0,-0.171523161769999,-78.4683416064,0.0,0.0,1.0
130000,3,2,2,352.0,-0.2371219,-78.5220652,0.0,0.0,1.0
72000,3,2,1,88.0,-0.110947199999999,-78.45388020000001,0.0,0.0,1.0
144000,4,3,2,144.0,-0.2971955,-78.4612836,0.0,0.0,1.0
73000,3,2,1,102.0,0.011177799999999,-78.4312748,0.0,0.0,1.0
79000,3,2,2,125.0,-0.005240999999999,-78.4516767,0.0,0.0,1.0
45000,3,1,2,84.0,-0.021963266672081,-78.43958655571608,0.0,0.0,1.0
95000,3,2,2,180.0,-0.0682032,-78.4321481,0.0,0.0,1.0
52000,3,2,1,84.0,0.0004664,-78.439589,0.0,0.0,1.0
77000,3,2,1,108.0,-0.218323611390528,-78.38475815691189,0.0,0.0,1.0
155000,4,2,2,240.0,-0.121141839000174,-78.47548713065792,0.0,0.0,1.0
120000,3,2,1,164.0,-0.0598867,-78.4577481,0.0,0.0,1.0
360000,4,3,2,328.0,-0.206369999999999,-78.4856127,0.0,0.0,1.0
240000,3,3,2,278.0,-0.239616653446351,-78.43240057385384,0.0,0.0,1.0
145000,4,3,6,394.0,-0.11739469999999,-78.51255849416503,0.0,0.0,1.0
130000,8,4,3,374.0,-0.305950853402089,-78.55350836574554,0.0,0.0,1.0
119000,3,2,2,121.0,-0.1328195,-78.4613264,0.0,0.0,1.0
89000,4,2,1,175.0,-0.08862,-78.4631169,0.0,0.0,1.0
250000,6,4,6,372.0,-0.205382,-78.4823194,0.0,0.0,1.0
230000,3,3,3,212.0,-0.1804328,-78.43793,0.0,0.0,1.0
130000,1,2,1,106.0,-0.183266099999999,-78.477064,0.0,0.0,1.0
225000,3,3,2,215.0,-0.200479899999999,-78.4418731,0.0,0.0,1.0
230000,6,6,5,503.0,-0.105908199999999,-78.4912112,0.0,0.0,1.0
252000,3,3,2,280.0,-0.229353616251999,-78.4439523889,0.0,0.0,1.0
74000,3,2,2,135.0,-0.2569256,-78.48773299999999,0.0,0.0,1.0
275000,4,2,2,250.0,-0.1229862,-78.4759048,0.0,0.0,1.0
55500,3,2,1,120.0,0.005148598359838,-78.46294285974322,0.0,0.0,1.0
69000,3,2,2,110.0,-0.111032599999999,-78.4210036,0.0,0.0,1.0
168000,3,2,2,150.0,-0.214312,-78.4356259,0.0,0.0,1.0
275000,3,3,2,425.0,-0.207943199999999,-78.4470478,0.0,0.0,1.0
305000,3,3,2,215.0,-0.2034793,-78.4223019,0.0,0.0,1.0
136990,12,5,1,586.0,-0.230202843881999,-78.5250674389,0.0,0.0,1.0
80000,3,2,1,242.0,-0.00212397301629,-78.44008646866455,0.0,0.0,1.0
239000,4,3,4,600.0,-0.1999237,-78.3756967,0.0,0.0,1.0
200000,3,2,2,293.0,-0.205555999999999,-78.4389576,0.0,0.0,1.0
97500,4,2,10,112.0,-0.1393771,-78.5057834,0.0,0.0,1.0
1470000,4,5,9,2200.0,-0.1583549,-78.4508392,0.0,0.0,1.0
219000,4,3,2,228.0,-0.219718599999999,-78.4379523,0.0,0.0,1.0
115000,3,2,2,164.0,-0.047680585757299,-78.4535702412,0.0,0.0,1.0
170000,4,3,5,300.0,-0.2783826,-78.5409063,0.0,0.0,1.0
105000,4,3,1,114.0,-0.145916999999999,-78.4576334,0.0,0.0,1.0
360000,3,3,2,366.0,-0.2084676,-78.4043518,0.0,0.0,1.0
720000,3,2,1,124.0,-0.2114098,-78.403774,0.0,0.0,1.0
310000,4,4,4,428.0,-0.194486294425146,-78.4968363597107,0.0,0.0,1.0
202068,3,2,2,151.0,-0.199976199999999,-78.3895518,0.0,0.0,1.0
750000,4,4,3,858.0,-0.209280008343615,-78.42896114229735,0.0,0.0,1.0
178000,3,3,2,200.0,-0.155602,-78.37284559999999,0.0,0.0,1.0
1550000,4,4,6,1931.0,-0.1975822,-78.427282,0.0,0.0,1.0
120000,3,2,4,1700.0,-0.1223772,-78.4229315,0.0,0.0,1.0
99000,3,2,1,131.0,-0.145867799999999,-78.4555076,0.0,0.0,1.0
152000,5,3,4,400.0,-0.0817997,-78.4604602,0.0,0.0,1.0
82000,3,2,2,205.0,-0.2783826,-78.5409063,0.0,0.0,1.0
305000,10,4,3,420.0,-0.1730507,-78.4796644,0.0,0.0,1.0
269597,3,3,2,290.0,-0.1707752,-78.4263236,0.0,0.0,1.0
188000,3,3,2,239.0,-0.1405982,-78.4634143,0.0,0.0,1.0
290000,2,2,3,1300.0,-0.330162599999999,-78.4510729,0.0,0.0,1.0
85000,3,2,1,91.0,-0.100329575695,-78.4658672566,0.0,0.0,1.0
799000,7,7,10,5000.0,-0.174174,-78.4465057,0.0,0.0,1.0
479600,3,3,2,507.0,-0.2064315,-78.4175678,0.0,0.0,1.0
70000,3,2,1,112.0,-0.289230299999999,-78.4885049,0.0,0.0,1.0
149000,7,5,4,349.0,-0.2610377,-78.53072360000002,0.0,0.0,1.0
247900,3,2,2,226.0,-0.1804328,-78.43793,0.0,0.0,1.0
290000,3,2,2,445.0,-0.207288636126166,-78.52075465189972,0.0,0.0,1.0
249900,7,6,2,598.0,-0.150167222793999,-78.501182052,0.0,0.0,1.0
165000,4,3,2,250.0,-0.161351724909302,-78.43895942275391,0.0,0.0,1.0
289000,3,3,10,1680.0,-0.2058235,-78.400392,0.0,0.0,1.0
299900,4,4,4,437.0,-0.179021,-78.4379041,0.0,0.0,1.0
168000,3,3,2,243.0,-0.099873199999999,-78.4844116,0.0,0.0,1.0
280000,4,3,2,250.0,-0.207048425171658,-78.4331668460327,0.0,0.0,1.0
880000,12,10,10,1070.0,-0.199914299999999,-78.4991194,0.0,0.0,1.0
190000,4,3,2,250.0,-0.2183286,-78.439216,0.0,0.0,1.0
1300000,4,4,4,1262.0,-0.207031,-78.4258266,0.0,0.0,1.0
250000,4,5,3,497.0,-0.17300760002609,-78.50503159190123,0.0,0.0,1.0
99000,3,2,3,210.0,-0.109425391414246,-78.48467367012061,0.0,0.0,1.0
275000,6,5,5,667.0,-0.201237525870665,-78.49552406712246,0.0,0.0,1.0
200000,3,3,2,245.0,-0.210691,-78.39559860000001,0.0,0.0,1.0
180000,3,2,2,209.0,-0.218147,-78.38493369999999,0.0,0.0,1.0
119000,3,2,1,183.0,-0.221648446346819,-78.41674143152449,0.0,0.0,1.0
133000,3,2,2,185.0,-0.209255361045072,-78.40689034705538,0.0,0.0,1.0
228000,4,3,2,265.0,-0.205256124035533,-78.41041425378502,0.0,0.0,1.0
185000,4,2,2,355.0,-0.222888798969502,-78.38943377457049,0.0,0.0,1.0
210000,3,2,3,319.0,-0.202106753583522,-78.44914049188341,0.0,0.0,1.0
175000,3,3,2,267.0,-0.225823079870619,-78.44752967525797,0.0,0.0,1.0
485000,4,3,4,600.0,-0.2063442,-78.4801943,0.0,0.0,1.0
133000,3,2,2,189.0,-0.199576096482626,-78.37510522841072,0.0,0.0,1.0
214000,3,2,2,293.0,-0.218387456976647,-78.39369551132859,0.0,0.0,1.0
270000,2,2,2,263.0,-0.1887073,-78.4431028,0.0,0.0,1.0
350000,12,10,5,452.0,-0.1580217,-78.4727994,0.0,0.0,1.0
199000,3,3,2,174.0,-0.2110516,-78.4006894,0.0,0.0,1.0
48000,3,1,1,112.0,-0.0020596,-78.4558364,0.0,0.0,1.0
175000,3,3,2,375.0,-0.1043647,-78.497924,0.0,0.0,1.0
344900,3,3,4,488.0,-0.1735798,-78.3612322,0.0,0.0,1.0
650000,3,2,6,3103.0,-0.2251208,-78.3479331,0.0,0.0,1.0
320000,4,2,3,400.0,-0.223252299999999,-78.5141064,0.0,0.0,1.0
185000,3,3,2,155.0,-0.210690999999999,-78.3955986,0.0,0.0,1.0
62000,3,1,1,99.0,-0.335211533431,-78.5296062169,0.0,0.0,1.0
89000,5,4,4,200.0,-0.325359,-78.537938,0.0,0.0,1.0
45000,3,2,1,84.0,-0.33412080493,-78.5377101259,0.0,0.0,1.0
120000,3,2,2,200.0,-0.074622899999999,-78.4826712,0.0,0.0,1.0
128000,3,2,2,279.0,-0.1809668,-78.474364,0.0,0.0,1.0
143100,3,2,2,140.0,-0.3059911,-78.4503185,0.0,0.0,1.0
765000,5,5,4,1499.0,-0.2107252,-78.4410895,0.0,0.0,1.0
210000,3,2,2,192.0,-0.215113599999999,-78.441023,0.0,0.0,1.0
550000,3,5,4,700.0,-0.166199,-78.4664882,0.0,0.0,1.0
75000,3,2,1,155.0,-0.3496755,-78.4300318,0.0,0.0,1.0
175000,4,4,5,345.0,-0.330413799999999,-78.42700599999999,0.0,0.0,1.0
290000,2,1,3,1939.0,-0.1777017,-78.396709,0.0,0.0,1.0
243000,3,3,4,380.0,-0.20242476432153,-78.4259645066491,0.0,0.0,1.0
62000,3,3,2,122.0,-0.0896115339792,-78.4233626458,0.0,0.0,1.0
90000,6,3,1,184.0,-0.0834382,-78.4668025,0.0,0.0,1.0
130000,3,2,1,215.0,-0.2090344,-78.3787279,0.0,0.0,1.0
69000,3,2,1,200.0,-0.359352163632,-78.439707053,0.0,0.0,1.0
105000,3,2,3,212.0,-0.2783826,-78.5409063,0.0,0.0,1.0
160000,3,2,2,210.0,-0.210690999999999,-78.3955986,0.0,0.0,1.0
1180000,5,6,3,1987.0,-0.2211191,-78.4338429,0.0,0.0,1.0
340000,3,3,2,415.0,-0.210690999999999,-78.3955986,0.0,0.0,1.0
396715,3,4,4,740.0,-0.1181884,-78.4637887,0.0,0.0,1.0
115000,4,2,2,150.0,-0.017370429522454,-78.43651486367881,0.0,0.0,1.0
540000,4,3,6,1211.0,-0.159936268066007,-78.46256646954562,0.0,0.0,1.0
105000,4,2,3,210.0,-0.2839754,-78.4690235,0.0,0.0,1.0
125000,3,2,2,205.0,-0.312983242978279,-78.49036067567141,0.0,0.0,1.0
73000,4,2,1,130.0,-0.2658687,-78.4722715,0.0,0.0,1.0
140000,3,2,2,166.0,-0.0980734,-78.4840741,0.0,0.0,1.0
290000,4,3,3,311.0,-0.0887829,-78.4791387,0.0,0.0,1.0
86000,3,3,2,115.0,-0.200441224909071,-78.38077192056883,0.0,0.0,1.0
88000,4,2,1,150.0,-0.1038246,-78.4400098,0.0,0.0,1.0
280000,3,4,2,260.0,-2.0644072,-79.9251413,1.0,0.0,0.0
255000,4,3,1,306.0,-2.1843702,-79.9818612,1.0,0.0,0.0
59000,3,3,1,105.0,-2.171587699999999,-79.9030729,1.0,0.0,0.0
405000,4,4,2,500.0,-2.12187,-79.86678359999999,1.0,0.0,0.0
117000,3,3,2,125.0,-2.059330720831075,-79.90762895012165,1.0,0.0,0.0
180000,3,3,2,165.0,-2.166308233754509,-79.94601631596072,1.0,0.0,0.0
525000,4,4,2,498.0,-2.106730499999999,-79.8723857,1.0,0.0,0.0
355000,3,4,2,302.0,-2.0772032,-79.858556,1.0,0.0,0.0
200000,3,2,2,182.0,-2.0715709,-79.8422792,1.0,0.0,0.0
335000,3,3,2,263.0,-2.1027766,-79.85803279999999,1.0,0.0,0.0
270000,7,6,2,190.0,-2.1715877,-79.9030729,1.0,0.0,0.0
270000,4,4,2,989.0,-2.1618543,-79.9435398,1.0,0.0,0.0
220000,3,4,2,201.0,-2.112018855667919,-79.90943663125347,1.0,0.0,0.0
470000,4,4,2,607.0,-2.1496458,-79.86118320000003,1.0,0.0,0.0
158000,3,3,2,189.0,-2.18970665113702,-80.00031077249146,1.0,0.0,0.0
235000,3,3,2,304.0,-2.1520073,-79.9430537,1.0,0.0,0.0
325000,4,4,2,260.0,-2.1258106,-79.8685337,1.0,0.0,0.0
450000,3,3,2,475.0,-2.141999677945825,-79.8705303668976,1.0,0.0,0.0
399000,3,3,2,454.0,-2.1891341,-79.8899031,1.0,0.0,0.0
580000,3,5,2,490.0,-2.1043031,-79.8604831,1.0,0.0,0.0
431000,4,4,1,255.0,-2.0633712,-79.8721152,1.0,0.0,0.0
295000,4,4,1,226.0,-2.106730499999999,-79.8723857,1.0,0.0,0.0
550000,4,6,2,380.0,-2.0659632,-79.8479874,1.0,0.0,0.0
580000,3,5,2,490.0,-2.1043031,-79.8604831,1.0,0.0,0.0
119000,3,2,2,120.0,-2.0160673,-79.8673796,1.0,0.0,0.0
298000,3,3,2,320.0,-2.0793306,-79.8382493,1.0,0.0,0.0
485000,4,4,2,288.0,-2.106730499999999,-79.8723857,1.0,0.0,0.0
329000,4,4,2,262.0,-2.079388999999999,-79.8350852,1.0,0.0,0.0
485000,3,3,2,307.0,-2.0659632,-79.8479874,1.0,0.0,0.0
950000,4,4,2,676.0,-2.113334699999999,-79.8555825,1.0,0.0,0.0
625000,4,4,2,608.0,-2.1433681,-79.8648706,1.0,0.0,0.0
127000,4,4,2,205.0,-2.111184399999999,-79.89618,1.0,0.0,0.0
699000,4,4,2,448.0,-2.1043031,-79.8604831,1.0,0.0,0.0
1280000,4,5,2,1060.0,-2.10483755203506,-79.86432808200072,1.0,0.0,0.0
486500,7,7,4,841.0,-2.160867949294683,-79.94183391506652,1.0,0.0,0.0
355000,3,4,2,255.0,-2.0793306,-79.8382493,1.0,0.0,0.0
1600000,5,5,2,1020.0,-2.0979061,-79.8745023,1.0,0.0,0.0
285000,4,5,2,260.0,-2.0793306,-79.8382493,1.0,0.0,0.0
195000,3,1,2,250.0,-2.1520073,-79.9430537,1.0,0.0,0.0
92000,7,4,1,222.0,-2.171587699999999,-79.9030729,1.0,0.0,0.0
240000,4,4,2,202.0,-2.1271353,-79.8633972,1.0,0.0,0.0
110000,4,2,2,156.0,-2.042749047913217,-79.91431059297275,1.0,0.0,0.0
128000,3,3,2,120.0,-2.0470803,-79.88218289999999,1.0,0.0,0.0
295000,4,4,2,300.0,-2.1860308,-79.9672783,1.0,0.0,0.0
80000,3,2,2,120.0,-2.045180381648089,-79.91511065405884,1.0,0.0,0.0
72900,3,3,2,97.0,-2.0577086,-79.990394,1.0,0.0,0.0
105000,4,3,3,128.0,-2.050780030642563,-79.93243684763793,1.0,0.0,0.0
1050000,4,4,10,596.0,-2.0772422,-79.8735072,1.0,0.0,0.0
424900,4,4,2,255.0,-2.0644159,-79.8723097,1.0,0.0,0.0
340000,5,5,2,581.0,-2.1731919,-79.9437532,1.0,0.0,0.0
889000,4,6,5,639.0,-2.09851086323,-79.8590052354,1.0,0.0,0.0
165000,3,2,1,199.0,-2.0669371,-79.842054,1.0,0.0,0.0
188000,3,2,2,184.0,-2.185737,-79.9691573,1.0,0.0,0.0
430000,4,3,2,750.0,-2.1067305,-79.8723857,1.0,0.0,0.0
208000,4,5,2,262.0,-2.1498332,-79.8891817,1.0,0.0,0.0
270000,3,3,2,256.0,-2.0669371,-79.842054,1.0,0.0,0.0
475000,4,4,2,275.0,-2.1025188,-79.8679828,1.0,0.0,0.0
726000,3,3,2,475.0,-2.077184933876407,-79.87299668216504,1.0,0.0,0.0
850000,4,4,2,543.0,-2.106730499999999,-79.8723857,1.0,0.0,0.0
250000,3,3,2,200.0,-2.1503675,-79.9012533,1.0,0.0,0.0
60000,4,3,2,96.0,-2.058492661503763,-79.9789418722197,1.0,0.0,0.0
188000,4,4,1,184.0,-2.1884348,-80.0272593,1.0,0.0,0.0
1400000,4,4,2,823.0,-2.0993567,-79.8743028,1.0,0.0,0.0
480000,4,4,2,500.0,-2.119585518028984,-79.87192071111451,1.0,0.0,0.0
765000,4,4,2,450.0,-2.106730499999999,-79.8723857,1.0,0.0,0.0
240000,3,3,2,180.0,-2.1547504,-79.9442438,1.0,0.0,0.0
158000,3,3,1,180.0,-2.1884348,-80.0272593,1.0,0.0,0.0
105000,3,2,2,120.0,-2.037708821659999,-79.8697276518,1.0,0.0,0.0
369000,4,4,2,307.0,-2.0793306,-79.8382493,1.0,0.0,0.0
195000,3,1,2,250.0,-2.1520073,-79.9430537,1.0,0.0,0.0
431000,4,4,1,255.0,-2.0633712,-79.8721152,1.0,0.0,0.0
390000,3,3,2,454.0,-2.0865119,-79.8669489,1.0,0.0,0.0
400000,3,3,2,321.0,-2.0904681,-79.86958369999999,1.0,0.0,0.0
72900,3,3,2,97.0,-2.0577086,-79.990394,1.0,0.0,0.0
355000,3,4,2,255.0,-2.0793306,-79.8382493,1.0,0.0,0.0
149000,4,4,2,295.0,-2.127738599999999,-79.9135952,1.0,0.0,0.0
1200000,8,10,6,2000.0,-2.155787387243893,-79.86468115872192,1.0,0.0,0.0
127000,4,4,2,205.0,-2.111184399999999,-79.89618,1.0,0.0,0.0
950000,4,4,2,676.0,-2.113334699999999,-79.8555825,1.0,0.0,0.0
329000,4,4,2,262.0,-2.079388999999999,-79.8350852,1.0,0.0,0.0
550000,4,6,2,380.0,-2.0659632,-79.8479874,1.0,0.0,0.0
240000,4,4,2,202.0,-2.1271353,-79.8633972,1.0,0.0,0.0
119000,3,2,2,120.0,-2.0160673,-79.8673796,1.0,0.0,0.0
715000,4,4,2,500.0,-2.1025188,-79.8679828,1.0,0.0,0.0
403000,3,3,2,416.0,-2.13519,-79.8674143,1.0,0.0,0.0
889000,4,6,5,639.0,-2.09851086323,-79.8590052354,1.0,0.0,0.0
211200,3,3,2,180.0,-2.1562565,-79.945152,1.0,0.0,0.0
128000,3,2,2,213.0,-2.128220499999999,-79.8998372,1.0,0.0,0.0
210000,11,10,2,426.0,-2.119545690168512,-79.88329188062524,1.0,0.0,0.0
699000,4,4,2,448.0,-2.1043031,-79.8604831,1.0,0.0,0.0
270000,3,3,2,256.0,-2.0669371,-79.842054,1.0,0.0,0.0
285000,4,4,2,260.0,-2.0793306,-79.8382493,1.0,0.0,0.0
128000,3,3,2,120.0,-2.0470803,-79.88218289999999,1.0,0.0,0.0
910000,4,4,2,510.0,-2.0772422,-79.8735072,1.0,0.0,0.0
310000,3,5,8,1733.0,-2.0089326,-79.9719185,1.0,0.0,0.0
92000,7,4,1,222.0,-2.171587699999999,-79.9030729,1.0,0.0,0.0
189000,4,4,2,190.0,-2.036956,-79.86867760000001,1.0,0.0,0.0
325000,3,3,2,300.0,-2.1165099,-79.8673962,1.0,0.0,0.0
295000,4,4,1,226.0,-2.106730499999999,-79.8723857,1.0,0.0,0.0
88000,4,3,1,140.0,-2.119096138566255,-79.89835221213379,1.0,0.0,0.0
75000,3,2,1,96.0,-2.238959499999999,-80.0808548,1.0,0.0,0.0
185000,3,3,2,190.0,-2.192344015265019,-80.00140511376954,1.0,0.0,0.0
1280000,4,5,2,1060.0,-2.10483755203506,-79.86432808200072,1.0,0.0,0.0
250000,4,4,2,306.0,-2.0715709,-79.8422792,1.0,0.0,0.0
320000,4,4,2,317.0,-2.0904681,-79.86958369999999,1.0,0.0,0.0
485000,4,4,2,288.0,-2.106730499999999,-79.8723857,1.0,0.0,0.0
240000,3,3,2,180.0,-2.1547504,-79.9442438,1.0,0.0,0.0
478850,4,4,2,400.0,-2.1025188,-79.8679828,1.0,0.0,0.0
285000,4,5,2,260.0,-2.0793306,-79.8382493,1.0,0.0,0.0
486500,7,7,4,841.0,-2.160867949294683,-79.94183391506652,1.0,0.0,0.0
650000,4,4,2,512.0,-2.106730499999999,-79.8723857,1.0,0.0,0.0
1600000,5,5,2,1020.0,-2.0979061,-79.8745023,1.0,0.0,0.0
165000,4,5,3,186.0,-2.181260799999999,-79.9871163,1.0,0.0,0.0
180000,3,4,2,155.0,-2.036956,-79.86867760000001,1.0,0.0,0.0
1050000,4,4,10,596.0,-2.0772422,-79.8735072,1.0,0.0,0.0
77000,3,2,2,110.0,-2.0237764,-79.9178709,1.0,0.0,0.0
295000,3,3,2,269.0,-2.131242199999999,-79.8671336,1.0,0.0,0.0
60000,4,3,2,96.0,-2.058492661503763,-79.9789418722197,1.0,0.0,0.0
720000,4,4,2,546.0,-2.1043031,-79.8604831,1.0,0.0,0.0
295000,1,1,2,544.0,-2.144576941598591,-79.87041953371583,1.0,0.0,0.0
320000,4,4,2,317.0,-2.085248181066025,-79.87370251419973,1.0,0.0,0.0
188000,4,3,1,180.0,-2.185737,-79.9691573,1.0,0.0,0.0
234500,4,4,1,253.0,-2.1884348,-80.0272593,1.0,0.0,0.0
188000,3,2,2,184.0,-2.185737,-79.9691573,1.0,0.0,0.0
299000,4,4,2,374.0,-2.063670568742952,-79.87831897514648,1.0,0.0,0.0
208000,4,5,2,262.0,-2.1498332,-79.8891817,1.0,0.0,0.0
104000,3,3,2,120.0,-2.026751,-79.868695,1.0,0.0,0.0
175000,3,4,3,179.0,-2.183269078688289,-79.97743956268312,1.0,0.0,0.0
1480000,4,4,2,1235.0,-2.0744394,-79.8905631,1.0,0.0,0.0
298000,3,3,2,320.0,-2.0793306,-79.8382493,1.0,0.0,0.0
1100000,4,4,2,650.0,-2.094610043344924,-79.85905835023193,1.0,0.0,0.0
245000,4,4,2,250.0,-2.1860308,-79.9672783,1.0,0.0,0.0
105000,4,3,3,128.0,-2.050780030642563,-79.93243684763793,1.0,0.0,0.0
205000,4,4,2,207.0,-2.183106599999999,-80.0006053,1.0,0.0,0.0
424900,4,4,2,255.0,-2.0644159,-79.8723097,1.0,0.0,0.0
485000,3,3,2,307.0,-2.0659632,-79.8479874,1.0,0.0,0.0
280000,8,8,4,520.0,-2.2438091,-79.9066763,1.0,0.0,0.0
1480000,4,4,2,1235.0,-2.0744394,-79.8905631,1.0,0.0,0.0
135000,4,2,2,175.0,-2.1891341,-79.8899031,1.0,0.0,0.0
515000,4,4,2,600.0,-2.1067305,-79.8723857,1.0,0.0,0.0
745000,4,4,2,405.0,-2.1043031,-79.8604831,1.0,0.0,0.0
250000,7,7,5,561.0,-2.224921699999999,-79.893988,1.0,0.0,0.0
77000,3,2,2,110.0,-2.0237764,-79.9178709,1.0,0.0,0.0
295000,3,2,2,800.0,-2.1666402,-79.94511349999999,1.0,0.0,0.0
403000,3,3,2,416.0,-2.13519,-79.8674143,1.0,0.0,0.0
280000,8,8,4,520.0,-2.2438091,-79.9066763,1.0,0.0,0.0
450000,4,4,2,301.0,-2.106730499999999,-79.8723857,1.0,0.0,0.0
280000,4,3,4,350.0,-2.1520073,-79.9430537,1.0,0.0,0.0
910000,4,4,2,510.0,-2.0772422,-79.8735072,1.0,0.0,0.0
185000,8,7,1,142.0,-2.1560322,-79.9115741,1.0,0.0,0.0
449000,7,9,3,983.0,-2.165008609283414,-79.94206391821639,1.0,0.0,0.0
265000,3,3,2,225.0,-2.079528237092771,-79.83678078947447,1.0,0.0,0.0
126000,3,3,2,93.0,-2.184380093318767,-80.03514771862591,1.0,0.0,0.0
149000,7,3,10,407.0,-2.230169061273,-79.89396095735644,1.0,0.0,0.0
190000,3,3,2,214.0,-2.150974926295754,-79.94489451699897,1.0,0.0,0.0
579999,3,4,4,490.0,-2.1043031,-79.8604831,1.0,0.0,0.0
985000,5,5,2,750.0,-2.0964447,-79.8597831,1.0,0.0,0.0
230000,4,4,2,180.0,-2.183106599999999,-80.0006053,1.0,0.0,0.0
670000,4,3,2,670.0,-2.1165099,-79.8673962,1.0,0.0,0.0
420000,4,4,4,1047.0,-2.1666402,-79.94511349999999,1.0,0.0,0.0
78000,3,3,2,110.0,-2.0634632,-79.89388160000001,1.0,0.0,0.0
159888,3,4,2,150.0,-2.036956,-79.8686776,1.0,0.0,0.0
190000,12,10,5,400.0,-2.158256643007224,-79.90371611090622,1.0,0.0,0.0
325000,3,3,2,317.0,-2.0893231,-79.87285159999999,1.0,0.0,0.0
950000,4,4,2,510.0,-2.077184933876407,-79.87299668216504,1.0,0.0,0.0
520000,3,3,2,353.0,-2.096052,-79.86223070000001,1.0,0.0,0.0
85000,4,3,1,165.0,-2.135971276009061,-79.90192466665648,1.0,0.0,0.0
690000,4,6,3,1100.0,-2.1891341,-79.8899031,1.0,0.0,0.0
1250000,4,4,3,611.0,-2.0978785,-79.8757912,1.0,0.0,0.0
135000,3,2,2,135.0,-2.0447313,-79.8688995,1.0,0.0,0.0
75000,3,1,2,100.0,-2.0237764,-79.9178709,1.0,0.0,0.0
653899,5,5,1,415.0,-2.0994826922,-79.8628370359,1.0,0.0,0.0
1150000,4,4,2,596.0,-2.0772422,-79.8735072,1.0,0.0,0.0
364990,4,4,2,301.0,-2.06557721292,-79.848051773,1.0,0.0,0.0
1250000,4,6,10,3405.0,-2.0425739,-79.8631914,1.0,0.0,0.0
469000,4,5,2,325.0,-2.0771985,-79.8585582,1.0,0.0,0.0
220000,4,5,3,238.0,-2.0715709,-79.8422792,1.0,0.0,0.0
175000,3,2,3,207.0,-2.068747202416383,-79.8366813343933,1.0,0.0,0.0
154000,3,3,1,208.0,-2.148869319795308,-79.90718076180235,1.0,0.0,0.0
159000,4,4,2,179.0,-2.186466146908585,-79.97529912601165,1.0,0.0,0.0
750000,4,4,2,450.0,-2.077184933876407,-79.87299668216504,1.0,0.0,0.0
127500,3,2,1,160.0,-2.137534008349999,-79.925855398,1.0,0.0,0.0
420000,5,7,4,594.0,-2.1803552,-79.9147243,1.0,0.0,0.0
79000,3,2,2,93.0,-2.060295283933862,-79.89171772774002,1.0,0.0,0.0
105000,1,1,2,106.0,-2.008885699999999,-79.9719055,1.0,0.0,0.0
525000,4,4,2,454.0,-2.088043,-79.8681837,1.0,0.0,0.0
157000,3,2,2,230.0,-2.0383247,-79.8955084,1.0,0.0,0.0
395000,4,4,1,360.0,-2.1891341,-79.8899031,1.0,0.0,0.0
155000,3,3,1,148.0,-2.1507652,-79.8990551,1.0,0.0,0.0
57500,3,3,2,96.0,-2.056280796227486,-79.99472696654816,1.0,0.0,0.0
650000,7,6,7,1333.0,-2.189694440433228,-79.9674082672119,1.0,0.0,0.0
460000,4,3,6,620.0,-2.1043031,-79.8604831,1.0,0.0,0.0
115000,3,2,1,120.0,-2.134544194250683,-79.92526738837402,1.0,0.0,0.0
880000,4,4,2,510.0,-2.079349832974797,-79.87221944858004,1.0,0.0,0.0
190000,3,3,2,214.0,-2.150974926295754,-79.94489451699897,1.0,0.0,0.0
274000,4,3,1,210.0,-2.0715709,-79.8422792,1.0,0.0,0.0
730000,3,4,2,505.0,-2.1090227,-79.8609302,1.0,0.0,0.0
274990,3,3,2,252.0,-2.07983047666,-79.8382044278,1.0,0.0,0.0
279000,7,4,3,411.0,-2.166495464400321,-79.91290394025879,1.0,0.0,0.0
95000,4,3,2,130.0,-2.030429484028839,-79.90964148962945,1.0,0.0,0.0
259000,4,4,4,227.0,-2.0479789,-79.90517729999999,1.0,0.0,0.0
48000,3,2,1,145.0,-2.260506745981432,-79.8896520994751,1.0,0.0,0.0
162000,4,3,3,279.0,-2.1884348,-80.0272593,1.0,0.0,0.0
410000,5,5,2,255.0,-2.0644159,-79.8723097,1.0,0.0,0.0
81000,3,2,1,84.0,-2.1190862,-79.9384489,1.0,0.0,0.0
400000,3,3,1,274.0,-2.0761067,-79.837738,1.0,0.0,0.0
820000,4,4,2,550.0,-2.0964447,-79.8597831,1.0,0.0,0.0
1162688,5,4,2,600.0,-2.185074348348894,-79.99013843439332,1.0,0.0,0.0
580000,3,3,2,570.0,-2.1043031,-79.86048310000001,1.0,0.0,0.0
395000,7,7,2,300.0,-2.1666402,-79.94511349999999,1.0,0.0,0.0
190000,5,5,2,180.0,-2.1884348,-80.0272593,1.0,0.0,0.0
579990,4,4,2,600.0,-2.099558406489999,-79.8633099042,1.0,0.0,0.0
339000,3,3,2,440.0,-2.0636536,-79.8783334,1.0,0.0,0.0
250000,4,3,2,400.0,-2.163968963332365,-79.94397258418839,1.0,0.0,0.0
290000,4,4,1,251.0,-2.191165866582572,-79.96860713359372,1.0,0.0,0.0
214000,5,5,2,200.0,-2.1483485,-79.89518129999999,1.0,0.0,0.0
980000,4,4,2,5000.0,-2.113469266181383,-79.86014281759647,1.0,0.0,0.0
175000,3,3,2,180.0,-2.1908521,-80.0340942,1.0,0.0,0.0
650000,5,6,3,849.0,-2.183273213399744,-79.99031009577027,1.0,0.0,0.0
530000,4,4,3,400.0,-2.0636536,-79.8783334,1.0,0.0,0.0
590000,3,3,2,484.0,-2.106147214272585,-79.85833733278808,1.0,0.0,0.0
297000,4,3,3,302.0,-2.0851946,-79.8728636,1.0,0.0,0.0
850000,4,4,2,487.0,-2.189134099999999,-79.8899031,1.0,0.0,0.0
295000,4,4,2,255.0,-2.0681551,-79.8419207,1.0,0.0,0.0
550000,5,6,3,560.0,-2.0793306,-79.8382493,1.0,0.0,0.0
88000,4,3,2,120.0,-2.063752476652797,-79.91393061490936,1.0,0.0,0.0
110000,3,3,2,120.0,-2.0169958,-79.8665477,1.0,0.0,0.0
380000,3,3,2,250.0,-2.1532933,-79.9052142,1.0,0.0,0.0
849990,4,4,2,524.0,-2.105305191489999,-79.8602629147,1.0,0.0,0.0
1300000,6,6,4,800.0,-2.1545699,-79.8659089,1.0,0.0,0.0
130000,3,4,2,180.0,-2.121759452000169,-79.90414977929576,1.0,0.0,0.0
250000,4,3,2,340.0,-2.132620409439571,-79.86323097811581,1.0,0.0,0.0
172000,4,6,1,276.0,-2.14780802865,-79.8913190786,1.0,0.0,0.0
1300000,3,3,2,648.0,-2.112537267760634,-79.8582515020996,1.0,0.0,0.0
278000,3,5,2,300.0,-2.1671394,-79.9437532,1.0,0.0,0.0
329000,4,4,3,263.0,-2.0793306,-79.8382493,1.0,0.0,0.0
77000,3,2,2,93.0,-2.2407652,-80.0730797,1.0,0.0,0.0
320000,4,4,3,392.0,-2.0853184,-79.87263889999997,1.0,0.0,0.0
650000,4,4,2,400.0,-2.1133347,-79.8555825,1.0,0.0,0.0
690000,4,4,2,530.0,-2.0964447,-79.8597831,1.0,0.0,0.0
549000,4,3,2,697.0,-2.118905530388896,-79.86735728689271,1.0,0.0,0.0
360000,3,4,2,263.0,-2.1025188,-79.8679828,1.0,0.0,0.0
980000,3,3,1,1000.0,-2.0733123,-79.8912905,1.0,0.0,0.0
329990,4,4,2,300.0,-2.07903327208,-79.8381164116,1.0,0.0,0.0
265000,3,3,2,225.0,-2.079528237092771,-79.83678078947447,1.0,0.0,0.0
90000,4,3,2,149.0,-2.1402401,-79.9017781,1.0,0.0,0.0
128000,3,3,2,146.0,-2.1183727,-79.8863823,1.0,0.0,0.0
1300000,3,4,2,752.0,-2.109963006107876,-79.86139523965788,1.0,0.0,0.0
195000,3,5,2,160.0,-2.0794172,-79.92689039999999,1.0,0.0,0.0
254990,4,4,1,225.0,-2.079652253119999,-79.8379059772,1.0,0.0,0.0
370000,3,4,2,263.0,-2.1027766,-79.85803279999999,1.0,0.0,0.0
267000,4,5,2,225.0,-2.0482003,-79.9050896,1.0,0.0,0.0
165000,3,4,3,152.0,-2.0482003,-79.9050896,1.0,0.0,0.0
310000,11,10,2,441.0,-2.1498332,-79.8891817,1.0,0.0,0.0
218000,5,5,3,250.0,-2.1520073,-79.9430537,1.0,0.0,0.0
190000,3,3,1,180.0,-2.191538243435194,-80.04164730058594,1.0,0.0,0.0
450000,4,4,2,970.0,-2.19081180840917,-79.9657210360201,1.0,0.0,0.0
449000,7,9,3,983.0,-2.165008609283414,-79.94206391821639,1.0,0.0,0.0
284990,3,4,2,372.0,-2.0793763688,-79.8378589195,1.0,0.0,0.0
126000,3,3,2,93.0,-2.184380093318767,-80.03514771862591,1.0,0.0,0.0
550000,4,5,3,500.0,-2.094503525987364,-79.85906689364013,1.0,0.0,0.0
464900,4,5,2,360.0,-2.1025188,-79.8679828,1.0,0.0,0.0
459990,4,5,2,280.0,-2.06382151888,-79.8714929275,1.0,0.0,0.0
310000,3,3,2,284.0,-2.079401605869999,-79.8372602902,1.0,0.0,0.0
710000,4,4,2,490.0,-2.1025188,-79.8679828,1.0,0.0,0.0
297000,5,4,2,225.0,-2.079194573516492,-79.83911129101563,1.0,0.0,0.0
355000,5,5,5,500.0,-2.0632499,-79.8798849,1.0,0.0,0.0
420000,3,3,2,454.0,-2.088043,-79.8681837,1.0,0.0,0.0
437990,4,4,2,255.0,-2.0633712,-79.8721152,1.0,0.0,0.0
1050000,4,4,2,595.0,-2.077184933876407,-79.87299668216504,1.0,0.0,0.0
154000,3,3,2,162.0,-2.0277132,-79.89775809999999,1.0,0.0,0.0
500000,4,6,2,600.0,-2.1712772,-79.9427089,1.0,0.0,0.0
230000,3,3,2,315.0,-2.163315192148958,-79.94523783068846,1.0,0.0,0.0
87000,3,2,2,91.0,-2.0608743,-79.8919222,1.0,0.0,0.0
310000,4,5,2,672.0,-2.187485637717188,-80.01256956036003,1.0,0.0,0.0
165000,7,6,1,180.0,-2.1786103,-79.9001394,1.0,0.0,0.0
219000,3,3,2,220.0,-2.072294092468392,-79.84127311021736,1.0,0.0,0.0
394990,4,4,2,255.0,-2.0633712,-79.8721152,1.0,0.0,0.0
370000,3,3,2,190.0,-2.1063931,-79.85921909999999,1.0,0.0,0.0
95000,3,2,2,110.0,-2.0137,-79.8669101,1.0,0.0,0.0
305000,4,4,2,334.0,-2.174645491773447,-79.94168047215207,1.0,0.0,0.0
195000,8,6,4,306.0,-2.171587699999999,-79.9030729,1.0,0.0,0.0
580000,3,3,3,480.0,-2.1043031,-79.8604831,1.0,0.0,0.0
985000,5,5,2,750.0,-2.0964447,-79.8597831,1.0,0.0,0.0
340000,3,3,2,347.0,-2.1863066,-79.9652625,1.0,0.0,0.0
320000,4,4,4,316.0,-2.0870969,-79.8728283,1.0,0.0,0.0
179000,3,3,1,189.0,-2.185737,-79.9691573,1.0,0.0,0.0
850000,4,4,2,510.0,-2.0396748,-79.8473739,1.0,0.0,0.0
126000,3,3,2,122.0,-2.0619951,-79.90212799999999,1.0,0.0,0.0
690000,4,6,2,530.0,-2.0964447,-79.8597831,1.0,0.0,0.0
290000,3,3,2,231.0,-2.0746982,-79.8574352,1.0,0.0,0.0
379000,4,4,2,300.0,-2.118473860236483,-79.86741463171359,1.0,0.0,0.0
1450000,8,8,4,2500.0,-2.134123,-79.8635425,1.0,0.0,0.0
275000,12,7,2,196.0,-2.152079859282171,-79.89503175300798,1.0,0.0,0.0
72500,3,3,2,105.0,-2.0646512,-79.8926809,1.0,0.0,0.0
180000,3,2,3,800.0,-2.1936964,-79.8889341,1.0,0.0,0.0
99500,3,2,2,120.0,-2.099373816169999,-79.9065597717,1.0,0.0,0.0
380000,4,4,1,938.0,-2.121571291693185,-79.86660335992252,1.0,0.0,0.0
434900,4,4,4,517.0,-2.1891341,-79.8899031,1.0,0.0,0.0
149000,7,3,10,407.0,-2.230169061273,-79.89396095735644,1.0,0.0,0.0
850000,4,5,2,532.0,-2.1043031,-79.8604831,1.0,0.0,0.0
979990,3,5,4,1000.0,-2.070924120819999,-79.8723160956,1.0,0.0,0.0
649990,3,3,2,520.0,-2.1043031,-79.8604831,1.0,0.0,0.0
980000,3,5,6,1000.0,-2.073940333412184,-79.88670941000443,1.0,0.0,0.0
160000,3,3,1,212.0,-2.1843702,-79.9818612,1.0,0.0,0.0
154990,3,3,2,180.0,-2.06975198238,-79.841852232,1.0,0.0,0.0
280000,4,4,2,250.0,-2.067053431609043,-79.84139228288572,1.0,0.0,0.0
119000,4,2,1,126.0,-2.1715877,-79.9030729,1.0,0.0,0.0
86000,3,3,2,119.0,-2.2272315233078,-79.89049632463684,1.0,0.0,0.0
780000,10,9,5,1200.0,-2.1703911,-79.9054423,1.0,0.0,0.0
208000,3,3,2,181.0,-2.1821318,-79.9696758,1.0,0.0,0.0
142000,5,5,3,283.0,-2.16056690339482,-79.92820059494564,1.0,0.0,0.0
85000,3,2,2,91.0,-2.0974451,-79.8917509,1.0,0.0,0.0
385000,4,5,2,255.0,-2.071615933159475,-79.87324183473206,1.0,0.0,0.0
480000,5,6,4,500.0,-2.1891341,-79.8899031,1.0,0.0,0.0
800000,4,4,3,1000.0,-2.143379057883446,-79.86419530830261,1.0,0.0,0.0
370000,3,3,2,300.0,-2.1884348,-80.0272593,1.0,0.0,0.0
560000,4,4,6,512.0,-2.118905530388896,-79.86735728689271,1.0,0.0,0.0
465000,4,5,2,540.0,-2.125003376169107,-79.86783347902382,1.0,0.0,0.0
510000,5,6,2,693.0,-2.1048382,-79.8721883,1.0,0.0,0.0
990000,3,3,1,735.0,-2.1054823,-79.87246689999999,1.0,0.0,0.0
150000,3,3,1,180.0,-2.172063839947502,-79.9011476206543,1.0,0.0,0.0
430000,4,3,2,300.0,-2.186514036393877,-79.9769950278532,1.0,0.0,0.0
335000,4,4,2,228.0,-2.0715709,-79.8422792,1.0,0.0,0.0
199990,3,2,2,216.0,-2.188421290269999,-80.0255987107,1.0,0.0,0.0
750000,4,4,2,480.0,-2.094352333706245,-79.8605691192813,1.0,0.0,0.0
150000,4,5,3,190.0,-2.11221659184678,-79.89633103470943,1.0,0.0,0.0
480000,5,5,4,600.0,-2.1501281,-79.8645659,1.0,0.0,0.0
230000,5,5,3,208.0,-2.0734993,-79.8416259,1.0,0.0,0.0
1040000,4,4,2,630.0,-2.074551856391997,-79.89168785137329,1.0,0.0,0.0
850000,4,6,2,532.0,-2.10668329359359,-79.85996811586914,1.0,0.0,0.0
320000,7,8,6,800.0,-2.163719728480634,-79.91445041802979,1.0,0.0,0.0
235000,5,4,3,300.0,-2.16021582179017,-79.93999049927073,1.0,0.0,0.0
1300000,4,4,3,660.0,-2.1025188,-79.8679828,1.0,0.0,0.0
300000,4,4,2,308.0,-2.0746982,-79.8574352,1.0,0.0,0.0
180000,4,4,4,500.0,-2.21255473404926,-79.9240736090149,1.0,0.0,0.0
399000,3,4,2,480.0,-2.082541584627076,-79.87232480450744,1.0,0.0,0.0
169000,6,6,2,300.0,-2.162700166523889,-79.9155003185852,1.0,0.0,0.0
381588,5,5,2,202.0,-2.09989316531,-79.8642606656,1.0,0.0,0.0
194000,4,4,2,210.0,-2.1837606,-79.99816489999999,1.0,0.0,0.0
125000,3,3,3,180.0,-2.165624345709861,-79.9117606646263,1.0,0.0,0.0
419750,3,3,2,231.0,-2.1071,-79.8567657,1.0,0.0,0.0
168000,3,4,2,215.0,-2.1835198,-79.9777845,1.0,0.0,0.0
399990,3,3,2,255.0,-2.0633712,-79.8721152,1.0,0.0,0.0
600000,4,3,2,552.0,-2.0743189,-79.8748615,1.0,0.0,0.0
320000,4,4,2,317.0,-2.089203586641048,-79.86991650865816,1.0,0.0,0.0
299000,3,3,2,296.0,-2.1077409,-79.8723224,1.0,0.0,0.0
180000,6,3,1,288.0,-2.147402123452442,-79.89378291363067,1.0,0.0,0.0
138000,4,2,3,119.0,-2.0297521,-79.86797519999999,1.0,0.0,0.0
130000,3,2,1,122.0,-2.1172431,-79.892731,1.0,0.0,0.0
109000,3,2,1,112.0,-2.1498332,-79.8891817,1.0,0.0,0.0
579999,3,4,4,490.0,-2.1043031,-79.8604831,1.0,0.0,0.0
185000,8,7,1,142.0,-2.1560322,-79.9115741,1.0,0.0,0.0
135000,6,6,1,312.0,-2.1323186,-79.8926809,1.0,0.0,0.0
90000,8,6,2,292.0,-2.19224596464,-79.9044249171,1.0,0.0,0.0
68000,3,2,1,84.0,-2.096570680324739,-79.91967567011412,1.0,0.0,0.0
199500,4,3,1,216.0,-2.1875344,-79.9812613,1.0,0.0,0.0
193000,4,5,3,250.0,-2.15074218970575,-79.94348285344236,1.0,0.0,0.0
185000,4,4,2,250.0,-2.1884348,-80.0272593,1.0,0.0,0.0
650000,5,6,3,1562.0,-2.159939456446332,-79.9454568227539,1.0,0.0,0.0
424900,3,3,2,255.0,-2.1891341,-79.8899031,1.0,0.0,0.0
172000,4,6,1,250.0,-2.148432959499535,-79.88980895380195,1.0,0.0,0.0
190000,3,3,2,186.0,-2.073315300000008,-79.84160440901489,1.0,0.0,0.0
480000,4,4,2,340.0,-2.047782180108141,-79.84605110178221,1.0,0.0,0.0
355000,4,4,2,300.0,-2.0489064,-79.911211,1.0,0.0,0.0
310000,4,4,2,223.0,-2.185737,-79.9691573,1.0,0.0,0.0
5000,4,3,2,1000.0,-2.1748879,-79.9083804,1.0,0.0,0.0
810000,4,5,2,450.0,-2.0771667,-79.87311729999999,1.0,0.0,0.0
344990,3,3,2,280.0,-2.078200767039999,-79.837603613,1.0,0.0,0.0
162000,3,2,2,180.0,-2.191387922263665,-80.03690935978499,1.0,0.0,0.0
230000,4,4,2,180.0,-2.183106599999999,-80.0006053,1.0,0.0,0.0
280000,4,3,2,302.0,-2.0851946,-79.8728636,1.0,0.0,0.0
950000,5,4,4,1181.0,-2.1884348,-80.0272593,1.0,0.0,0.0
81000,3,2,1,84.0,-2.119086199999999,-79.9384489,1.0,0.0,0.0
450000,3,3,2,418.0,-2.1704195,-79.9090379,1.0,0.0,0.0
81000,3,2,2,84.0,-2.1190862,-79.9384489,1.0,0.0,0.0
255000,3,3,3,212.0,-2.128467965721998,-79.86154591595485,1.0,0.0,0.0
300000,3,3,2,500.0,-2.0636536,-79.8783334,1.0,0.0,0.0
340000,5,5,4,488.0,-2.1715877,-79.9030729,1.0,0.0,0.0
130000,3,2,1,101.0,-2.0605016,-79.9045771,1.0,0.0,0.0
564990,3,5,6,507.0,-2.115419463309999,-79.8684617978,1.0,0.0,0.0
1240000,5,5,2,646.0,-2.1043031,-79.8604831,1.0,0.0,0.0
255000,3,4,2,283.0,-2.185976897759999,-79.9708280027,1.0,0.0,0.0
720000,4,4,2,546.0,-2.111223900631127,-79.85845743325913,1.0,0.0,0.0
360000,4,5,2,343.0,-2.162082799999999,-79.9093198,1.0,0.0,0.0
120000,8,8,1,279.0,-2.261525699999999,-79.8860224,1.0,0.0,0.0
349990,5,5,2,317.0,-2.07944449295,-79.8380327664,1.0,0.0,0.0
350000,3,3,2,396.0,-2.129952989494933,-79.86861708925782,1.0,0.0,0.0
68000,3,2,2,93.0,-2.1884348,-80.0272593,1.0,0.0,0.0
399000,4,4,3,300.0,-2.0552235,-79.9302177,1.0,0.0,0.0
1500000,4,5,2,1015.0,-2.1043031,-79.8604831,1.0,0.0,0.0
450000,5,6,4,700.0,-2.0731961,-79.8735743,1.0,0.0,0.0
125000,3,3,3,190.0,-2.1117423,-79.8959947,1.0,0.0,0.0
675000,3,5,3,1204.0,-2.118818105620182,-79.86789379521484,1.0,0.0,0.0
240000,7,5,1,250.0,-2.1622816,-79.8998804,1.0,0.0,0.0
420000,3,4,3,348.0,-2.154569899999999,-79.8659089,1.0,0.0,0.0
500000,4,3,4,675.0,-2.1884348,-80.0272593,1.0,0.0,0.0
430000,2,4,3,600.0,-2.186406,-79.9843973,1.0,0.0,0.0
242000,5,5,2,306.0,-2.0715709,-79.8422792,1.0,0.0,0.0
160000,3,3,2,180.0,-2.187754221249514,-79.99954193234488,1.0,0.0,0.0
103000,3,2,2,128.0,-2.040916425909995,-79.86312541163943,1.0,0.0,0.0
715000,3,3,2,450.0,-2.1020415,-79.8578137,1.0,0.0,0.0
340000,4,4,2,359.0,-2.064063069097623,-79.87266066306002,1.0,0.0,0.0
160000,4,4,2,180.0,-2.112191477910218,-79.90315873068847,1.0,0.0,0.0
800000,3,3,2,450.0,-2.188490839506505,-79.88576176928102,1.0,0.0,0.0
360000,4,4,2,326.0,-2.067787764419999,-79.8729330994,1.0,0.0,0.0
890000,4,6,5,2286.0,-2.0396748,-79.8473739,1.0,0.0,0.0
250000,3,3,2,242.0,-2.156566999999999,-79.9010784,1.0,0.0,0.0
609990,4,4,2,553.0,-2.1043031,-79.8604831,1.0,0.0,0.0
185000,5,5,2,170.0,-2.04789171637766,-79.91101031380002,1.0,0.0,0.0
387000,4,4,2,405.0,-2.0636536,-79.87833339999997,1.0,0.0,0.0
239000,5,3,1,217.0,-2.0715709,-79.8422792,1.0,0.0,0.0
68000,3,2,2,98.0,-2.246061866485646,-80.08563945095672,1.0,0.0,0.0
808990,4,5,2,523.0,-2.077166699999999,-79.8731173,1.0,0.0,0.0
178000,3,2,5,227.0,-2.070671488779999,-79.8429794,1.0,0.0,0.0
950000,6,7,2,1722.0,-2.168321699999999,-79.9395566,1.0,0.0,0.0
245000,3,3,2,300.0,-2.049628599443916,-79.89570068214749,1.0,0.0,0.0
210000,4,4,2,352.0,-2.1843702,-79.9818612,1.0,0.0,0.0
55000,5,4,1,151.0,-2.193565899999999,-79.9132402,1.0,0.0,0.0
110000,3,2,3,115.0,-2.065507900349479,-79.91760815822755,1.0,0.0,0.0
375000,4,4,1,256.0,-2.0793306,-79.8382493,1.0,0.0,0.0
81000,3,2,2,84.0,-2.119086199999999,-79.9384489,1.0,0.0,0.0
255000,4,5,1,225.0,-2.07940045611,-79.838549673,1.0,0.0,0.0
66000,3,2,1,102.0,-2.083717783971807,-79.92086569526127,1.0,0.0,0.0
250000,4,4,1,287.0,-2.1520073,-79.9430537,1.0,0.0,0.0
165000,2,3,2,153.0,-2.048406371508857,-79.90517382698361,1.0,0.0,0.0
62990,3,2,1,72.0,-2.081631982439999,-79.922171437,1.0,0.0,0.0
272000,3,3,2,225.0,-2.075285417399183,-79.8409056239729,1.0,0.0,0.0
879000,4,6,3,1200.0,-2.14620168341428,-79.86355965029298,1.0,0.0,0.0
138800,3,2,1,218.0,-2.146297399999999,-79.9031776,1.0,0.0,0.0
58800,3,3,1,105.0,-2.088439394639999,-79.9170693905,1.0,0.0,0.0
154500,3,2,2,180.0,-2.074139499999999,-79.8445467,1.0,0.0,0.0
683000,4,4,2,592.0,-2.077238542806533,-79.87355458164012,1.0,0.0,0.0
640000,3,3,2,568.0,-2.1063931,-79.85921909999999,1.0,0.0,0.0
548448,4,4,2,319.0,-2.06253,-79.8697999,1.0,0.0,0.0
445000,4,4,2,330.0,-2.106730499999999,-79.8723857,1.0,0.0,0.0
381588,3,3,2,202.0,-2.1025188,-79.8679828,1.0,0.0,0.0
115000,3,2,1,180.0,-2.1385569,-79.9112312,1.0,0.0,0.0
860000,7,7,4,1046.0,-2.1472172,-79.85978310000002,1.0,0.0,0.0
680000,4,4,2,600.0,-2.1403254,-79.8636998,1.0,0.0,0.0
430000,4,4,2,456.0,-2.086040398815973,-79.86650168871614,1.0,0.0,0.0
255000,4,3,2,325.0,-2.1839279,-79.9981707,1.0,0.0,0.0
408500,3,3,2,255.0,-2.0644159,-79.8723097,1.0,0.0,0.0
815000,5,5,2,542.0,-2.101847851450261,-79.85792963701782,1.0,0.0,0.0
760800,4,4,2,532.0,-2.1122151,-79.8583003,1.0,0.0,0.0
62000,3,2,2,72.0,-2.024429183989295,-79.94627395424499,1.0,0.0,0.0
515000,3,3,2,500.0,-2.1043031,-79.8604831,1.0,0.0,0.0
135000,3,2,2,176.0,-2.0739603,-79.8473232,1.0,0.0,0.0
184000,6,5,4,332.0,-2.1330484,-79.9115741,1.0,0.0,0.0
358000,4,4,2,325.0,-2.063653599999999,-79.8783334,1.0,0.0,0.0
289999,4,4,2,302.0,-2.0904681,-79.86958369999999,1.0,0.0,0.0
105000,3,3,2,118.0,-2.0258278,-79.87397329999999,1.0,0.0,0.0
69000,4,3,1,108.0,-2.064220387591826,-79.97055513023834,1.0,0.0,0.0
370000,3,3,2,330.0,-2.1077409,-79.8723224,1.0,0.0,0.0
335000,3,3,2,291.0,-2.0793306,-79.8382493,1.0,0.0,0.0
372000,4,4,2,327.0,-2.063653599999999,-79.8783334,1.0,0.0,0.0
295000,4,5,3,322.0,-2.073301883323363,-79.83906562858868,1.0,0.0,0.0
398000,3,3,2,253.0,-2.106730499999999,-79.8723857,1.0,0.0,0.0
162000,5,4,2,473.0,-2.1420264,-79.9066799,1.0,0.0,0.0
388000,3,3,2,255.0,-2.06253,-79.86979989999999,1.0,0.0,0.0
975000,4,8,4,805.0,-2.0964447,-79.8597831,1.0,0.0,0.0
78900,3,2,2,84.0,-2.1191833,-79.9379154,1.0,0.0,0.0
120000,3,2,2,115.0,-2.137777840265686,-79.92675441914902,1.0,0.0,0.0
95000,3,3,3,189.0,-2.1394375,-79.9093281,1.0,0.0,0.0
780000,4,4,2,720.0,-2.1231067,-79.87098370000001,1.0,0.0,0.0
299000,4,6,2,391.0,-2.189465104569999,-79.9738183213,1.0,0.0,0.0
240000,3,4,2,250.0,-2.04789171637766,-79.91101031380002,1.0,0.0,0.0
590000,4,4,4,600.0,-2.0694276,-79.8591493,1.0,0.0,0.0
390000,4,4,2,480.0,-2.1165099,-79.8673962,1.0,0.0,0.0
790000,4,3,2,750.0,-2.071970449892057,-79.87398150728761,1.0,0.0,0.0
1200000,4,4,2,650.0,-2.0669371,-79.842054,1.0,0.0,0.0
475000,2,3,1,275.0,-2.095299593244714,-79.86063234484402,1.0,0.0,0.0
199500,4,4,1,238.0,-2.0744128,-79.8508458,1.0,0.0,0.0
1050000,4,5,2,600.0,-2.0745733,-79.8849716,1.0,0.0,0.0
270000,3,3,2,210.0,-2.0793306,-79.8382493,1.0,0.0,0.0
800000,3,3,2,700.0,-2.1231067,-79.8709837,1.0,0.0,0.0
850000,4,5,3,780.0,-2.0733123,-79.8912905,1.0,0.0,0.0
1150000,4,5,2,580.0,-2.1891341,-79.8899031,1.0,0.0,0.0
630000,4,4,3,630.0,-2.1043031,-79.8604831,1.0,0.0,0.0
150000,9,9,2,547.0,-2.2374179,-79.9028278,1.0,0.0,0.0
1200000,5,6,4,1280.0,-2.134814904940397,-79.86064560092775,1.0,0.0,0.0
170000,5,3,3,301.0,-2.164879059981518,-79.92068687535135,1.0,0.0,0.0
140000,3,2,2,157.0,-2.044861284068224,-79.913634676301,1.0,0.0,0.0
95000,5,5,1,197.0,-2.087817241539999,-79.9145618241,1.0,0.0,0.0
650000,4,4,2,650.0,-2.1545699,-79.8659089,1.0,0.0,0.0
138000,3,4,2,145.0,-2.045053140267149,-79.88284133482667,1.0,0.0,0.0
1500000,5,7,2,1450.0,-2.146249466820999,-79.86260894106447,1.0,0.0,0.0
358000,4,4,2,326.0,-2.0636536,-79.8783334,1.0,0.0,0.0
600000,11,10,6,970.0,-2.16352680625,-79.9440547841,1.0,0.0,0.0
135000,4,3,1,121.0,-2.0447313,-79.8688995,1.0,0.0,0.0
250000,3,4,2,250.0,-2.053112,-79.8970118,1.0,0.0,0.0
1100000,5,5,2,800.0,-2.100185999803639,-79.86224262911377,1.0,0.0,0.0
390000,3,3,2,255.0,-2.106730499999999,-79.8723857,1.0,0.0,0.0
775000,4,4,2,750.0,-2.0733123,-79.8912905,1.0,0.0,0.0
280000,6,5,3,672.0,-2.1620979,-79.9116519,1.0,0.0,0.0
270000,5,6,2,303.0,-2.1884348,-80.0272593,1.0,0.0,0.0
360000,3,4,1,640.0,-2.1863066,-79.9652625,1.0,0.0,0.0
239000,9,7,4,585.0,-2.226577199999999,-79.8944916,1.0,0.0,0.0
290000,4,4,2,498.0,-2.174008699999999,-79.9090504,1.0,0.0,0.0
79000,3,2,2,105.0,-2.2389451,-80.0809446,1.0,0.0,0.0
430000,3,3,2,500.0,-2.1077409,-79.8723224,1.0,0.0,0.0
300000,4,3,4,319.0,-2.1520073,-79.9430537,1.0,0.0,0.0
780000,5,5,2,473.0,-2.1043031,-79.8604831,1.0,0.0,0.0
285000,3,4,4,285.0,-2.04789171637766,-79.91101031380002,1.0,0.0,0.0
699000,3,4,2,476.0,-2.113108462112212,-79.85578621673879,1.0,0.0,0.0
275000,7,7,1,621.0,-2.1782759,-79.8898816,1.0,0.0,0.0
125000,4,4,2,129.0,-2.050780030642563,-79.93243684763793,1.0,0.0,0.0
212000,3,4,2,228.0,-2.077129565767277,-79.84215016895581,1.0,0.0,0.0
480000,4,4,2,488.0,-2.1891341,-79.8899031,1.0,0.0,0.0
430000,3,3,3,611.0,-2.186406,-79.9843973,1.0,0.0,0.0
800000,4,4,3,2300.0,-2.0694276,-79.8591493,1.0,0.0,0.0
810351,4,4,2,592.0,-2.0949854,-79.8616328,1.0,0.0,0.0
96000,3,2,2,190.0,-2.046755216210423,-79.87017926350711,1.0,0.0,0.0
135000,5,5,1,229.0,-2.173978430077069,-79.88809670121917,1.0,0.0,0.0
242000,4,4,2,300.0,-2.052120299999999,-79.8964634,1.0,0.0,0.0
300000,4,3,2,601.0,-2.150974926295754,-79.94489451699897,1.0,0.0,0.0
340000,5,5,2,250.0,-2.0680906,-79.8387183,1.0,0.0,0.0
80000,3,2,2,82.0,-2.0694833,-79.8989007,1.0,0.0,0.0
119000,3,2,1,120.0,-2.1637458,-79.9322572,1.0,0.0,0.0
338000,4,4,1,262.0,-2.079669299999999,-79.8375378,1.0,0.0,0.0
140000,3,2,1,139.0,-2.131834200000001,-79.9124946,1.0,0.0,0.0
93000,12,10,4,461.0,-2.221956399999999,-79.9050155,1.0,0.0,0.0
225000,4,4,2,180.0,-2.1831066,-80.00060529999999,1.0,0.0,0.0
490000,4,3,2,350.0,-2.0659632,-79.8479874,1.0,0.0,0.0
730000,4,4,2,410.0,-2.1022648,-79.8613874,1.0,0.0,0.0
299000,3,3,2,426.0,-2.168103789521516,-79.94614006499053,1.0,0.0,0.0
210000,4,4,1,250.0,-2.1520073,-79.9430537,1.0,0.0,0.0
280000,4,4,1,300.0,-2.1894128,-79.8890662,1.0,0.0,0.0
249900,9,9,4,275.0,-2.169047099999999,-79.9066383,1.0,0.0,0.0
75000,6,5,2,240.0,-2.2374179,-79.9028278,1.0,0.0,0.0
199000,4,3,2,209.0,-2.184926236609999,-79.9723836839,1.0,0.0,0.0
189883,3,3,2,149.0,-2.043976499999999,-79.8819643,1.0,0.0,0.0
110000,3,2,2,132.0,-2.1884348,-80.0272593,1.0,0.0,0.0
380000,3,3,2,264.0,-2.0644159,-79.8723097,1.0,0.0,0.0
913500,6,7,6,1017.0,-2.149716699999999,-79.8637312,1.0,0.0,0.0
475000,4,4,2,330.0,-2.0659632,-79.8479874,1.0,0.0,0.0
560000,4,4,2,500.0,-2.1891341,-79.8899031,1.0,0.0,0.0
398000,4,4,2,400.0,-2.1520073,-79.9430537,1.0,0.0,0.0
370000,6,8,10,973.0,-2.217174577905193,-79.89044909682006,1.0,0.0,0.0
880000,4,4,2,841.0,-2.1043031,-79.8604831,1.0,0.0,0.0
228000,4,5,2,300.0,-2.053112,-79.8970118,1.0,0.0,0.0
170000,5,4,1,198.0,-2.144446939120947,-79.90458648327674,1.0,0.0,0.0
125000,4,3,2,126.0,-2.041961576441727,-79.87387904674256,1.0,0.0,0.0
220000,4,4,3,379.0,-2.1843702,-79.9818612,1.0,0.0,0.0
550000,4,4,2,420.0,-2.1043031,-79.86048310000001,1.0,0.0,0.0
335000,3,4,2,395.0,-2.144151914957654,-79.86288612941573,1.0,0.0,0.0
390000,4,4,2,300.0,-2.0793306,-79.8382493,1.0,0.0,0.0
162000,4,4,1,360.0,-2.1520073,-79.9430537,1.0,0.0,0.0
1050000,5,6,2,710.0,-2.1043031,-79.8604831,1.0,0.0,0.0
650000,4,4,2,745.0,-2.1472172,-79.8597831,1.0,0.0,0.0
450000,3,3,2,301.0,-2.0659632,-79.8479874,1.0,0.0,0.0
284000,4,4,1,329.0,-2.079669299999999,-79.83753779999999,1.0,0.0,0.0
75000,5,3,1,182.0,-2.1251006,-79.8982793,1.0,0.0,0.0
700000,4,6,2,686.0,-2.1043031,-79.8604831,1.0,0.0,0.0
155000,4,3,2,190.0,-2.147868499999999,-79.8929407,1.0,0.0,0.0
71279,3,1,2,94.0,-2.23276519612274,-80.07989893437501,1.0,0.0,0.0
264000,4,4,2,151.0,-2.0793306,-79.8382493,1.0,0.0,0.0
494000,3,3,2,640.0,-2.106730499999999,-79.8723857,1.0,0.0,0.0
792800,4,4,2,540.0,-2.106730499999999,-79.8723857,1.0,0.0,0.0
85000,3,2,1,120.0,-2.04959508290355,-79.93186808694463,1.0,0.0,0.0
800000,4,4,2,714.0,-2.2555521,-79.87631370000001,1.0,0.0,0.0
245000,3,3,2,205.0,-2.125014823447706,-79.86485952477376,1.0,0.0,0.0
225000,3,3,2,236.0,-2.185737,-79.9691573,1.0,0.0,0.0
135000,7,4,4,256.0,-2.118016263029999,-79.8832191273,1.0,0.0,0.0
82000,3,1,2,84.0,-2.119086199999999,-79.9384489,1.0,0.0,0.0
69000,3,1,2,100.0,-2.064418,-79.9676721,1.0,0.0,0.0
695000,3,4,3,703.0,-2.1067305,-79.8723857,1.0,0.0,0.0
880000,5,4,3,592.0,-2.105606988526485,-79.85949851974395,1.0,0.0,0.0
350000,4,5,1,262.0,-2.078691024895626,-79.84029210675813,1.0,0.0,0.0
169000,3,4,2,162.0,-2.036956,-79.86867760000001,1.0,0.0,0.0
1045000,4,5,2,600.0,-2.0745733,-79.8849716,1.0,0.0,0.0
390000,3,3,2,454.0,-2.0744433,-79.8732217,1.0,0.0,0.0
420000,3,3,2,353.0,-2.106730499999999,-79.8723857,1.0,0.0,0.0
169000,3,3,2,260.0,-2.192344015265019,-80.00140511376954,1.0,0.0,0.0
679000,4,4,2,470.0,-2.0771667,-79.87311729999999,1.0,0.0,0.0
58000,3,1,1,72.0,-2.0252666,-79.9443024,1.0,0.0,0.0
550000,4,4,2,489.0,-2.1133347,-79.8555825,1.0,0.0,0.0
249900,4,5,2,202.0,-2.217499399999999,-79.9237738,1.0,0.0,0.0
104000,3,3,1,120.0,-2.0272789,-79.8685988,1.0,0.0,0.0
70000,3,2,1,90.0,-2.097433421869999,-79.9486541524,1.0,0.0,0.0
229900,2,2,2,207.0,-2.0746982,-79.8574352,1.0,0.0,0.0
147000,4,4,2,250.0,-2.146297399999999,-79.9031776,1.0,0.0,0.0
695000,3,4,2,478.0,-2.077184933876407,-79.87299668216504,1.0,0.0,0.0
355000,3,3,2,255.0,-2.0793306,-79.8382493,1.0,0.0,0.0
680000,4,4,2,450.0,-2.1043031,-79.8604831,1.0,0.0,0.0
218000,3,3,1,225.0,-2.18167418550502,-79.97020930644531,1.0,0.0,0.0
349000,3,3,2,567.0,-2.1731919,-79.9437532,1.0,0.0,0.0
479990,3,3,2,260.0,-2.077166699999999,-79.8731173,1.0,0.0,0.0
1200000,3,3,6,1823.0,-2.140591857833156,-79.86380490193481,1.0,0.0,0.0
168000,8,7,2,273.0,-2.131403199999999,-79.8986502,1.0,0.0,0.0
699000,3,3,2,700.0,-2.123582238567846,-79.8654733048523,1.0,0.0,0.0
850000,4,4,2,650.0,-2.0964447,-79.8597831,1.0,0.0,0.0
1200000,4,4,6,795.0,-2.0993567,-79.8743028,1.0,0.0,0.0
300000,7,6,2,467.0,-2.191247459357066,-79.89728292099818,1.0,0.0,0.0
473000,4,4,2,288.0,-2.1043031,-79.8604831,1.0,0.0,0.0
135000,9,5,1,230.0,-2.112439,-79.9031776,1.0,0.0,0.0
370000,4,4,4,305.0,-2.122624946936599,-79.86460150375272,1.0,0.0,0.0
88000,9,8,1,206.0,-2.120511375771498,-79.91487461966553,1.0,0.0,0.0
189500,4,4,1,180.0,-2.1843702,-79.9818612,1.0,0.0,0.0
65000,3,2,2,96.0,-2.058492661503763,-79.9789418722197,1.0,0.0,0.0
460000,3,3,2,515.0,-2.118818105620182,-79.86789379521484,1.0,0.0,0.0
850000,4,7,2,533.0,-2.106730499999999,-79.8723857,1.0,0.0,0.0
600000,3,2,2,601.0,-2.119694575815132,-79.87202900478513,1.0,0.0,0.0
300000,3,3,2,430.0,-2.1503675,-79.9012533,1.0,0.0,0.0
1000000,5,5,4,1300.0,-2.1860308,-79.9672783,1.0,0.0,0.0
291000,3,3,2,207.0,-2.0744613,-79.8323479,1.0,0.0,0.0
560000,4,4,2,850.0,-2.121032739341785,-79.86732962893068,1.0,0.0,0.0
190000,3,3,2,250.0,-2.22803453719,-79.8957641831,1.0,0.0,0.0
369000,4,4,2,369.0,-2.1891341,-79.8899031,1.0,0.0,0.0
65000,3,3,2,95.0,-2.058492661503763,-79.9789418722197,1.0,0.0,0.0
470000,3,4,2,1270.0,-2.070495993178232,-79.85907424341315,1.0,0.0,0.0
980000,5,5,3,750.0,-2.1043031,-79.8604831,1.0,0.0,0.0
68000,3,1,1,93.0,-2.238910399999999,-80.07542730000002,1.0,0.0,0.0
444995,4,4,3,305.0,-2.06253,-79.86979989999999,1.0,0.0,0.0
520000,4,5,2,500.0,-2.14185596594,-79.8634738196,1.0,0.0,0.0
384000,4,4,2,255.0,-2.106730499999999,-79.8723857,1.0,0.0,0.0
230000,4,5,2,202.0,-2.1077409,-79.8723224,1.0,0.0,0.0
265000,3,4,2,225.0,-2.0793306,-79.8382493,1.0,0.0,0.0
419000,3,3,2,250.0,-2.093148448941644,-79.86074306472686,1.0,0.0,0.0
429900,4,4,2,225.0,-2.0644159,-79.8723097,1.0,0.0,0.0
140000,3,4,2,145.0,-2.044861284068224,-79.913634676301,1.0,0.0,0.0
215000,3,3,2,380.0,-2.0715709,-79.8422792,1.0,0.0,0.0
355000,3,3,2,375.0,-2.0904681,-79.86958369999999,1.0,0.0,0.0
210000,3,3,1,180.0,-2.1921522,-80.0465092,1.0,0.0,0.0
995000,4,4,2,595.0,-2.0771667,-79.87311729999999,1.0,0.0,0.0
76000,3,2,2,83.0,-2.1191833,-79.9379154,1.0,0.0,0.0
420000,3,3,2,480.0,-2.088043,-79.8681837,1.0,0.0,0.0
172000,4,4,2,187.0,-2.143025411918226,-79.88666320416031,1.0,0.0,0.0
158800,3,2,2,180.0,-2.188456299999999,-80.01356919999999,1.0,0.0,0.0
850000,4,4,2,600.0,-2.1891341,-79.8899031,1.0,0.0,0.0
125000,4,4,1,180.0,-2.111323985972166,-79.90286303503196,1.0,0.0,0.0
140000,3,4,2,157.0,-2.048806976643917,-79.91380633767795,1.0,0.0,0.0
240000,4,3,2,180.0,-2.1884348,-80.0272593,1.0,0.0,0.0
159000,5,3,2,250.0,-2.1731835,-79.8833634,1.0,0.0,0.0
189000,4,3,2,255.0,-2.1843702,-79.9818612,1.0,0.0,0.0
71900,3,2,1,129.0,-2.0845495,-79.9235129,1.0,0.0,0.0
63000,3,2,1,94.0,-2.1884348,-80.0272593,1.0,0.0,0.0
85000,3,2,1,100.0,-2.226919620055655,-80.07569413599852,1.0,0.0,0.0
98000,3,3,2,120.0,-2.028915775635393,-79.86638733226317,1.0,0.0,0.0
680000,4,4,2,449.0,-2.1133347,-79.8555825,1.0,0.0,0.0
119000,3,2,2,120.0,-2.016671350776194,-79.86858643152163,1.0,0.0,0.0
280000,4,4,2,880.0,-2.15402336736989,-79.86816652370973,1.0,0.0,0.0
550000,5,3,2,601.0,-2.1271353,-79.8633972,1.0,0.0,0.0
74500,3,2,1,120.0,-2.171587699999999,-79.9030729,1.0,0.0,0.0
360000,3,3,2,370.0,-2.121621699999999,-79.863774,1.0,0.0,0.0
680000,4,4,2,553.0,-2.109963006107876,-79.86139523965788,1.0,0.0,0.0
695000,3,3,2,450.0,-2.0771667,-79.87311729999999,1.0,0.0,0.0
145000,4,2,1,130.0,-2.1625656,-79.93850739999999,1.0,0.0,0.0
58100,2,1,2,84.0,-2.022331633829999,-79.9460740749,1.0,0.0,0.0
149500,3,3,3,160.0,-2.035620999999999,-79.872566,1.0,0.0,0.0
580000,3,3,2,489.0,-2.1043031,-79.8604831,1.0,0.0,0.0
475000,4,4,2,282.0,-2.1043031,-79.8604831,1.0,0.0,0.0
480000,4,5,2,255.0,-2.217499399999999,-79.9237738,1.0,0.0,0.0
198000,3,3,1,180.0,-2.1868497,-79.9940966,1.0,0.0,0.0
220000,3,3,2,209.0,-2.184667771811933,-79.9993451772461,1.0,0.0,0.0
560000,4,4,2,353.0,-2.054490766128608,-79.83629296869506,1.0,0.0,0.0
80000,6,4,2,160.0,-2.2498976,-79.8957712,1.0,0.0,0.0
679000,4,4,2,476.0,-2.077184933876407,-79.87299668216504,1.0,0.0,0.0
375000,4,4,2,355.0,-2.0904681,-79.86958369999999,1.0,0.0,0.0
725000,5,4,4,892.0,-2.1623074,-79.945152,1.0,0.0,0.0
350000,3,3,2,400.0,-2.0744433,-79.8732217,1.0,0.0,0.0
150000,3,2,1,180.0,-2.0715709,-79.8422792,1.0,0.0,0.0
85000,6,4,2,220.0,-2.129365,-79.90317759999999,1.0,0.0,0.0
392000,3,5,2,220.0,-2.1043031,-79.8604831,1.0,0.0,0.0
98000,10,7,2,314.0,-2.1896228,-79.8908541,1.0,0.0,0.0
260000,3,4,2,200.0,-2.186297743632913,-79.99335617805176,1.0,0.0,0.0
275000,4,4,2,232.0,-2.1891341,-79.8899031,1.0,0.0,0.0
498000,4,6,2,330.0,-2.0659632,-79.8479874,1.0,0.0,0.0
1000000,4,4,2,595.0,-2.079570529736486,-79.86986386137698,1.0,0.0,0.0
200000,3,4,3,370.0,-2.0715709,-79.8422792,1.0,0.0,0.0
137000,4,3,2,190.0,-2.1111844,-79.89618,1.0,0.0,0.0
185000,3,3,2,180.0,-2.1868497,-79.9940966,1.0,0.0,0.0
207000,4,4,2,300.0,-2.1478685,-79.8929407,1.0,0.0,0.0
250000,4,4,2,300.0,-2.166014737531339,-79.94601676247693,1.0,0.0,0.0
799900,3,5,2,450.0,-2.0771667,-79.87311729999999,1.0,0.0,0.0
835000,7,8,6,1046.0,-2.1456056670862,-79.86408459252932,1.0,0.0,0.0
81000,3,2,1,84.0,-2.1191833,-79.9379154,1.0,0.0,0.0
790000,5,5,2,464.0,-2.077477631769999,-79.8696733436,1.0,0.0,0.0
890000,4,4,2,729.0,-2.110618110159399,-79.8574575682312,1.0,0.0,0.0
118000,3,2,2,142.0,-2.13143613744,-79.9291415852,1.0,0.0,0.0
595000,3,3,2,492.0,-2.1043031,-79.8604831,1.0,0.0,0.0
73000,3,3,2,110.0,-2.0539425,-79.98665419999999,1.0,0.0,0.0
640000,4,4,2,467.0,-2.10452513345072,-79.86391856969816,1.0,0.0,0.0
265000,3,3,2,225.0,-2.07812976112006,-79.84181127357179,1.0,0.0,0.0
119000,3,2,2,120.0,-2.016192006226338,-79.86790369534005,1.0,0.0,0.0
1350000,4,4,2,700.0,-2.079349832974797,-79.87221944858004,1.0,0.0,0.0
328000,4,4,2,315.0,-2.0793306,-79.8382493,1.0,0.0,0.0
650000,4,6,2,911.0,-2.1497167,-79.8637312,1.0,0.0,0.0
189000,4,4,3,324.0,-2.1330577,-79.91297349999999,1.0,0.0,0.0
410000,6,6,2,635.0,-2.166562195116074,-79.89718619364014,1.0,0.0,0.0
210000,4,3,1,259.0,-2.1880985,-79.99968849999999,1.0,0.0,0.0
80000,3,2,2,125.0,-2.0506228,-79.87473609999999,1.0,0.0,0.0
470000,4,3,2,459.0,-2.1411698,-79.8597831,1.0,0.0,0.0
128000,3,3,2,171.0,-2.1251964,-79.9034839,1.0,0.0,0.0
1100000,4,4,2,657.0,-2.1043031,-79.8604831,1.0,0.0,0.0
575000,4,5,2,797.0,-2.189529471243334,-79.96610703379338,1.0,0.0,0.0
1200000,4,5,4,608.0,-2.0771667,-79.87311729999999,1.0,0.0,0.0
50000,3,2,1,112.0,-2.119028448920746,-79.91060899424407,1.0,0.0,0.0
297000,4,4,4,302.0,-2.0851946,-79.8728636,1.0,0.0,0.0
78000,3,3,2,140.0,-2.0235212,-79.91718139999999,1.0,0.0,0.0
112000,3,3,3,160.0,-2.121169750626527,-79.8835414994751,1.0,0.0,0.0
400000,4,5,2,277.0,-2.1077409,-79.8723224,1.0,0.0,0.0
375000,11,10,4,837.0,-2.243686712618068,-79.90576345834961,1.0,0.0,0.0
289990,3,3,1,230.0,-2.06715062051,-79.8421975117,1.0,0.0,0.0
78000,3,2,2,72.0,-2.083154699798148,-79.91910519615631,1.0,0.0,0.0
235000,3,3,2,280.0,-2.177252074249239,-79.96682223267925,1.0,0.0,0.0
99500,3,2,2,149.0,-2.2267727,-80.0742237,1.0,0.0,0.0
168000,5,6,1,615.0,-2.171534920842883,-79.92393986878665,1.0,0.0,0.0
50000,3,1,1,127.0,-2.1715877,-79.9030729,1.0,0.0,0.0
279990,4,4,2,225.0,-2.09981572567,-79.8630094968,1.0,0.0,0.0
250000,3,4,6,250.0,-2.1562317,-79.89758,1.0,0.0,0.0
92000,3,2,2,131.0,-2.043788600000001,-79.87107590000001,1.0,0.0,0.0
680000,3,3,3,1000.0,-2.1748879,-79.9083804,1.0,0.0,0.0
399990,3,5,3,244.0,-2.102887848029999,-79.8608264228,1.0,0.0,0.0
210000,3,3,2,213.0,-2.1856878,-80.00576989999999,1.0,0.0,0.0
140000,9,7,1,210.0,-2.1221655,-79.9115741,1.0,0.0,0.0
480000,4,4,4,764.0,-2.174943956487963,-79.909320934021,1.0,0.0,0.0
225000,3,3,2,184.0,-2.071838067195415,-79.84194695822754,1.0,0.0,0.0
350000,10,4,2,393.0,-2.1709274,-79.8985727,1.0,0.0,0.0
98000,3,2,1,105.0,-2.136723,-79.9185706,1.0,0.0,0.0
430000,4,6,5,660.0,-2.1671394,-79.9437532,1.0,0.0,0.0
95999,3,2,1,108.0,-2.0841712,-79.9107046,1.0,0.0,0.0
299990,4,4,2,234.0,-2.078886960769999,-79.8370886289,1.0,0.0,0.0
449000,3,4,2,425.0,-2.0425739,-79.8631914,1.0,0.0,0.0
159000,5,9,4,420.0,-2.245570472438259,-79.90513546508178,1.0,0.0,0.0
515000,4,8,4,1000.0,-2.156146174390279,-79.86562378956359,1.0,0.0,0.0
730000,4,5,2,409.0,-2.1043031,-79.8604831,1.0,0.0,0.0
139000,2,2,3,200.0,-2.150973404265572,-79.88886322098027,1.0,0.0,0.0
115000,4,3,2,120.0,-2.189134099999999,-79.8899031,1.0,0.0,0.0
270000,4,4,2,228.0,-2.0479789,-79.90517729999999,1.0,0.0,0.0
82000,3,2,1,84.0,-2.0637748,-79.8972296,1.0,0.0,0.0
287000,4,3,2,261.0,-2.1884348,-80.0272593,1.0,0.0,0.0
580000,4,4,2,588.0,-2.104252800613464,-79.86081373988667,1.0,0.0,0.0
395000,3,3,2,264.0,-2.06253,-79.86979989999999,1.0,0.0,0.0
650000,7,4,2,600.0,-2.1067305,-79.8723857,1.0,0.0,0.0
255000,3,3,2,340.0,-2.0479789,-79.90517729999999,1.0,0.0,0.0
920000,5,7,2,595.0,-2.0771667,-79.87311729999999,1.0,0.0,0.0
799000,4,4,2,710.0,-2.106028187885825,-79.85983955842924,1.0,0.0,0.0
279000,3,3,2,180.0,-2.1165099,-79.8673962,1.0,0.0,0.0
360000,5,5,1,473.0,-2.1908521,-80.0340942,1.0,0.0,0.0
199000,4,4,3,275.0,-2.1843702,-79.9818612,1.0,0.0,0.0
260000,3,3,2,283.0,-2.188032313570373,-79.89564254139479,1.0,0.0,0.0
79875,3,2,1,136.0,-2.11488432364628,-79.9000964187128,1.0,0.0,0.0
275000,4,5,2,357.0,-2.18699274551584,-79.96908196563719,1.0,0.0,0.0
130000,3,2,2,225.0,-2.1334438,-79.9268049,1.0,0.0,0.0
430000,8,7,4,400.0,-2.1588139,-79.9019857,1.0,0.0,0.0
206000,3,3,2,205.0,-2.1872402,-79.9832308,1.0,0.0,0.0
400000,4,3,10,5000.0,-2.2042049,-80.0735443,1.0,0.0,0.0
159000,3,3,1,183.0,-2.201278515969954,-80.06047577644043,1.0,0.0,0.0
760800,4,4,2,532.0,-2.1122151,-79.8583003,1.0,0.0,0.0
138300,4,3,1,160.0,-2.1478685,-79.8929407,1.0,0.0,0.0
290000,4,4,2,240.0,-2.167147371018608,-79.94558278068692,1.0,0.0,0.0
699000,4,4,2,448.0,-2.1022651,-79.8613893,1.0,0.0,0.0
220000,4,6,2,274.0,-2.18239383980974,-79.91213807829592,1.0,0.0,0.0
339000,4,4,4,447.0,-2.1077409,-79.8723224,1.0,0.0,0.0
575000,5,7,3,600.0,-2.1448225,-79.8649279,1.0,0.0,0.0
895000,4,4,2,676.0,-2.1133347,-79.8555825,1.0,0.0,0.0
279000,6,4,4,207.0,-2.154817322558849,-79.90198504360359,1.0,0.0,0.0
109000,3,2,3,161.0,-2.111633134644598,-79.89760663659064,1.0,0.0,0.0
260000,4,4,2,210.0,-2.18348711942441,-79.97593996576745,1.0,0.0,0.0
800000,5,6,2,473.0,-2.1261241,-79.8686662,1.0,0.0,0.0
640000,4,4,2,875.0,-2.1891341,-79.8899031,1.0,0.0,0.0
175000,4,3,2,180.0,-2.1843702,-79.9818612,1.0,0.0,0.0
330000,2,2,5,428.0,-2.1294425,-79.8692337,1.0,0.0,0.0
180000,4,3,2,180.0,-2.1666402,-79.94511349999999,1.0,0.0,0.0
225000,3,3,4,363.0,-2.2125015,-80.0699063,1.0,0.0,0.0
220000,4,5,3,232.0,-2.067706139811229,-79.842025864032,1.0,0.0,0.0
209000,3,3,2,345.0,-2.1618543,-79.9435398,1.0,0.0,0.0
48000,3,1,1,110.0,-2.058206482251507,-79.97807742705535,1.0,0.0,0.0
190000,4,4,2,350.0,-2.1666402,-79.94511349999999,1.0,0.0,0.0
1470000,5,6,6,2697.0,-2.0694276,-79.8591493,1.0,0.0,0.0
130000,4,4,4,167.0,-2.129653799999999,-79.900207,1.0,0.0,0.0
460000,4,4,1,520.0,-2.1891341,-79.8899031,1.0,0.0,0.0
950000,4,4,3,930.0,-2.0425739,-79.8631914,1.0,0.0,0.0
84990,3,2,2,100.0,-2.224664399999999,-80.0759152,1.0,0.0,0.0
650000,4,3,3,816.0,-2.187936195087741,-79.96646412963865,1.0,0.0,0.0
520000,4,5,2,400.0,-2.1891341,-79.8899031,1.0,0.0,0.0
590000,4,4,2,544.0,-2.1025188,-79.8679828,1.0,0.0,0.0
1150000,4,4,2,580.0,-2.10452513345072,-79.86391856969816,1.0,0.0,0.0
105000,5,3,1,309.0,-2.1388875,-79.94564059999999,1.0,0.0,0.0
215000,3,3,2,180.0,-2.1854455,-79.9696737,1.0,0.0,0.0
135000,3,3,2,505.0,-2.008866115444526,-79.97232117839769,1.0,0.0,0.0
440000,3,3,2,346.0,-2.0659632,-79.8479874,1.0,0.0,0.0
295000,4,5,2,255.0,-2.1119323,-79.8720337,1.0,0.0,0.0
178000,3,3,2,180.0,-2.204031000872541,-80.07074565288085,1.0,0.0,0.0
950000,4,4,2,524.0,-2.1122977,-79.8583572,1.0,0.0,0.0
280000,4,4,1,180.0,-2.185991957943394,-80.05042875344235,1.0,0.0,0.0
720000,4,4,2,490.0,-2.071999899999999,-79.8666552,1.0,0.0,0.0
890000,5,7,2,595.0,-2.0772422,-79.8735072,1.0,0.0,0.0
148000,4,3,1,193.0,-2.151615268779191,-79.912178766687,1.0,0.0,0.0
361000,3,3,1,255.0,-2.0633712,-79.8721152,1.0,0.0,0.0
284000,4,6,2,245.0,-2.0793306,-79.8382493,1.0,0.0,0.0
50000,2,2,1,82.0,-2.0957868,-79.9092404,1.0,0.0,0.0
689990,4,4,2,407.0,-2.09895799489,-79.8618078671,1.0,0.0,0.0
62000,3,2,1,72.0,-2.022578022624333,-79.9471723636459,1.0,0.0,0.0
195000,4,4,2,228.0,-2.07825183770237,-79.8293283386404,1.0,0.0,0.0
178000,6,5,5,440.0,-2.161518231965998,-79.90816209832799,1.0,0.0,0.0
230000,3,3,2,180.0,-2.184873665286951,-79.99829253721161,1.0,0.0,0.0
465000,4,4,4,780.0,-2.1077409,-79.8723224,1.0,0.0,0.0
850000,4,4,2,532.0,-2.1122977,-79.8583572,1.0,0.0,0.0
260000,3,1,2,225.0,-2.0681551,-79.8419207,1.0,0.0,0.0
138000,3,4,2,197.0,-2.137777840265686,-79.92675441914902,1.0,0.0,0.0
995000,4,4,2,595.0,-2.0772422,-79.8735072,1.0,0.0,0.0
950000,5,4,2,752.0,-2.1025188,-79.8679828,1.0,0.0,0.0
275000,4,3,2,320.0,-2.1478685,-79.8929407,1.0,0.0,0.0
68000,3,2,2,94.0,-2.2404377,-80.081583,1.0,0.0,0.0
250000,5,4,4,250.0,-2.1516808,-79.9048693,1.0,0.0,0.0
260000,4,4,2,279.0,-2.1863066,-79.9652625,1.0,0.0,0.0
385000,3,3,2,265.0,-2.0644159,-79.8723097,1.0,0.0,0.0
129000,6,4,1,295.0,-2.164908420684714,-79.91519916695634,1.0,0.0,0.0
230000,3,2,2,180.0,-2.0742716,-79.8660491,1.0,0.0,0.0
104000,3,2,2,131.0,-2.043788600000001,-79.87107590000001,1.0,0.0,0.0
220000,3,2,3,220.0,-2.053555044718165,-79.905535051001,1.0,0.0,0.0
360000,3,3,2,291.0,-2.088043,-79.8681837,1.0,0.0,0.0
695000,4,4,3,700.0,-2.1160935,-79.8692892,1.0,0.0,0.0
849900,4,4,2,532.0,-2.1043031,-79.8604831,1.0,0.0,0.0
580000,4,5,2,611.0,-2.187926714569428,-79.97881772225895,1.0,0.0,0.0
695000,3,3,2,450.0,-2.0771667,-79.87311729999999,1.0,0.0,0.0
244990,4,4,2,245.0,-2.0793306,-79.8382493,1.0,0.0,0.0
279990,4,4,2,242.0,-2.079448539479999,-79.838184927,1.0,0.0,0.0
450000,3,3,2,350.0,-2.0748173,-79.86329789999999,1.0,0.0,0.0
738980,4,4,2,475.0,-2.07774567636,-79.8695338688,1.0,0.0,0.0
350000,5,3,2,410.0,-2.1863066,-79.9652625,1.0,0.0,0.0
195000,3,4,4,208.0,-2.0681551,-79.8419207,1.0,0.0,0.0
424995,4,3,2,255.0,-2.0644159,-79.8723097,1.0,0.0,0.0
379000,5,4,2,550.0,-2.191080098649038,-79.96538848277586,1.0,0.0,0.0
320000,4,4,2,253.0,-2.078200767039999,-79.8377752744,1.0,0.0,0.0
340000,4,4,2,586.0,-2.1731919,-79.9437532,1.0,0.0,0.0
138000,4,3,1,193.0,-2.148869319795308,-79.90718076180235,1.0,0.0,0.0
549990,4,4,1,588.0,-2.1043031,-79.8604831,1.0,0.0,0.0
860000,9,9,10,2118.0,-2.171115982427706,-79.94314257063368,1.0,0.0,0.0
850000,4,7,2,3200.0,-2.0088857,-79.97190549999999,1.0,0.0,0.0
245000,4,3,2,196.0,-2.185737,-79.9691573,1.0,0.0,0.0
350000,3,4,3,200.0,-2.114883999999995,-79.85709719999998,1.0,0.0,0.0
180000,5,5,4,311.0,-2.1296538,-79.900207,1.0,0.0,0.0
550000,4,4,2,400.0,-2.1891341,-79.8899031,1.0,0.0,0.0
298000,5,5,3,300.0,-2.1765028,-79.89618,1.0,0.0,0.0
650000,4,4,2,565.0,-2.1043031,-79.8604831,1.0,0.0,0.0
158000,4,3,2,121.0,-2.0447313,-79.8688995,1.0,0.0,0.0
129900,3,2,2,168.0,-2.0644072,-79.9251413,1.0,0.0,0.0
165000,3,3,2,277.0,-2.160887973513058,-79.91770703238525,1.0,0.0,0.0
81000,3,3,1,78.0,-2.067247828108138,-79.90021245918294,1.0,0.0,0.0
600000,4,4,3,500.0,-2.1891341,-79.8899031,1.0,0.0,0.0
66000,3,2,2,84.0,-2.089062751939299,-79.92188175847473,1.0,0.0,0.0
305000,3,4,2,430.0,-2.1891341,-79.8899031,1.0,0.0,0.0
720000,3,5,3,561.0,-2.0994643,-79.86449669999999,1.0,0.0,0.0
250000,5,4,2,417.0,-2.163598193430772,-79.93556413807902,1.0,0.0,0.0
340000,3,3,3,600.0,-2.1694235,-79.9034376,1.0,0.0,0.0
180000,3,5,2,177.0,-2.0603313,-79.87798339999999,1.0,0.0,0.0
229000,4,4,2,160.0,-2.1506977,-79.897126,1.0,0.0,0.0
950000,3,5,5,1527.0,-2.2059884,-79.9186302,1.0,0.0,0.0
390000,4,4,2,255.0,-2.0746982,-79.8574352,1.0,0.0,0.0
475000,4,5,2,306.0,-2.062942324759999,-79.8722010307,1.0,0.0,0.0
86000,5,4,2,200.0,-2.2514992,-79.8793833,1.0,0.0,0.0
245000,4,4,1,250.0,-2.18892170460184,-79.96563348317484,1.0,0.0,0.0
86000,3,2,2,150.0,-2.0206313,-79.86745050000002,1.0,0.0,0.0
500000,4,4,2,420.0,-2.096052,-79.86223070000001,1.0,0.0,0.0
185000,3,3,2,184.0,-2.0715709,-79.8422792,1.0,0.0,0.0
249990,4,4,2,252.0,-2.07935204354,-79.8380990963,1.0,0.0,0.0
185000,5,8,2,400.0,-2.0817392,-79.9206694,1.0,0.0,0.0
255000,3,3,2,259.0,-2.0715709,-79.8422792,1.0,0.0,0.0
690000,5,5,2,450.0,-2.133576583938351,-79.85840863860933,1.0,0.0,0.0
220000,4,4,2,300.0,-2.053072099999982,-79.89706110000002,1.0,0.0,0.0
890000,4,4,2,700.0,-2.10208963228969,-79.86351837049254,1.0,0.0,0.0
360000,4,4,3,800.0,-2.170299341400833,-79.90461208943874,1.0,0.0,0.0
165000,3,3,2,200.0,-2.058044691371675,-79.87476990049439,1.0,0.0,0.0
70000,3,1,2,100.0,-2.1891341,-79.8899031,1.0,0.0,0.0
824720,4,4,2,560.0,-2.09734367655796,-79.85802638513518,1.0,0.0,0.0
1250000,6,4,4,3000.0,-2.118857227329999,-79.8671293698,1.0,0.0,0.0
472990,4,4,2,360.0,-2.07451247066,-79.8721933804,1.0,0.0,0.0
159400,3,2,2,180.0,-2.188456299999999,-80.0135692,1.0,0.0,0.0
535000,4,6,2,603.0,-2.148291874947558,-79.86406806276857,1.0,0.0,0.0
385000,3,3,2,541.0,-2.1073055,-79.872252,1.0,0.0,0.0
890000,4,7,3,2287.0,-2.0694276,-79.8591493,1.0,0.0,0.0
139900,3,3,2,148.0,-2.0396748,-79.8473739,1.0,0.0,0.0
360000,3,3,1,220.0,-2.162672,-79.9312167,1.0,0.0,0.0
89000,3,3,1,200.0,-2.16045384888,-79.9038187356,1.0,0.0,0.0
150000,7,4,1,150.0,-2.12942523431879,-79.90834531917729,1.0,0.0,0.0
260000,4,4,3,300.0,-2.1847036,-79.96989409999999,1.0,0.0,0.0
415000,3,3,2,509.0,-2.1230511,-79.86258339999999,1.0,0.0,0.0
274000,3,3,1,210.0,-2.0793306,-79.8382493,1.0,0.0,0.0
575000,3,5,2,550.0,-2.0844192,-79.8681837,1.0,0.0,0.0
240000,3,6,2,261.0,-2.1875531,-79.9636842,1.0,0.0,0.0
260000,5,5,1,189.0,-2.1884348,-80.0272593,1.0,0.0,0.0
1300000,4,4,3,900.0,-2.1884348,-80.0272593,1.0,0.0,0.0
119000,3,2,2,210.0,-2.1352202,-79.90164,1.0,0.0,0.0
270000,4,5,2,220.0,-2.069319315306238,-79.83773017351074,1.0,0.0,0.0
375000,11,10,4,837.0,-2.243686712618068,-79.90576345834961,1.0,0.0,0.0
695000,3,3,2,450.0,-2.0771667,-79.87311729999999,1.0,0.0,0.0
890000,3,3,2,561.0,-2.0771667,-79.87311729999999,1.0,0.0,0.0
298000,4,3,2,382.0,-2.1843702,-79.9818612,1.0,0.0,0.0
160000,4,4,2,144.0,-2.203733399999999,-80.0608297,1.0,0.0,0.0
120000,3,2,2,221.0,-2.136723,-79.9185706,1.0,0.0,0.0
599000,4,4,2,512.0,-2.1713559,-79.9410616,1.0,0.0,0.0
350000,5,5,4,600.0,-2.148887302641057,-79.89220198527067,1.0,0.0,0.0
350000,5,3,2,410.0,-2.1863066,-79.9652625,1.0,0.0,0.0
229900,4,4,2,174.0,-2.0657374,-79.8393517,1.0,0.0,0.0
279000,5,6,2,480.0,-2.164227241581972,-79.94382517943424,1.0,0.0,0.0
289000,4,4,3,278.0,-2.0715709,-79.8422792,1.0,0.0,0.0
459990,4,4,1,485.0,-2.099414042309999,-79.8628219863,1.0,0.0,0.0
275000,4,3,2,320.0,-2.1478685,-79.8929407,1.0,0.0,0.0
80000,3,2,2,125.0,-2.0506228,-79.87473609999999,1.0,0.0,0.0
129900,3,2,2,168.0,-2.0644072,-79.9251413,1.0,0.0,0.0
175000,3,2,2,180.0,-2.0681551,-79.8419207,1.0,0.0,0.0
180000,3,2,2,600.0,-2.0088857,-79.97190549999999,1.0,0.0,0.0
254990,4,3,2,260.0,-2.0681429,-79.8332169,1.0,0.0,0.0
650000,4,4,2,565.0,-2.1043031,-79.8604831,1.0,0.0,0.0
169000,4,3,1,197.0,-2.146435718313841,-79.89790160101929,1.0,0.0,0.0
580000,4,5,2,611.0,-2.187926714569428,-79.97881772225895,1.0,0.0,0.0
50000,3,2,1,112.0,-2.119028448920746,-79.91060899424407,1.0,0.0,0.0
250000,5,4,2,417.0,-2.163598193430772,-79.93556413807902,1.0,0.0,0.0
78000,3,3,2,140.0,-2.0235212,-79.91718139999999,1.0,0.0,0.0
799000,4,4,2,710.0,-2.106028187885825,-79.85983955842924,1.0,0.0,0.0
244990,4,4,2,245.0,-2.0793306,-79.8382493,1.0,0.0,0.0
159000,5,9,4,420.0,-2.245570472438259,-79.90513546508178,1.0,0.0,0.0
280000,4,2,1,252.0,-2.1831221,-79.9965118,1.0,0.0,0.0
465000,4,4,4,780.0,-2.1077409,-79.8723224,1.0,0.0,0.0
230000,3,3,2,180.0,-2.184873665286951,-79.99829253721161,1.0,0.0,0.0
289990,3,3,1,230.0,-2.06715062051,-79.8421975117,1.0,0.0,0.0
398000,3,3,2,245.0,-2.1043031,-79.8604831,1.0,0.0,0.0
475000,5,7,4,1025.0,-2.1541792,-79.8657755,1.0,0.0,0.0
99500,3,2,2,149.0,-2.2267727,-80.0742237,1.0,0.0,0.0
475000,4,5,2,306.0,-2.062942324759999,-79.8722010307,1.0,0.0,0.0
159400,3,2,2,180.0,-2.188456299999999,-80.0135692,1.0,0.0,0.0
475000,4,4,2,265.0,-2.094523880404144,-79.85796201211882,1.0,0.0,0.0
55000,3,2,1,120.0,-2.1715877,-79.9030729,1.0,0.0,0.0
650000,4,4,4,1045.0,-2.2174994,-79.9237738,1.0,0.0,0.0
218000,4,4,2,300.0,-2.0530721,-79.89706110000002,1.0,0.0,0.0
250000,3,4,6,250.0,-2.1562317,-79.89758,1.0,0.0,0.0
500000,4,4,2,420.0,-2.096052,-79.86223070000001,1.0,0.0,0.0
138000,4,3,1,193.0,-2.148869319795308,-79.90718076180235,1.0,0.0,0.0
295000,5,3,2,261.0,-2.1868497,-79.9940966,1.0,0.0,0.0
320000,4,4,2,253.0,-2.078200767039999,-79.8377752744,1.0,0.0,0.0
198000,8,10,1,159.0,-2.1014289,-79.9366758,1.0,0.0,0.0
210000,3,3,2,213.0,-2.1856878,-80.00576989999999,1.0,0.0,0.0
305000,3,4,2,430.0,-2.1891341,-79.8899031,1.0,0.0,0.0
950000,4,4,3,930.0,-2.0425739,-79.8631914,1.0,0.0,0.0
95000,3,2,1,190.0,-2.1529271,-79.9347892,1.0,0.0,0.0
128000,3,3,2,171.0,-2.1251964,-79.9034839,1.0,0.0,0.0
298000,5,5,3,300.0,-2.1765028,-79.89618,1.0,0.0,0.0
149900,5,3,1,280.0,-2.2180011,-79.8951148,1.0,0.0,0.0
550000,4,4,2,400.0,-2.1891341,-79.8899031,1.0,0.0,0.0
150000,7,4,1,150.0,-2.12942523431879,-79.90834531917729,1.0,0.0,0.0
240000,3,6,2,261.0,-2.1875531,-79.9636842,1.0,0.0,0.0
229000,4,4,2,160.0,-2.1506977,-79.897126,1.0,0.0,0.0
280000,4,4,1,180.0,-2.185991957943394,-80.05042875344235,1.0,0.0,0.0
95999,3,2,1,108.0,-2.0841712,-79.9107046,1.0,0.0,0.0
62000,2,2,1,40.0,-2.1715877,-79.9030729,1.0,0.0,0.0
449000,3,4,2,425.0,-2.0425739,-79.8631914,1.0,0.0,0.0
390000,4,4,2,255.0,-2.0746982,-79.8574352,1.0,0.0,0.0
189000,4,4,3,166.0,-2.1666402,-79.94511349999999,1.0,0.0,0.0
135000,3,2,1,140.0,-2.1346815,-79.88428259999999,1.0,0.0,0.0
361000,3,3,1,255.0,-2.0633712,-79.8721152,1.0,0.0,0.0
249990,4,4,2,252.0,-2.07935204354,-79.8380990963,1.0,0.0,0.0
210000,4,5,2,230.0,-2.0741366,-79.8670224,1.0,0.0,0.0
680000,3,3,3,1000.0,-2.1748879,-79.9083804,1.0,0.0,0.0
472990,4,4,2,360.0,-2.07451247066,-79.8721933804,1.0,0.0,0.0
220000,4,6,2,274.0,-2.18239383980974,-79.91213807829592,1.0,0.0,0.0
470000,4,3,2,459.0,-2.1411698,-79.8597831,1.0,0.0,0.0
260000,3,4,2,259.0,-2.0684698,-79.8335824,1.0,0.0,0.0
85000,3,3,2,135.0,-2.043745711955219,-79.87057879715344,1.0,0.0,0.0
245000,4,3,2,196.0,-2.185737,-79.9691573,1.0,0.0,0.0
130000,4,4,4,167.0,-2.129653799999999,-79.900207,1.0,0.0,0.0
650000,4,3,3,816.0,-2.187936195087741,-79.96646412963865,1.0,0.0,0.0
86000,5,4,2,200.0,-2.2514992,-79.8793833,1.0,0.0,0.0
148000,4,3,1,193.0,-2.151615268779191,-79.912178766687,1.0,0.0,0.0
850000,4,4,2,532.0,-2.1025188,-79.8679828,1.0,0.0,0.0
183000,9,8,2,325.0,-2.1365745,-79.89618,1.0,0.0,0.0
86000,3,2,2,150.0,-2.0206313,-79.86745050000002,1.0,0.0,0.0
130000,3,2,2,225.0,-2.1334438,-79.9268049,1.0,0.0,0.0
97000,3,4,3,135.0,-2.043671385241505,-79.87043105183716,1.0,0.0,0.0
98000,3,2,2,311.0,-2.210404424340977,-79.89565375612794,1.0,0.0,0.0
392000,3,5,2,220.0,-2.1043031,-79.8604831,1.0,0.0,0.0
98000,5,3,2,188.0,-2.140401764144078,-79.88825070020977,1.0,0.0,0.0
96500,3,2,3,125.0,-2.0410375,-79.8631406,1.0,0.0,0.0
98000,3,3,2,187.0,-2.1855484,-79.8940348,1.0,0.0,0.0
160000,6,4,1,339.0,-2.134681500000007,-79.88599921376952,1.0,0.0,0.0
430000,4,4,2,488.0,-2.1891341,-79.8899031,1.0,0.0,0.0
440000,3,3,2,346.0,-2.0659632,-79.8479874,1.0,0.0,0.0
220000,4,4,2,286.0,-2.1831221,-79.9965118,1.0,0.0,0.0
570000,6,4,2,782.0,-2.0772269,-79.8765835,1.0,0.0,0.0
279990,4,4,2,242.0,-2.079448539479999,-79.838184927,1.0,0.0,0.0
890000,4,7,3,2287.0,-2.0694276,-79.8591493,1.0,0.0,0.0
430000,4,4,2,430.0,-2.15916423535005,-79.94238045923869,1.0,0.0,0.0
738980,4,4,2,475.0,-2.07774567636,-79.8695338688,1.0,0.0,0.0
209000,3,3,2,345.0,-2.1618543,-79.9435398,1.0,0.0,0.0
360000,4,4,3,800.0,-2.170299341400833,-79.90461208943874,1.0,0.0,0.0
239000,2,3,2,207.0,-2.0737992,-79.8316253,1.0,0.0,0.0
430000,3,3,2,615.0,-2.184306105360195,-79.98164785502497,1.0,0.0,0.0
170000,3,3,2,180.0,-2.0681551,-79.8419207,1.0,0.0,0.0
300000,4,4,1,225.0,-2.0793306,-79.8382493,1.0,0.0,0.0
1200000,4,5,4,608.0,-2.0771667,-79.87311729999999,1.0,0.0,0.0
245900,3,3,2,200.0,-2.181165936992012,-79.98533100867922,1.0,0.0,0.0
215000,3,3,1,182.0,-2.0669371,-79.842054,1.0,0.0,0.0
294990,4,4,2,245.0,-2.09981572567,-79.8630094968,1.0,0.0,0.0
206000,3,3,2,205.0,-2.1872402,-79.9832308,1.0,0.0,0.0
220000,3,2,3,220.0,-2.053555044718165,-79.905535051001,1.0,0.0,0.0
48000,3,1,1,110.0,-2.058206482251507,-79.97807742705535,1.0,0.0,0.0
580000,5,5,3,930.0,-2.1755713,-79.9041193,1.0,0.0,0.0
260000,3,3,2,259.0,-2.0715709,-79.8422792,1.0,0.0,0.0
450000,3,3,1,739.0,-2.0731961,-79.8735743,1.0,0.0,0.0
70000,3,1,2,100.0,-2.1891341,-79.8899031,1.0,0.0,0.0
82000,3,2,1,84.0,-2.0637748,-79.8972296,1.0,0.0,0.0
650000,4,5,2,354.0,-2.1077409,-79.8723224,1.0,0.0,0.0
207000,4,4,2,300.0,-2.1478685,-79.8929407,1.0,0.0,0.0
860000,6,5,4,1780.0,-2.134100459490496,-79.86350660587338,1.0,0.0,0.0
1100000,4,4,2,657.0,-2.1043031,-79.8604831,1.0,0.0,0.0
850000,4,4,2,532.0,-2.1122977,-79.8583572,1.0,0.0,0.0
90000,3,2,2,160.0,-2.0574366,-79.8706115,1.0,0.0,0.0
225000,3,3,4,363.0,-2.2125015,-80.0699063,1.0,0.0,0.0
285000,4,3,2,327.0,-2.1148566,-79.90317759999999,1.0,0.0,0.0
498000,5,5,2,560.0,-2.1891341,-79.8899031,1.0,0.0,0.0
510000,6,7,4,600.0,-2.1164315,-79.87295639999999,1.0,0.0,0.0
1350000,5,7,4,1000.0,-2.1043031,-79.8604831,1.0,0.0,0.0
60000,4,4,1,210.0,-2.2068551,-79.9079823,1.0,0.0,0.0
689600,4,4,2,469.0,-2.077424022849999,-79.8696840725,1.0,0.0,0.0
470000,4,4,2,450.0,-2.1891341,-79.8899031,1.0,0.0,0.0
290000,3,3,2,300.0,-2.07785767007,-79.8370886289,1.0,0.0,0.0
178000,3,3,2,180.0,-2.204031000872541,-80.07074565288085,1.0,0.0,0.0
895000,4,4,2,676.0,-2.1133347,-79.8555825,1.0,0.0,0.0
284000,4,6,2,245.0,-2.0793306,-79.8382493,1.0,0.0,0.0
137000,4,3,2,190.0,-2.1111844,-79.89618,1.0,0.0,0.0
400000,4,3,10,5000.0,-2.2042049,-80.0735443,1.0,0.0,0.0
430000,8,7,4,400.0,-2.1588139,-79.9019857,1.0,0.0,0.0
660000,4,4,2,414.0,-2.109963006107876,-79.86139523965788,1.0,0.0,0.0
138000,3,4,2,197.0,-2.137777840265686,-79.92675441914902,1.0,0.0,0.0
650000,4,4,2,450.0,-2.1043031,-79.8604831,1.0,0.0,0.0
950000,3,5,5,1527.0,-2.2059884,-79.9186302,1.0,0.0,0.0
255000,4,4,3,300.0,-2.0481276,-79.90523819999999,1.0,0.0,0.0
800000,4,4,2,500.0,-2.1025188,-79.8679828,1.0,0.0,0.0
185000,5,8,2,400.0,-2.0817392,-79.9206694,1.0,0.0,0.0
287000,4,3,2,261.0,-2.1884348,-80.0272593,1.0,0.0,0.0
178000,6,5,5,440.0,-2.161518231965998,-79.90816209832799,1.0,0.0,0.0
190000,3,3,1,144.0,-2.191337402434908,-80.04748683705253,1.0,0.0,0.0
328000,4,4,2,315.0,-2.0793306,-79.8382493,1.0,0.0,0.0
180000,5,5,4,311.0,-2.1296538,-79.900207,1.0,0.0,0.0
185000,3,3,2,184.0,-2.0715709,-79.8422792,1.0,0.0,0.0
240000,3,3,2,243.0,-2.071838067195415,-79.84194695822754,1.0,0.0,0.0
600000,4,4,3,500.0,-2.1891341,-79.8899031,1.0,0.0,0.0
890000,4,4,2,729.0,-2.110618110159399,-79.8574575682312,1.0,0.0,0.0
220000,4,4,2,300.0,-2.053072099999982,-79.89706110000002,1.0,0.0,0.0
689990,4,4,2,407.0,-2.09895799489,-79.8618078671,1.0,0.0,0.0
547000,3,4,4,600.0,-2.1043031,-79.8604831,1.0,0.0,0.0
985000,5,5,2,595.0,-2.079570529736486,-79.86986386137698,1.0,0.0,0.0
360000,3,3,2,291.0,-2.088043,-79.8681837,1.0,0.0,0.0
140000,9,7,1,210.0,-2.1221655,-79.9115741,1.0,0.0,0.0
1200000,3,4,3,1823.0,-2.138087506182771,-79.8638761637543,1.0,0.0,0.0
1000000,4,4,2,595.0,-2.079570529736486,-79.86986386137698,1.0,0.0,0.0
110000,4,3,3,232.0,-2.140117120286745,-79.90692417571921,1.0,0.0,0.0
260000,3,3,2,283.0,-2.188032313570373,-79.89564254139479,1.0,0.0,0.0
580000,4,4,2,588.0,-2.104252800613464,-79.86081373988667,1.0,0.0,0.0
890000,4,4,2,700.0,-2.10208963228969,-79.86351837049254,1.0,0.0,0.0
85000,3,2,1,80.0,-2.2274719,-80.07724250000001,1.0,0.0,0.0
730000,4,4,2,532.0,-2.1122977,-79.8583572,1.0,0.0,0.0
929000,4,4,2,720.0,-2.077184933876407,-79.87299668216504,1.0,0.0,0.0
350000,4,4,2,409.0,-2.189529471243334,-79.96610703379338,1.0,0.0,0.0
480000,3,3,4,630.0,-2.090606909505184,-79.87285312327877,1.0,0.0,0.0
950000,5,5,2,752.0,-2.1043031,-79.8604831,1.0,0.0,0.0
800000,3,4,1,1077.0,-2.1852441,-80.02554649999999,1.0,0.0,0.0
420000,3,3,2,201.0,-2.1043031,-79.8604831,1.0,0.0,0.0
431000,4,4,2,255.0,-2.0644159,-79.8723097,1.0,0.0,0.0
350000,5,6,4,868.0,-2.163537862686295,-79.93299883278641,1.0,0.0,0.0
690000,5,5,2,566.0,-2.1064426,-79.85929809999999,1.0,0.0,0.0
240000,3,4,2,243.0,-2.075285417399183,-79.8409056239729,1.0,0.0,0.0
520000,4,4,2,456.0,-2.1891341,-79.8899031,1.0,0.0,0.0
530000,4,5,2,459.0,-2.082439728000658,-79.87207804127807,1.0,0.0,0.0
135000,5,4,1,236.0,-2.169047099999999,-79.9066383,1.0,0.0,0.0
179000,3,2,2,200.0,-2.178287527251668,-79.98415839891551,1.0,0.0,0.0
385000,3,3,2,225.0,-2.0633712,-79.8721152,1.0,0.0,0.0
290000,5,4,8,371.0,-2.167139399999999,-79.9437532,1.0,0.0,0.0
291000,3,4,2,207.0,-2.0732059,-79.83264009999999,1.0,0.0,0.0
640000,4,4,2,467.0,-2.106730499999999,-79.8723857,1.0,0.0,0.0
910000,4,4,2,528.0,-2.110335022364564,-79.85636774107988,1.0,0.0,0.0
488802,4,4,2,333.0,-2.106730499999999,-79.8723857,1.0,0.0,0.0
560000,4,5,2,850.0,-2.118033813485259,-79.86770784372256,1.0,0.0,0.0
370000,4,3,2,303.0,-2.149011356143999,-79.86416126733205,1.0,0.0,0.0
360000,4,4,2,456.0,-2.1623074,-79.945152,1.0,0.0,0.0
190000,4,5,1,182.0,-2.177447499999999,-79.9657905,1.0,0.0,0.0
380000,4,4,2,500.0,-2.152074499999999,-79.8625834,1.0,0.0,0.0
355000,3,5,2,255.0,-2.0793306,-79.8382493,1.0,0.0,0.0
520000,4,4,2,560.0,-2.0772269,-79.8765835,1.0,0.0,0.0
750000,5,5,3,1000.0,-2.158896887111308,-79.94435615984106,1.0,0.0,0.0
550000,3,3,2,554.0,-2.1956335,-79.91577940000002,1.0,0.0,0.0
94000,4,2,1,122.0,-2.117237282704097,-79.89258525822754,1.0,0.0,0.0
770000,4,4,2,699.0,-2.106730499999999,-79.8723857,1.0,0.0,0.0
215000,5,3,2,298.0,-2.172490325779563,-79.89799679839479,1.0,0.0,0.0
398000,4,4,2,300.0,-2.1488229,-79.8653179,1.0,0.0,0.0
95000,6,5,2,316.0,-2.120057399999999,-79.9099985,1.0,0.0,0.0
78000,9,6,1,333.0,-2.1933785,-80.051659,1.0,0.0,0.0
175000,3,3,1,180.0,-2.0715709,-79.8422792,1.0,0.0,0.0
550000,4,3,4,676.0,-2.189529471243334,-79.96610703379338,1.0,0.0,0.0
460000,4,4,2,300.0,-2.106730499999999,-79.8723857,1.0,0.0,0.0
75000,3,3,1,207.0,-2.171587699999999,-79.9030729,1.0,0.0,0.0
490000,3,3,2,363.0,-2.1043031,-79.86048310000001,1.0,0.0,0.0
160000,3,3,2,168.0,-2.031282811232004,-79.89251794338145,1.0,0.0,0.0
459000,5,5,2,255.0,-2.06253,-79.86979989999999,1.0,0.0,0.0
79000,8,6,2,186.0,-2.2166013,-79.8885492,1.0,0.0,0.0
89000,4,3,2,120.0,-2.061354999999999,-79.918828,1.0,0.0,0.0
412833,3,3,2,179.0,-2.05569160233044,-79.9192880469879,1.0,0.0,0.0
397000,4,4,2,300.0,-2.062175672399999,-79.8702641468,1.0,0.0,0.0
500000,3,3,2,568.0,-2.123074535586401,-79.87133775158996,1.0,0.0,0.0
895000,4,4,2,1200.0,-2.1416135,-79.8631922,1.0,0.0,0.0
780000,4,4,2,902.0,-2.09446245893041,-79.87272599802861,1.0,0.0,0.0
780000,4,4,2,544.0,-2.098471091460381,-79.86082379709777,1.0,0.0,0.0
385000,4,4,2,255.0,-2.106730499999999,-79.8723857,1.0,0.0,0.0
89500,3,2,2,132.0,-2.114856599999999,-79.9031776,1.0,0.0,0.0
230000,3,3,2,242.0,-2.192374688514228,-79.9666071807861,1.0,0.0,0.0
836033,4,4,2,651.0,-2.1031223,-79.8646835,1.0,0.0,0.0
533000,5,6,4,533.0,-2.171587699999999,-79.9030729,1.0,0.0,0.0
315000,3,3,3,261.0,-2.0793306,-79.8382493,1.0,0.0,0.0
745000,4,4,2,450.0,-2.106730499999999,-79.8723857,1.0,0.0,0.0
745000,4,4,2,502.0,-2.1043031,-79.8604831,1.0,0.0,0.0
420000,4,6,4,723.0,-2.156376435698513,-79.9458287557373,1.0,0.0,0.0
130000,3,2,2,178.0,-2.199198656268757,-80.05843729758911,1.0,0.0,0.0
415000,4,4,2,523.0,-2.125050025273465,-79.86173408154298,1.0,0.0,0.0
80000,4,2,1,204.0,-2.261525699999999,-79.8860224,1.0,0.0,0.0
320000,3,2,2,305.0,-2.063653599999999,-79.8783334,1.0,0.0,0.0
36500,3,1,1,110.0,-2.057714999999999,-79.9582571,1.0,0.0,0.0
440000,3,3,1,523.0,-2.077050280130636,-79.87613799419465,1.0,0.0,0.0
510000,6,6,10,600.0,-2.166194513877901,-79.94507252883601,1.0,0.0,0.0
900000,5,7,4,1200.0,-2.1411698,-79.8597831,1.0,0.0,0.0
750000,4,3,2,480.0,-2.1009315,-79.8583984,1.0,0.0,0.0
630000,10,7,5,800.0,-2.171818229099999,-79.9040594292,1.0,0.0,0.0
836033,4,4,2,677.0,-2.1041761,-79.8606461,1.0,0.0,0.0
900000,4,4,2,1200.0,-2.141183634064138,-79.86051509947511,1.0,0.0,0.0
249900,5,3,2,266.0,-2.185320499999999,-79.9965006,1.0,0.0,0.0
45000,2,2,1,120.0,-2.171587699999999,-79.9030729,1.0,0.0,0.0
950000,4,6,8,3200.0,-2.0694276,-79.8591493,1.0,0.0,0.0
390000,3,3,2,454.0,-2.1257004,-79.86326789999998,1.0,0.0,0.0
900000,6,5,3,2199.0,-2.163537862686295,-79.93299883278641,1.0,0.0,0.0
350000,3,3,2,250.0,-2.106730499999999,-79.8723857,1.0,0.0,0.0
400000,3,4,2,325.0,-2.0744128,-79.8508458,1.0,0.0,0.0
620000,3,3,2,350.0,-2.095932815841911,-79.8654485970644,1.0,0.0,0.0
130000,4,2,2,366.0,-2.2045273,-79.8901239,1.0,0.0,0.0
688160,4,4,2,553.0,-2.106730499999999,-79.8723857,1.0,0.0,0.0
750000,3,3,3,608.0,-2.186406,-79.9843973,1.0,0.0,0.0
150000,2,2,4,360.0,-2.158405399999999,-79.9045771,1.0,0.0,0.0
480000,4,5,3,552.0,-2.173384880139416,-79.94360299629516,1.0,0.0,0.0
800000,4,3,3,1183.0,-2.183273213399744,-79.99031009577027,1.0,0.0,0.0
280000,6,6,4,455.0,-2.185014999999999,-79.9017781,1.0,0.0,0.0
225000,5,3,2,300.0,-2.167139399999999,-79.9437532,1.0,0.0,0.0
73790,3,2,1,83.0,-2.212418599999999,-80.0506427,1.0,0.0,0.0
85000,3,3,1,114.0,-2.171587699999999,-79.9030729,1.0,0.0,0.0
475000,3,3,2,302.0,-2.066952629462465,-79.8516655282837,1.0,0.0,0.0
440000,4,4,2,419.0,-2.1069625,-79.8723241,1.0,0.0,0.0
65000,2,1,1,96.0,-2.053942499999999,-79.9866542,1.0,0.0,0.0
285000,5,6,2,682.0,-2.1627855,-79.9064357,1.0,0.0,0.0
449000,4,4,2,255.0,-2.06253,-79.86979989999999,1.0,0.0,0.0
184500,5,6,1,280.0,-2.1498332,-79.8891817,1.0,0.0,0.0
952500,4,4,2,600.0,-2.099106923764053,-79.87544643757325,1.0,0.0,0.0
227990,3,3,2,180.0,-2.18359547857,-80.0027095146,1.0,0.0,0.0
138000,4,4,2,271.0,-2.1862595,-79.8998854,1.0,0.0,0.0
291000,3,3,2,207.0,-2.074698199999999,-79.8574352,1.0,0.0,0.0
695000,5,5,2,899.0,-2.1067305,-79.8723857,1.0,0.0,0.0
95220,4,3,1,94.0,-2.0636949,-79.96326669999999,1.0,0.0,0.0
50000,4,3,2,190.0,-2.261525699999999,-79.8860224,1.0,0.0,0.0
795000,4,4,2,530.0,-2.1043031,-79.86048310000001,1.0,0.0,0.0
340000,4,5,2,580.0,-2.1520152,-79.9430048,1.0,0.0,0.0
175000,3,4,1,269.0,-2.192480974281531,-79.9648305833008,1.0,0.0,0.0
420000,4,4,2,260.0,-2.06253,-79.86979989999999,1.0,0.0,0.0
250000,4,4,1,227.0,-2.158691561452066,-79.94596971059234,1.0,0.0,0.0
580000,3,3,2,480.0,-2.106730499999999,-79.8723857,1.0,0.0,0.0
255000,4,4,2,225.0,-2.0793306,-79.8382493,1.0,0.0,0.0
215000,4,4,2,214.0,-2.0715709,-79.8422792,1.0,0.0,0.0
330000,4,4,2,228.0,-2.106730499999999,-79.8723857,1.0,0.0,0.0
320000,5,5,6,360.0,-2.1843702,-79.9818612,1.0,0.0,0.0
156000,3,3,2,149.0,-2.045018580500688,-79.86898848042604,1.0,0.0,0.0
169900,3,3,1,167.0,-2.036792674197404,-79.86924962006411,1.0,0.0,0.0
450000,4,4,2,350.0,-2.0659632,-79.8479874,1.0,0.0,0.0
200000,4,4,1,194.0,-2.189134099999999,-79.8899031,1.0,0.0,0.0
415000,5,5,2,500.0,-2.217499399999999,-79.9237738,1.0,0.0,0.0
440000,4,4,2,350.0,-2.1043031,-79.8604831,1.0,0.0,0.0
335000,5,5,2,311.0,-2.0873135,-79.87281879999999,1.0,0.0,0.0
290000,4,4,2,207.0,-2.0732059,-79.83264009999999,1.0,0.0,0.0
295000,4,4,1,245.0,-2.079258737415893,-79.83796129671715,1.0,0.0,0.0
320000,4,4,2,320.0,-2.1520152,-79.9430048,1.0,0.0,0.0
70000,3,2,1,78.0,-2.0817392,-79.9206694,1.0,0.0,0.0
158000,7,5,3,300.0,-2.117098359589999,-79.8937609683,1.0,0.0,0.0
230000,3,3,2,300.0,-2.053072099999982,-79.89706110000002,1.0,0.0,0.0
120000,3,3,2,128.0,-2.2158125,-80.0880625,1.0,0.0,0.0
75000,4,4,1,160.0,-2.2420035,-79.9049408,1.0,0.0,0.0
186000,3,3,2,180.0,-2.1884348,-80.0272593,1.0,0.0,0.0
180000,3,3,2,189.0,-2.183122099999999,-79.9965118,1.0,0.0,0.0
360000,4,4,2,275.0,-2.0793306,-79.8382493,1.0,0.0,0.0
365000,4,7,2,375.0,-2.1956335,-79.91577940000002,1.0,0.0,0.0
534000,4,4,2,370.0,-2.0659632,-79.8479874,1.0,0.0,0.0
75000,4,4,1,108.0,-2.1389841,-79.8947804,1.0,0.0,0.0
750000,5,5,2,571.0,-2.100900956407963,-79.85811202723083,1.0,0.0,0.0
78500,3,3,2,101.0,-2.0202154,-79.8680222,1.0,0.0,0.0
450000,4,4,2,800.0,-2.156146174390279,-79.86562378956359,1.0,0.0,0.0
73090,3,2,1,72.0,-2.0636949,-79.96326669999999,1.0,0.0,0.0
300000,4,5,2,466.0,-2.1740229959325,-79.94176347763168,1.0,0.0,0.0
59000,3,2,1,72.0,-2.08416756633,-79.9676931368,1.0,0.0,0.0
250000,3,4,2,453.0,-2.190237057280619,-79.96790947825139,1.0,0.0,0.0
276000,4,5,2,225.0,-2.075285417399183,-79.8409056239729,1.0,0.0,0.0
60000,3,3,1,157.0,-2.260046299999999,-79.887782,1.0,0.0,0.0
175000,3,3,2,162.0,-2.059735457653938,-79.90468170169677,1.0,0.0,0.0
229000,10,10,1,600.0,-2.171587699999999,-79.9030729,1.0,0.0,0.0
430500,4,4,2,255.0,-2.06253,-79.86979989999999,1.0,0.0,0.0
93000,4,3,2,363.0,-2.23738297986,-79.9028881303,1.0,0.0,0.0
369000,4,6,2,375.0,-2.089203586641048,-79.86991650865816,1.0,0.0,0.0
150000,10,7,4,250.0,-2.171587699999999,-79.9030729,1.0,0.0,0.0
860000,4,4,2,544.0,-2.113108462112212,-79.85578621673879,1.0,0.0,0.0
850000,5,5,2,625.0,-2.097012394329954,-79.86116974550782,1.0,0.0,0.0
750000,4,4,2,480.0,-2.106730499999999,-79.8723857,1.0,0.0,0.0
196580,4,4,2,180.0,-2.1884348,-80.0272593,1.0,0.0,0.0
65000,3,3,1,100.0,-2.057728099999999,-79.9876048,1.0,0.0,0.0
830000,3,3,2,750.0,-2.071418319195946,-79.87544782017923,1.0,0.0,0.0
86000,4,3,1,156.0,-2.261525699999999,-79.8860224,1.0,0.0,0.0
210000,3,3,2,190.0,-2.1666402,-79.94511349999999,1.0,0.0,0.0
780000,4,4,2,480.0,-2.1145672,-79.8556162,1.0,0.0,0.0
670000,3,3,2,588.0,-2.1064426,-79.85929809999999,1.0,0.0,0.0
350000,2,2,2,451.0,-2.183273213399744,-79.99031009577027,1.0,0.0,0.0
210000,3,5,2,180.0,-2.190852099999999,-80.0340942,1.0,0.0,0.0
450000,12,10,6,579.0,-2.1726575,-79.9108622,1.0,0.0,0.0
474990,4,4,2,320.0,-2.106730499999999,-79.8723857,1.0,0.0,0.0
220000,4,5,2,250.0,-2.1506644,-79.9450332,1.0,0.0,0.0
430000,3,3,1,263.0,-2.0644159,-79.8723097,1.0,0.0,0.0
107000,6,4,2,190.0,-2.1389376,-79.887782,1.0,0.0,0.0
295000,3,3,1,300.0,-2.0481276,-79.90523819999999,1.0,0.0,0.0
395000,3,3,2,255.0,-2.106730499999999,-79.8723857,1.0,0.0,0.0
150000,3,2,1,367.0,-2.1824978,-79.8934542,1.0,0.0,0.0
750000,3,3,3,250.0,-2.0694276,-79.8591493,1.0,0.0,0.0
290000,3,3,2,200.0,-2.1067305,-79.8723857,1.0,0.0,0.0
485000,4,5,2,522.0,-2.1076378,-79.8622333,1.0,0.0,0.0
424900,4,4,1,255.0,-2.072790499999999,-79.8720156,1.0,0.0,0.0
410000,5,5,3,470.0,-2.0636536,-79.8783334,1.0,0.0,0.0
257000,3,4,1,273.0,-2.0681904,-79.8340376,1.0,0.0,0.0
290000,4,3,2,270.0,-2.0715709,-79.8422792,1.0,0.0,0.0
135000,4,4,1,182.0,-2.203376278664635,-80.06364559095458,1.0,0.0,0.0
168000,4,4,2,153.0,-2.045018580500688,-79.86898848042604,1.0,0.0,0.0
420000,4,4,1,488.0,-2.1069625,-79.8723241,1.0,0.0,0.0
311000,2,4,2,597.0,-2.162672,-79.9312167,1.0,0.0,0.0
80000,4,3,1,195.0,-2.221956399999999,-79.9050155,1.0,0.0,0.0
550000,6,6,2,736.0,-2.1170338,-79.8714701,1.0,0.0,0.0
360000,4,3,2,341.0,-2.1445739,-79.8635209,1.0,0.0,0.0
390000,8,6,3,764.0,-2.157278618510999,-79.94629716476203,1.0,0.0,0.0
399000,4,4,2,398.0,-2.0636536,-79.87833339999997,1.0,0.0,0.0
290000,3,3,2,207.0,-2.0732059,-79.8326401,1.0,0.0,0.0
130000,2,2,1,180.0,-2.1346815,-79.8842826,1.0,0.0,0.0
420000,4,4,2,426.0,-2.0929125,-79.8734219,1.0,0.0,0.0
73000,3,2,2,94.0,-2.241427199999999,-80.0819126,1.0,0.0,0.0
475000,4,4,2,306.0,-2.064463234945118,-79.87106249996948,1.0,0.0,0.0
220000,2,2,1,210.0,-2.1433681,-79.8648706,1.0,0.0,0.0
240000,4,3,2,230.0,-2.0342198,-79.871824,1.0,0.0,0.0
315000,4,5,2,262.0,-2.1077409,-79.8723224,1.0,0.0,0.0
660000,4,5,2,550.0,-2.1063931,-79.8592191,1.0,0.0,0.0
730000,4,4,2,532.0,-2.105855184822496,-79.85680820110117,1.0,0.0,0.0
125000,3,5,2,190.0,-2.11106236038,-79.9083343852,1.0,0.0,0.0
550000,4,4,3,504.0,-2.0844192,-79.8681837,1.0,0.0,0.0
173500,3,3,2,150.0,-2.19583886254565,-80.053821689624,1.0,0.0,0.0
166121,3,2,1,128.0,-2.043976499999999,-79.88196429999999,1.0,0.0,0.0
780000,4,5,2,1040.0,-2.12532381219867,-79.86357288373415,1.0,0.0,0.0
359000,4,6,2,252.0,-2.0789607267,-79.8353094122,1.0,0.0,0.0
490000,4,4,2,600.0,-2.118818105620182,-79.86789379521484,1.0,0.0,0.0
485000,4,4,2,463.0,-2.082541584627076,-79.87232480450744,1.0,0.0,0.0
580000,3,3,2,483.0,-2.1133347,-79.8555825,1.0,0.0,0.0
75000,5,5,1,162.0,-2.246684704201019,-79.88487569808959,1.0,0.0,0.0
70000,3,2,2,100.0,-2.23686830453102,-80.07756814360144,1.0,0.0,0.0
540000,4,3,2,540.0,-2.169763777383908,-79.94342746109926,1.0,0.0,0.0
118000,3,3,2,202.0,-2.158405399999999,-79.9045771,1.0,0.0,0.0
315000,3,3,2,259.0,-2.106730499999999,-79.8723857,1.0,0.0,0.0
699999,5,5,2,410.0,-2.1043031,-79.86048310000001,1.0,0.0,0.0
120000,4,3,2,148.0,-2.040916425909995,-79.86312541163943,1.0,0.0,0.0
395000,3,4,1,307.0,-2.097330274496994,-79.86019826197547,1.0,0.0,0.0
300000,4,4,2,225.0,-2.0792717,-79.83851000000001,1.0,0.0,0.0
220000,3,2,2,193.0,-2.1811136,-79.96811330000003,1.0,0.0,0.0
195000,4,3,1,183.0,-2.0757319,-79.8662336,1.0,0.0,0.0
271000,4,5,2,225.0,-2.077129565767277,-79.84215016895581,1.0,0.0,0.0
430000,3,3,2,255.0,-2.106730499999999,-79.8723857,1.0,0.0,0.0
829540,4,4,2,592.0,-2.106730499999999,-79.8723857,1.0,0.0,0.0
135000,4,3,1,121.0,-2.0447313,-79.8688995,1.0,0.0,0.0
585000,4,4,2,605.0,-2.0929125,-79.8734219,1.0,0.0,0.0
320000,4,4,2,228.0,-2.0793306,-79.8382493,1.0,0.0,0.0
950000,4,4,2,524.0,-2.106730499999999,-79.8723857,1.0,0.0,0.0
524000,4,3,2,651.0,-2.113617,-79.870542,1.0,0.0,0.0
297000,4,5,2,280.0,-2.0793306,-79.8382493,1.0,0.0,0.0
360000,3,3,1,954.0,-2.166640199999999,-79.9451135,1.0,0.0,0.0
380000,3,3,2,374.0,-2.196001744911674,-79.88210594880547,1.0,0.0,0.0
690000,3,5,2,386.0,-2.113892398076167,-79.87029563510741,1.0,0.0,0.0
350000,3,3,2,398.0,-2.0762052,-79.8743391,1.0,0.0,0.0
165000,7,4,2,328.0,-2.261525699999999,-79.8860224,1.0,0.0,0.0
340000,3,3,2,346.0,-2.19191633579146,-79.96538848277586,1.0,0.0,0.0
650000,4,4,2,512.0,-2.090606909505183,-79.87285312327877,1.0,0.0,0.0
111900,3,2,1,128.0,-2.1848361,-80.0478668,1.0,0.0,0.0
220000,8,8,1,500.0,-2.178915599999999,-79.8901334,1.0,0.0,0.0
68000,3,2,1,98.0,-2.242362743632057,-80.08107555344239,1.0,0.0,0.0
68000,3,3,1,81.0,-2.171587699999999,-79.9030729,1.0,0.0,0.0
109000,5,3,1,223.0,-2.115053099999999,-79.8903909,1.0,0.0,0.0
270000,3,3,1,304.0,-2.189529471243334,-79.96610703379338,1.0,0.0,0.0
580000,3,3,2,484.0,-2.1043031,-79.8604831,1.0,0.0,0.0
320000,4,4,1,228.0,-2.0793306,-79.8382493,1.0,0.0,0.0
480000,3,3,2,750.0,-2.155527499999999,-79.8662066,1.0,0.0,0.0
615000,4,4,2,340.0,-2.106730499999999,-79.8723857,1.0,0.0,0.0
306000,4,3,3,260.0,-2.154988862540574,-79.9023283663575,1.0,0.0,0.0
799000,4,5,2,710.0,-2.1043031,-79.8604831,1.0,0.0,0.0
205000,3,3,2,184.0,-2.190852099999999,-80.0340942,1.0,0.0,0.0
700000,6,6,2,750.0,-2.092968451752491,-79.87362299367066,1.0,0.0,0.0
420000,4,4,4,535.0,-2.155248703169999,-79.941289619,1.0,0.0,0.0
81350,3,2,1,81.0,-2.0636949,-79.96326669999999,1.0,0.0,0.0
435000,4,3,2,414.0,-2.0742032,-79.8758835,1.0,0.0,0.0
77000,3,2,1,137.0,-2.081739199999999,-79.9206694,1.0,0.0,0.0
465000,4,4,2,497.0,-2.084139009159669,-79.87167330475462,1.0,0.0,0.0
179000,4,3,2,357.0,-2.1374756,-79.9092441,1.0,0.0,0.0
380000,3,3,2,379.0,-2.064416890932746,-79.87283500664599,1.0,0.0,0.0
210000,4,3,8,530.0,-2.1618543,-79.9435398,1.0,0.0,0.0
495000,3,3,2,288.0,-2.1043031,-79.8604831,1.0,0.0,0.0
850000,3,3,2,540.0,-2.077184933876407,-79.87299668216504,1.0,0.0,0.0
750000,5,6,1,720.0,-2.077244603180876,-79.86825327024178,1.0,0.0,0.0
264000,4,4,2,329.0,-2.079872472240935,-79.83579747146688,1.0,0.0,0.0
745000,4,4,2,502.0,-2.1043031,-79.8604831,1.0,0.0,0.0
175000,3,2,2,180.0,-2.0715709,-79.8422792,1.0,0.0,0.0
580000,4,3,2,500.0,-2.088043,-79.8681837,1.0,0.0,0.0
99800,6,4,2,200.0,-2.243933506094458,-79.89763313809814,1.0,0.0,0.0
1000000,4,4,2,520.0,-2.077184933876407,-79.87299668216504,1.0,0.0,0.0
625000,5,5,3,800.0,-2.1203864,-79.8677258,1.0,0.0,0.0
799000,3,3,2,540.0,-2.0771667,-79.87311729999999,1.0,0.0,0.0
1600000,4,4,2,978.0,-2.106730499999999,-79.8723857,1.0,0.0,0.0
510000,4,5,4,800.0,-2.124985375855828,-79.86279689357912,1.0,0.0,0.0
499000,4,4,2,282.0,-2.0955376,-79.8607882,1.0,0.0,0.0
145000,5,5,1,230.0,-2.1855055,-79.8956223,1.0,0.0,0.0
268000,3,3,2,206.0,-2.073160769609999,-79.8344524823,1.0,0.0,0.0
320000,4,4,2,228.0,-2.079667999999999,-79.83766519999999,1.0,0.0,0.0
345000,3,4,2,368.0,-2.1956335,-79.91577940000002,1.0,0.0,0.0
370000,4,4,2,274.0,-2.079258737415893,-79.83796129671715,1.0,0.0,0.0
75000,4,4,1,190.0,-2.111184399999999,-79.89618,1.0,0.0,0.0
240000,3,3,1,243.0,-2.0793306,-79.8382493,1.0,0.0,0.0
298000,4,3,1,225.0,-2.106730499999999,-79.8723857,1.0,0.0,0.0
650000,7,6,4,600.0,-2.150781640646766,-79.85825140419922,1.0,0.0,0.0
385000,3,3,2,264.0,-2.1891341,-79.8899031,1.0,0.0,0.0
355000,3,3,2,203.0,-2.106157506909999,-79.8568713451,1.0,0.0,0.0
290000,4,4,2,379.0,-2.0636536,-79.8783334,1.0,0.0,0.0
265000,4,4,1,225.0,-2.0778058,-79.8428837,1.0,0.0,0.0
1050000,4,4,2,595.0,-2.106730499999999,-79.8723857,1.0,0.0,0.0
900000,6,6,4,1200.0,-2.183273213399744,-79.99031009577027,1.0,0.0,0.0
950000,4,4,2,510.0,-2.106730499999999,-79.8723857,1.0,0.0,0.0
800000,4,10,2,494.0,-2.088042999999999,-79.8681837,1.0,0.0,0.0
77000,4,3,1,78.0,-2.261525699999999,-79.8860224,1.0,0.0,0.0
730000,3,3,2,409.0,-2.1043031,-79.8604831,1.0,0.0,0.0
365000,5,6,4,598.0,-2.163214029264465,-79.89850479916807,1.0,0.0,0.0
220000,3,3,2,300.0,-2.053072099999982,-79.89706110000002,1.0,0.0,0.0
162000,3,2,2,158.0,-2.1945991,-80.05364279999999,1.0,0.0,0.0
395000,3,3,2,264.0,-2.06253,-79.86979989999999,1.0,0.0,0.0
125000,6,3,1,210.0,-2.196970199999999,-79.9009919,1.0,0.0,0.0
945802,4,4,2,718.0,-2.106730499999999,-79.8723857,1.0,0.0,0.0
210000,3,4,2,203.0,-2.155869147179999,-79.9430415402,1.0,0.0,0.0
320000,3,3,1,241.0,-2.0793306,-79.8382493,1.0,0.0,0.0
599000,4,5,2,507.0,-2.0854792,-79.8705897,1.0,0.0,0.0
80000,3,2,2,95.0,-2.239155517579999,-80.081572688,1.0,0.0,0.0
150000,4,4,3,359.0,-2.154329199999999,-79.911632,1.0,0.0,0.0
700000,5,5,3,500.0,-2.141831085121803,-79.85981934982911,1.0,0.0,0.0
68000,3,2,2,155.0,-2.094470999999999,-79.9189437,1.0,0.0,0.0
695000,3,3,2,450.0,-2.0771667,-79.87311729999999,1.0,0.0,0.0
90000,9,6,2,334.0,-2.210966099999999,-79.8969149,1.0,0.0,0.0
89000,4,2,2,120.0,-2.171587699999999,-79.9030729,1.0,0.0,0.0
320000,3,2,2,305.0,-2.0636536,-79.8783334,1.0,0.0,0.0
339000,3,4,2,500.0,-2.189529471243334,-79.96610703379338,1.0,0.0,0.0
680000,4,4,2,886.0,-2.156070154883981,-79.86423972414552,1.0,0.0,0.0
699000,4,4,2,488.0,-2.136836127997532,-79.86694339083253,1.0,0.0,0.0
439000,4,4,2,255.0,-2.06253,-79.86979989999999,1.0,0.0,0.0
230000,3,3,2,242.0,-2.192374688514228,-79.9666071807861,1.0,0.0,0.0
770000,4,4,2,699.0,-2.106730499999999,-79.8723857,1.0,0.0,0.0
460000,3,3,2,515.0,-2.1231067,-79.8709837,1.0,0.0,0.0
147500,4,4,3,319.0,-2.156032199999999,-79.9115741,1.0,0.0,0.0
120000,4,3,2,148.0,-2.040916425909995,-79.86312541163943,1.0,0.0,0.0
250000,4,4,1,227.0,-2.158691561452066,-79.94596971059234,1.0,0.0,0.0
249900,5,3,2,266.0,-2.185320499999999,-79.9965006,1.0,0.0,0.0
400000,3,4,2,325.0,-2.0744128,-79.8508458,1.0,0.0,0.0
444995,4,4,2,265.0,-2.106730499999999,-79.8723857,1.0,0.0,0.0
220000,2,2,1,210.0,-2.1433681,-79.8648706,1.0,0.0,0.0
525000,4,5,2,400.0,-2.105203714219999,-79.8570498725,1.0,0.0,0.0
75000,2,2,2,78.0,-2.0646512,-79.8926809,1.0,0.0,0.0
435000,4,3,2,414.0,-2.0742032,-79.8758835,1.0,0.0,0.0
399000,4,4,2,398.0,-2.0636536,-79.87833339999997,1.0,0.0,0.0
745000,4,4,2,502.0,-2.1043031,-79.8604831,1.0,0.0,0.0
550000,5,4,4,601.0,-2.114834,-79.8681618,1.0,0.0,0.0
186000,3,3,2,180.0,-2.1884348,-80.0272593,1.0,0.0,0.0
534000,4,4,2,370.0,-2.0659632,-79.8479874,1.0,0.0,0.0
360000,3,3,1,954.0,-2.166640199999999,-79.9451135,1.0,0.0,0.0
650000,4,4,2,480.0,-2.0949854,-79.8616328,1.0,0.0,0.0
350000,4,4,2,409.0,-2.189529471243334,-79.96610703379338,1.0,0.0,0.0
227990,3,3,2,180.0,-2.18359547857,-80.0027095146,1.0,0.0,0.0
450000,12,10,6,579.0,-2.1726575,-79.9108622,1.0,0.0,0.0
350000,3,3,2,398.0,-2.0762052,-79.8743391,1.0,0.0,0.0
68000,3,3,1,81.0,-2.171587699999999,-79.9030729,1.0,0.0,0.0
75000,5,5,1,162.0,-2.246684704201019,-79.88487569808959,1.0,0.0,0.0
240000,3,3,1,243.0,-2.0793306,-79.8382493,1.0,0.0,0.0
291000,3,3,2,207.0,-2.074698199999999,-79.8574352,1.0,0.0,0.0
490000,4,4,2,600.0,-2.118818105620182,-79.86789379521484,1.0,0.0,0.0
450000,4,3,4,597.0,-2.12374729551675,-79.87009781429441,1.0,0.0,0.0
360000,4,4,2,456.0,-2.1623074,-79.945152,1.0,0.0,0.0
162000,3,2,2,158.0,-2.1945991,-80.05364279999999,1.0,0.0,0.0
420000,4,4,1,488.0,-2.1069625,-79.8723241,1.0,0.0,0.0
175000,3,4,1,269.0,-2.192480974281531,-79.9648305833008,1.0,0.0,0.0
166121,3,2,1,128.0,-2.043976499999999,-79.88196429999999,1.0,0.0,0.0
395000,3,3,2,540.0,-2.0744433,-79.8732217,1.0,0.0,0.0
800000,12,10,6,800.0,-2.1748879,-79.9083804,1.0,0.0,0.0
660000,4,5,2,550.0,-2.1063931,-79.8592191,1.0,0.0,0.0
415000,5,5,2,500.0,-2.217499399999999,-79.9237738,1.0,0.0,0.0
615000,4,4,2,340.0,-2.106730499999999,-79.8723857,1.0,0.0,0.0
298000,4,3,1,225.0,-2.106730499999999,-79.8723857,1.0,0.0,0.0
85000,3,3,1,114.0,-2.171587699999999,-79.9030729,1.0,0.0,0.0
320000,4,4,2,320.0,-2.1520152,-79.9430048,1.0,0.0,0.0
510000,4,5,4,800.0,-2.124985375855828,-79.86279689357912,1.0,0.0,0.0
449000,4,4,2,255.0,-2.06253,-79.86979989999999,1.0,0.0,0.0
160000,3,3,2,168.0,-2.031282811232004,-79.89251794338145,1.0,0.0,0.0
290000,4,4,2,207.0,-2.0732059,-79.83264009999999,1.0,0.0,0.0
780000,4,4,2,544.0,-2.098471091460381,-79.86082379709777,1.0,0.0,0.0
77000,3,2,1,137.0,-2.081739199999999,-79.9206694,1.0,0.0,0.0
230000,3,3,1,300.0,-2.1120884,-79.87085429999999,1.0,0.0,0.0
284500,4,5,1,254.0,-2.0793306,-79.8382493,1.0,0.0,0.0
215000,4,3,2,251.0,-2.153515578379301,-79.94534678099674,1.0,0.0,0.0
550000,4,4,2,485.0,-2.101630026691753,-79.86493556696472,1.0,0.0,0.0
205824,3,3,1,157.0,-2.043976499999999,-79.88196429999999,1.0,0.0,0.0
75000,3,3,1,207.0,-2.171587699999999,-79.9030729,1.0,0.0,0.0
870000,4,4,2,540.0,-2.093148448941644,-79.86074306472686,1.0,0.0,0.0
620000,3,3,2,350.0,-2.095932815841911,-79.8654485970644,1.0,0.0,0.0
75000,4,4,1,108.0,-2.1389841,-79.8947804,1.0,0.0,0.0
475000,4,4,2,306.0,-2.064463234945118,-79.87106249996948,1.0,0.0,0.0
380000,4,4,2,500.0,-2.152074499999999,-79.8625834,1.0,0.0,0.0
73090,3,2,1,72.0,-2.0636949,-79.96326669999999,1.0,0.0,0.0
255000,4,4,1,244.0,-2.16153338279684,-79.9454683413224,1.0,0.0,0.0
424900,4,4,1,255.0,-2.072790499999999,-79.8720156,1.0,0.0,0.0
179000,4,3,2,357.0,-2.1374756,-79.9092441,1.0,0.0,0.0
125000,3,2,2,370.0,-2.245509215329999,-79.9062784425,1.0,0.0,0.0
245000,3,4,2,300.0,-2.1884348,-80.0272593,1.0,0.0,0.0
93000,4,3,2,363.0,-2.23738297986,-79.9028881303,1.0,0.0,0.0
205000,3,3,2,184.0,-2.190852099999999,-80.0340942,1.0,0.0,0.0
210000,3,4,2,203.0,-2.155869147179999,-79.9430415402,1.0,0.0,0.0
330000,4,4,2,228.0,-2.106730499999999,-79.8723857,1.0,0.0,0.0
495000,3,3,2,288.0,-2.1043031,-79.8604831,1.0,0.0,0.0
533000,5,6,4,533.0,-2.171587699999999,-79.9030729,1.0,0.0,0.0
355000,3,5,2,255.0,-2.0793306,-79.8382493,1.0,0.0,0.0
625000,7,7,10,1046.0,-2.1433192,-79.8625924,1.0,0.0,0.0
120000,3,3,2,128.0,-2.2158125,-80.0880625,1.0,0.0,0.0
195000,5,4,2,187.0,-2.1872402,-79.9832308,1.0,0.0,0.0
830000,3,3,2,750.0,-2.071418319195946,-79.87544782017923,1.0,0.0,0.0
420000,4,6,4,723.0,-2.156376435698513,-79.9458287557373,1.0,0.0,0.0
480000,3,3,4,630.0,-2.090606909505184,-79.87285312327877,1.0,0.0,0.0
220000,4,5,2,250.0,-2.1506644,-79.9450332,1.0,0.0,0.0
485000,4,4,2,463.0,-2.082541584627076,-79.87232480450744,1.0,0.0,0.0
730000,4,4,2,532.0,-2.1122977,-79.8583572,1.0,0.0,0.0
395000,3,3,2,255.0,-2.106730499999999,-79.8723857,1.0,0.0,0.0
150000,4,4,3,359.0,-2.154329199999999,-79.911632,1.0,0.0,0.0
688160,4,4,2,553.0,-2.106730499999999,-79.8723857,1.0,0.0,0.0
395000,3,3,2,264.0,-2.06253,-79.86979989999999,1.0,0.0,0.0
215000,4,4,2,214.0,-2.0715709,-79.8422792,1.0,0.0,0.0
340000,4,5,2,580.0,-2.1520152,-79.9430048,1.0,0.0,0.0
73790,3,2,1,83.0,-2.212418599999999,-80.0506427,1.0,0.0,0.0
311000,2,4,2,597.0,-2.162672,-79.9312167,1.0,0.0,0.0
78500,3,3,2,101.0,-2.0202154,-79.8680222,1.0,0.0,0.0
200000,4,4,1,194.0,-2.189134099999999,-79.8899031,1.0,0.0,0.0
499000,4,4,2,282.0,-2.0955376,-79.8607882,1.0,0.0,0.0
410000,5,5,3,470.0,-2.0636536,-79.8783334,1.0,0.0,0.0
799000,4,4,2,710.0,-2.093148448941644,-79.86074306472686,1.0,0.0,0.0
945802,4,4,2,718.0,-2.106730499999999,-79.8723857,1.0,0.0,0.0
169000,3,3,2,260.0,-2.192344015265019,-80.00140511376954,1.0,0.0,0.0
810000,4,4,2,545.0,-2.1043031,-79.8604831,1.0,0.0,0.0
80000,3,1,1,78.0,-2.0646512,-79.8926809,1.0,0.0,0.0
80000,3,2,2,95.0,-2.239155517579999,-80.081572688,1.0,0.0,0.0
225000,9,9,1,499.0,-2.148348278019999,-79.8914493918,1.0,0.0,0.0
205000,3,2,2,345.0,-2.1618543,-79.9435398,1.0,0.0,0.0
390000,3,3,2,232.0,-2.1043031,-79.8604831,1.0,0.0,0.0
900000,4,4,2,1200.0,-2.141183634064138,-79.86051509947511,1.0,0.0,0.0
580000,3,3,2,480.0,-2.106730499999999,-79.8723857,1.0,0.0,0.0
1300000,3,3,2,1000.0,-2.083399452858675,-79.8748098682902,1.0,0.0,0.0
68000,3,2,1,98.0,-2.242362743632057,-80.08107555344239,1.0,0.0,0.0
695000,5,5,2,899.0,-2.1067305,-79.8723857,1.0,0.0,0.0
950000,4,4,2,524.0,-2.106730499999999,-79.8723857,1.0,0.0,0.0
170000,4,5,1,165.0,-2.221876,-79.8898816,1.0,0.0,0.0
400000,4,3,2,415.0,-2.1618057,-79.90950819999999,1.0,0.0,0.0
85000,3,1,1,100.0,-2.227565324243063,-80.07744328194212,1.0,0.0,0.0
260000,3,2,2,200.0,-2.116879120576477,-79.86465491834923,1.0,0.0,0.0
650000,4,4,2,764.0,-2.1863066,-79.9652625,1.0,0.0,0.0
449000,4,4,2,273.0,-2.06253,-79.86979989999999,1.0,0.0,0.0
880000,7,7,4,2500.0,-2.134123,-79.8635425,1.0,0.0,0.0
230000,3,3,1,240.0,-2.186406,-79.9843973,1.0,0.0,0.0
35000,2,1,2,87.0,-2.077488018309999,-79.9178691738,1.0,0.0,0.0
285000,4,4,2,292.0,-2.074492493563755,-79.84713566406248,1.0,0.0,0.0
500000,4,5,2,500.0,-2.171045268266024,-79.94293265290422,1.0,0.0,0.0
225000,5,3,3,266.0,-2.184563995833064,-79.99541373170776,1.0,0.0,0.0
3700,4,4,2,579.0,-2.123451439796392,-79.86366656728822,1.0,0.0,0.0
540000,4,4,2,570.0,-2.0907999,-79.87306769999998,1.0,0.0,0.0
90000,5,5,2,5000.0,-2.0590834,-79.9085819,1.0,0.0,0.0
82000,3,3,1,150.0,-2.0634632,-79.89388160000001,1.0,0.0,0.0
230000,6,5,3,268.0,-2.163719728480634,-79.91445041802979,1.0,0.0,0.0
115000,3,2,1,120.0,-2.0489959,-79.9096078,1.0,0.0,0.0
490000,4,4,4,1035.0,-2.1690471,-79.9066383,1.0,0.0,0.0
154000,3,3,2,180.0,-2.201807,-80.0693424,1.0,0.0,0.0
297000,4,4,2,302.0,-2.1891341,-79.8899031,1.0,0.0,0.0
320000,4,5,2,300.0,-2.1696851,-79.9434127,1.0,0.0,0.0
70000,2,2,1,130.0,-2.1265013,-79.8985254,1.0,0.0,0.0
450000,4,5,2,412.0,-2.0907999,-79.87306769999998,1.0,0.0,0.0
380000,5,5,3,1341.0,-2.163865,-79.90667630000002,1.0,0.0,0.0
170000,3,3,1,121.0,-2.044482587474072,-79.8689872645874,1.0,0.0,0.0
69500,6,6,1,194.0,-2.0854802,-79.9191937,1.0,0.0,0.0
154900,3,3,2,180.0,-2.070337744146652,-79.83795007990112,1.0,0.0,0.0
210000,3,3,1,175.0,-2.162672,-79.9312167,1.0,0.0,0.0
275000,3,3,2,229.0,-2.098663206135963,-79.8747387261017,1.0,0.0,0.0
580000,4,4,3,500.0,-2.0844192,-79.8681837,1.0,0.0,0.0
295000,5,5,2,348.0,-2.163868717620965,-79.90857608118047,1.0,0.0,0.0
470000,10,10,2,634.0,-2.165688739076359,-79.92047433124165,1.0,0.0,0.0
66000,3,2,1,72.0,-2.080949605730492,-79.91670461586914,1.0,0.0,0.0
340000,3,3,2,245.0,-2.0793306,-79.8382493,1.0,0.0,0.0
230000,3,3,2,261.0,-2.178287527251668,-79.98415839891551,1.0,0.0,0.0
185000,4,4,1,144.0,-2.0382755,-79.8944474,1.0,0.0,0.0
155000,3,4,2,180.0,-2.20247020640193,-80.06828874544493,1.0,0.0,0.0
215000,4,4,1,237.0,-2.1787199,-79.9845376,1.0,0.0,0.0
340000,5,6,2,800.0,-2.1711772,-79.90478009999998,1.0,0.0,0.0
370000,4,4,2,450.0,-2.1884348,-80.0272593,1.0,0.0,0.0
950000,4,4,3,510.0,-2.077536016579999,-79.8697042905,1.0,0.0,0.0
270000,4,4,1,225.0,-2.0793306,-79.8382493,1.0,0.0,0.0
119000,3,3,1,120.0,-2.016671350776194,-79.86858643152163,1.0,0.0,0.0
105000,3,3,1,153.0,-2.1931661,-79.9430537,1.0,0.0,0.0
145000,3,2,3,255.0,-2.1891341,-79.8899031,1.0,0.0,0.0
280000,3,3,2,300.0,-2.1077409,-79.8723224,1.0,0.0,0.0
698000,4,4,3,490.0,-2.1025188,-79.8679828,1.0,0.0,0.0
480000,5,5,2,550.0,-2.188411102163977,-79.9677720012878,1.0,0.0,0.0
255000,4,4,2,225.0,-2.0791498,-79.8391474,1.0,0.0,0.0
55000,4,2,1,108.0,-2.093112780197086,-79.91688627242165,1.0,0.0,0.0
490000,6,4,3,445.0,-2.0636536,-79.8783334,1.0,0.0,0.0
220000,3,2,2,232.0,-2.1332819,-79.8660992,1.0,0.0,0.0
495000,4,4,2,376.0,-2.0659632,-79.8479874,1.0,0.0,0.0
299000,3,3,1,423.0,-2.168103789521516,-79.94614006499053,1.0,0.0,0.0
435000,3,3,2,454.0,-2.08456916137,-79.8689561762,1.0,0.0,0.0
239000,4,4,2,283.0,-2.189478639999999,-79.96786077,1.0,0.0,0.0
386135,3,3,2,207.0,-2.0987892,-79.8640357,1.0,0.0,0.0
175000,9,7,2,283.0,-2.112439,-79.90317759999999,1.0,0.0,0.0
328000,3,4,2,230.0,-2.079483246844988,-79.83750042456131,1.0,0.0,0.0
220000,6,6,5,304.0,-2.183569904949745,-79.89467728731077,1.0,0.0,0.0
450000,3,3,2,450.0,-2.0987892,-79.8640357,1.0,0.0,0.0
74090,3,2,1,72.0,-2.062809176722062,-79.96179218647461,1.0,0.0,0.0
160000,3,3,1,200.0,-2.164879059981518,-79.92068687535135,1.0,0.0,0.0
550000,5,7,4,601.0,-2.062565172222203,-79.87193206416012,1.0,0.0,0.0
305000,4,4,2,656.0,-2.174645491773447,-79.94168047215207,1.0,0.0,0.0
725000,4,4,2,450.0,-2.079349832974797,-79.87221944858004,1.0,0.0,0.0
320000,4,5,2,337.0,-2.1731919,-79.9437532,1.0,0.0,0.0
515000,3,3,2,508.0,-2.112122760531388,-79.85977651864307,1.0,0.0,0.0
110000,3,3,2,153.0,-2.139379115716652,-79.90168480157467,1.0,0.0,0.0
390000,3,3,2,454.0,-2.086040398815973,-79.86650168871614,1.0,0.0,0.0
320000,3,3,2,250.0,-2.0761067,-79.837738,1.0,0.0,0.0
790000,4,4,2,464.0,-2.075796462183973,-79.87261044340823,1.0,0.0,0.0
180000,3,2,2,176.0,-2.202978550254519,-80.0680015891632,1.0,0.0,0.0
98000,7,6,1,87.0,-2.129365,-79.90317759999999,1.0,0.0,0.0
190000,3,3,1,180.0,-2.1843702,-79.9818612,1.0,0.0,0.0
210000,7,5,3,350.0,-2.1649435,-79.920625,1.0,0.0,0.0
460000,4,4,2,301.0,-2.1891341,-79.8899031,1.0,0.0,0.0
79000,3,3,2,105.0,-2.090719117521893,-79.91324959351238,1.0,0.0,0.0
989000,4,4,1,595.0,-2.0772422,-79.8735072,1.0,0.0,0.0
480000,4,4,2,301.0,-2.0659632,-79.8479874,1.0,0.0,0.0
65000,3,3,1,72.0,-2.0817392,-79.9206694,1.0,0.0,0.0
70000,3,2,2,88.0,-2.0961166,-79.9518543,1.0,0.0,0.0
145000,3,4,2,180.0,-2.2021226,-80.0647523,1.0,0.0,0.0
130000,3,2,1,194.0,-2.233508900000011,-79.89079541901854,1.0,0.0,0.0
264000,3,3,2,329.0,-2.079258737415893,-79.83796129671715,1.0,0.0,0.0
820000,4,4,2,467.0,-2.1025188,-79.8679828,1.0,0.0,0.0
260000,3,3,1,253.0,-2.1843702,-79.9818612,1.0,0.0,0.0
319900,4,5,2,392.0,-2.1891341,-79.8899031,1.0,0.0,0.0
180000,3,3,2,148.0,-2.1837606,-79.99816489999999,1.0,0.0,0.0
180000,5,3,1,312.0,-2.189176992512332,-79.88949044828703,1.0,0.0,0.0
695000,4,4,2,555.0,-2.1043031,-79.8604831,1.0,0.0,0.0
670000,4,4,2,703.0,-2.1205552,-79.8667771,1.0,0.0,0.0
260000,3,3,2,225.0,-2.0793306,-79.8382493,1.0,0.0,0.0
500000,3,3,2,457.0,-2.0907078,-79.87308800000001,1.0,0.0,0.0
125000,3,1,1,200.0,-2.1748879,-79.9083804,1.0,0.0,0.0
168960,3,4,2,180.0,-2.20849088817,-80.071260637,1.0,0.0,0.0
71500,3,2,1,93.0,-2.2389104,-80.07542730000002,1.0,0.0,0.0
680000,3,3,2,580.0,-2.08549137334,-79.8735695757,1.0,0.0,0.0
370000,4,4,2,327.0,-2.0636536,-79.8783334,1.0,0.0,0.0
579500,5,5,2,590.0,-2.075444604499999,-79.8738019064,1.0,0.0,0.0
684990,4,4,2,407.0,-2.09895799489,-79.8618078671,1.0,0.0,0.0
168000,6,5,1,784.0,-2.161993822998648,-79.9066837237241,1.0,0.0,0.0
388000,4,4,2,332.0,-2.065262337286455,-79.87291965853593,1.0,0.0,0.0
235000,4,4,3,180.0,-2.181562082120838,-79.9999558597412,1.0,0.0,0.0
230000,4,4,1,180.0,-2.1831066,-80.00060529999999,1.0,0.0,0.0
320000,4,4,1,240.0,-2.0741366,-79.8670224,1.0,0.0,0.0
1250000,5,4,2,1014.0,-2.099568465269999,-79.863287647,1.0,0.0,0.0
210000,4,3,2,220.0,-2.1843702,-79.9818612,1.0,0.0,0.0
480000,3,3,2,577.0,-2.0892533,-79.8732025,1.0,0.0,0.0
285000,11,8,2,535.0,-2.1758166497,-79.8966091534,1.0,0.0,0.0
400000,4,6,4,998.0,-2.191383371349875,-79.9654733999556,1.0,0.0,0.0
154900,3,2,2,180.0,-2.0715709,-79.8422792,1.0,0.0,0.0
220000,4,4,2,158.0,-2.194462991800458,-80.05347926026609,1.0,0.0,0.0
240000,4,4,2,300.0,-2.072983479300443,-79.856575122229,1.0,0.0,0.0
667500,5,5,2,454.0,-2.083754452159999,-79.869685737,1.0,0.0,0.0
330000,3,3,2,300.0,-2.132620409439571,-79.86323097811581,1.0,0.0,0.0
395000,3,5,2,547.0,-2.1740229959325,-79.94176347763168,1.0,0.0,0.0
560000,4,5,2,850.0,-2.1203864,-79.8677258,1.0,0.0,0.0
350000,4,4,3,300.0,-2.1739099,-79.9425692,1.0,0.0,0.0
60000,2,2,2,83.0,-2.0225411,-79.94691329999999,1.0,0.0,0.0
530000,4,4,2,522.0,-2.103240521894199,-79.8613994536621,1.0,0.0,0.0
390000,3,2,4,460.0,-2.0844192,-79.8681837,1.0,0.0,0.0
170000,6,4,2,211.0,-2.1346815,-79.88428259999999,1.0,0.0,0.0
920000,4,6,3,1200.0,-2.1411698,-79.8597831,1.0,0.0,0.0
580000,3,3,2,591.0,-2.090757658507079,-79.87374387646662,1.0,0.0,0.0
260000,3,4,2,425.0,-2.079070267790196,-79.83788279802253,1.0,0.0,0.0
185000,4,3,2,258.0,-2.187684168963819,-79.98129713855819,1.0,0.0,0.0
280000,4,6,1,306.0,-2.154988862540575,-79.9023283663575,1.0,0.0,0.0
475000,4,4,2,275.0,-2.094523880404144,-79.85796201211882,1.0,0.0,0.0
550000,4,4,2,537.0,-2.0907078,-79.87308800000001,1.0,0.0,0.0
180000,3,2,2,200.0,-2.186699605680908,-79.99452575344237,1.0,0.0,0.0
430000,4,4,2,515.0,-2.117446245515589,-79.86827596455686,1.0,0.0,0.0
250000,6,6,2,200.0,-2.12274720677219,-79.90632970583499,1.0,0.0,0.0
343000,4,5,2,297.0,-2.090998210912313,-79.87353662372469,1.0,0.0,0.0
275000,4,4,2,250.0,-2.1620979,-79.9116519,1.0,0.0,0.0
715000,3,3,2,446.0,-2.079570529736486,-79.86986386137698,1.0,0.0,0.0
205000,11,8,1,185.0,-2.120707378357403,-79.90689632747801,1.0,0.0,0.0
230000,5,3,3,400.0,-2.1748879,-79.9083804,1.0,0.0,0.0
122000,3,3,2,163.0,-2.047888737906937,-79.89636402467575,1.0,0.0,0.0
200000,3,2,2,200.0,-2.185737,-79.9691573,1.0,0.0,0.0
239000,3,2,2,288.0,-2.188299011105297,-80.00816770793455,1.0,0.0,0.0
850000,4,5,4,800.0,-2.094523880404144,-79.85796201211882,1.0,0.0,0.0
474990,4,4,2,307.0,-2.10205156218,-79.8618134757,1.0,0.0,0.0
118000,3,3,2,150.0,-2.183741652014601,-79.915976176035,1.0,0.0,0.0
83000,4,3,1,89.0,-2.0622399,-79.8924713,1.0,0.0,0.0
240000,3,3,2,184.0,-2.0741366,-79.8670224,1.0,0.0,0.0
475000,3,3,2,265.0,-2.1043031,-79.8604831,1.0,0.0,0.0
128000,3,2,2,160.0,-2.16284325108693,-79.94313754391904,1.0,0.0,0.0
219000,3,3,2,201.0,-2.186406461834787,-79.99440312041696,1.0,0.0,0.0
520000,3,3,1,422.0,-2.1884348,-80.0272593,1.0,0.0,0.0
50000,3,1,1,147.0,-2.0569621,-79.9560873,1.0,0.0,0.0
250000,3,3,2,234.0,-2.180865141113211,-79.98420879524537,1.0,0.0,0.0
537400,4,4,2,400.0,-2.1043031,-79.8604831,1.0,0.0,0.0
215000,3,4,1,203.0,-2.187562706084698,-79.98150964678847,1.0,0.0,0.0
824000,5,5,1,560.0,-2.0396748,-79.8473739,1.0,0.0,0.0
185000,11,6,2,308.0,-2.2615257,-79.8860224,1.0,0.0,0.0
90000,2,2,1,120.0,-2.0397423,-79.91889750000001,1.0,0.0,0.0
138000,4,3,2,190.0,-2.1111844,-79.89618,1.0,0.0,0.0
890000,6,4,5,1760.0,-2.1884348,-80.0272593,1.0,0.0,0.0
765000,4,4,2,463.0,-2.076461213373031,-79.87123715239261,1.0,0.0,0.0
390000,3,3,2,490.0,-2.185425591556739,-79.98720546595304,1.0,0.0,0.0
325000,3,3,2,317.0,-2.0875217,-79.871105,1.0,0.0,0.0
90000,5,2,1,120.0,-2.0974451,-79.8917509,1.0,0.0,0.0
365000,4,4,2,275.0,-2.0793306,-79.8382493,1.0,0.0,0.0
570000,4,5,2,493.0,-2.1025188,-79.8679828,1.0,0.0,0.0
168000,3,3,2,144.0,-2.1860134,-80.04999959999999,1.0,0.0,0.0
260000,3,3,2,207.0,-2.052014195815059,-79.85176862078416,1.0,0.0,0.0
190000,4,4,1,181.0,-2.1884348,-80.0272593,1.0,0.0,0.0
259000,4,5,1,277.0,-2.192116,-79.9668308,1.0,0.0,0.0
565000,3,3,2,488.0,-2.0396748,-79.8473739,1.0,0.0,0.0
765000,6,6,3,720.0,-2.123967771719999,-79.8640690595,1.0,0.0,0.0
198000,3,3,1,208.0,-2.0715709,-79.8422792,1.0,0.0,0.0
89990,3,2,2,124.0,-2.224664399999999,-80.0759152,1.0,0.0,0.0
239000,3,3,2,273.0,-2.0715709,-79.8422792,1.0,0.0,0.0
190000,4,2,2,388.0,-2.1710507,-79.9245128,1.0,0.0,0.0
105000,3,2,1,118.0,-2.027243407024504,-79.86840536347655,1.0,0.0,0.0
299999,10,10,2,450.0,-2.16998393977175,-79.89669515368958,1.0,0.0,0.0
725000,4,4,2,546.0,-2.114212873736293,-79.85509628570557,1.0,0.0,0.0
940000,5,5,3,844.0,-2.1891341,-79.8899031,1.0,0.0,0.0
260000,3,3,2,225.0,-2.078644406466179,-79.83790597724611,1.0,0.0,0.0
79900,3,2,1,190.0,-2.047570085833498,-79.8695755004883,1.0,0.0,0.0
200000,5,8,2,400.0,-2.0817392,-79.9206694,1.0,0.0,0.0
68000,3,2,2,93.0,-2.24146204093,-80.0722750373,1.0,0.0,0.0
285000,4,4,2,250.0,-2.04727119543,-79.9058994246,1.0,0.0,0.0
1440000,5,5,2,670.0,-2.079230057519999,-79.8777723752,1.0,0.0,0.0
90000,3,2,2,84.0,-2.0646512,-79.8926809,1.0,0.0,0.0
700000,5,5,2,550.0,-2.141555768379999,-79.8595041503,1.0,0.0,0.0
620000,3,3,2,550.0,-2.099932712529999,-79.8627806024,1.0,0.0,0.0
320000,5,4,2,450.0,-2.1478685,-79.8929407,1.0,0.0,0.0
313000,11,10,2,356.0,-2.147793405558578,-79.8969287635681,1.0,0.0,0.0
89000,4,2,2,120.0,-2.117666178215311,-79.90669785570468,1.0,0.0,0.0
380000,3,3,2,262.0,-2.1891341,-79.8899031,1.0,0.0,0.0
210000,5,4,2,282.0,-2.163865,-79.9066763,1.0,0.0,0.0
118000,3,3,1,180.0,-2.187038908857924,-79.96834998531902,1.0,0.0,0.0
650000,5,7,1,850.0,-2.1374347,-79.87100889999999,1.0,0.0,0.0
350000,5,5,4,1000.0,-2.163865,-79.9066763,1.0,0.0,0.0
285000,3,4,2,267.0,-2.1831221,-79.9965118,1.0,0.0,0.0
260000,3,3,1,225.0,-2.0796693,-79.83753779999999,1.0,0.0,0.0
172000,3,2,1,258.0,-2.1884348,-80.0272593,1.0,0.0,0.0
820000,5,6,2,570.0,-2.1891341,-79.8899031,1.0,0.0,0.0
240000,4,4,2,546.0,-2.1666402,-79.94511349999999,1.0,0.0,0.0
650000,5,4,2,1077.0,-2.087206282819999,-79.8724111042,1.0,0.0,0.0
62000,3,2,1,72.0,-2.0252002,-79.9443051,1.0,0.0,0.0
280000,4,4,3,190.0,-2.1077409,-79.8723224,1.0,0.0,0.0
220000,3,3,2,261.0,-2.178287527251668,-79.98415839891551,1.0,0.0,0.0
748990,4,4,2,476.0,-2.0772422,-79.8732926233,1.0,0.0,0.0
395000,3,3,2,264.0,-2.1891341,-79.8899031,1.0,0.0,0.0
180000,7,4,1,339.0,-2.119545690168512,-79.88329188062524,1.0,0.0,0.0
280000,4,4,2,420.0,-2.173869999498072,-79.88753557205202,1.0,0.0,0.0
90000,3,3,2,120.0,-2.026751,-79.868695,1.0,0.0,0.0
200000,11,6,4,480.0,-2.1717617,-79.906848,1.0,0.0,0.0
125000,4,3,2,120.0,-2.0508862,-79.9324106,1.0,0.0,0.0
260000,4,6,2,500.0,-2.1535635,-79.86542789999999,1.0,0.0,0.0
325000,3,3,2,336.0,-2.074080742544025,-79.86597610793457,1.0,0.0,0.0
154000,3,5,2,188.0,-2.2021226,-80.0647523,1.0,0.0,0.0
220000,5,6,2,499.0,-2.1618543,-79.9435398,1.0,0.0,0.0
250000,4,5,2,373.0,-2.159298798234676,-79.9011052790467,1.0,0.0,0.0
1000000,4,5,4,1000.0,-2.103299767788445,-79.86005308031821,1.0,0.0,0.0
154000,3,2,2,152.0,-2.0644072,-79.9251413,1.0,0.0,0.0
380000,12,10,4,800.0,-2.169691110656324,-79.90756857236225,1.0,0.0,0.0
80000,3,2,2,176.0,-2.113898799999999,-79.899003,1.0,0.0,0.0
530000,3,3,2,463.0,-2.131730532572371,-79.86283401118165,1.0,0.0,0.0
179900,3,3,2,184.0,-2.070241393229999,-79.8421075386,1.0,0.0,0.0
550000,3,3,2,479.0,-2.118905530388896,-79.86735728689271,1.0,0.0,0.0
700000,6,7,6,1205.0,-2.163868717620965,-79.90857608118047,1.0,0.0,0.0
894990,4,4,2,676.0,-2.09926393942,-79.8627790709,1.0,0.0,0.0
285000,4,3,1,288.0,-2.186415138280977,-79.97919731343569,1.0,0.0,0.0
260000,3,3,2,259.0,-2.0681551,-79.8419207,1.0,0.0,0.0
284000,3,3,2,210.0,-2.0761067,-79.837738,1.0,0.0,0.0
284990,4,5,3,250.0,-2.079566478959999,-79.8379918079,1.0,0.0,0.0
399000,5,7,3,500.0,-2.1891341,-79.8899031,1.0,0.0,0.0
105000,3,2,1,136.0,-2.1860134,-80.04999959999998,1.0,0.0,0.0
290990,4,4,2,207.0,-2.073582111769999,-79.8315968815,1.0,0.0,0.0
355000,3,3,2,375.0,-2.1891341,-79.8899031,1.0,0.0,0.0
115000,3,2,2,136.0,-2.1860134,-80.04999959999999,1.0,0.0,0.0
490000,4,4,2,463.0,-2.0743189,-79.8748615,1.0,0.0,0.0
142000,3,3,2,157.0,-2.0255443,-79.924885,1.0,0.0,0.0
185000,3,3,3,144.0,-2.1860134,-80.04999959999999,1.0,0.0,0.0
695000,3,3,2,450.0,-2.077166699999999,-79.8731173,1.0,0.0,0.0
431000,4,4,2,255.0,-2.0644159,-79.8723097,1.0,0.0,0.0
219000,8,6,6,484.0,-2.16042780151244,-79.91386579451219,1.0,0.0,0.0
300000,4,4,1,466.0,-2.1593406,-79.947965,1.0,0.0,0.0
182000,3,3,1,144.0,-2.1884348,-80.0272593,1.0,0.0,0.0
190000,4,5,4,600.0,-2.0088857,-79.97190549999999,1.0,0.0,0.0
160000,3,3,3,153.0,-2.0644072,-79.9251413,1.0,0.0,0.0
125000,3,2,1,120.0,-2.117168049416246,-79.89166348081207,1.0,0.0,0.0
215000,3,2,2,250.0,-2.184667771811933,-79.9993451772461,1.0,0.0,0.0
745000,4,4,2,405.0,-2.1043031,-79.8604831,1.0,0.0,0.0
450000,7,9,2,600.0,-2.190100453542128,-79.96419150632936,1.0,0.0,0.0
350000,5,6,1,362.0,-2.1691909,-79.9101713,1.0,0.0,0.0
142000,3,3,2,156.0,-2.029137247534414,-79.92127982919311,1.0,0.0,0.0
140000,3,2,2,181.0,-2.201087811519546,-80.0611847835341,1.0,0.0,0.0
295160,3,3,2,207.0,-2.0737992,-79.8316253,1.0,0.0,0.0
690000,3,3,3,403.0,-2.0772269,-79.8765835,1.0,0.0,0.0
1200000,4,5,2,900.0,-2.1025188,-79.8679828,1.0,0.0,0.0
345000,3,3,2,214.0,-2.0425739,-79.8631914,1.0,0.0,0.0
370000,3,3,1,216.0,-2.1520073,-79.9430537,1.0,0.0,0.0
160000,3,3,2,477.0,-2.1826756,-79.9147059,1.0,0.0,0.0
390000,3,3,2,266.0,-2.06253,-79.86979989999999,1.0,0.0,0.0
850000,4,5,4,713.0,-2.109046072242778,-79.8732948617798,1.0,0.0,0.0
240000,3,2,1,260.0,-2.0681551,-79.8419207,1.0,0.0,0.0
520000,3,4,3,477.0,-2.086040398815973,-79.86650168871614,1.0,0.0,0.0
120000,3,4,1,171.0,-2.1715877,-79.9030729,1.0,0.0,0.0
150000,3,3,1,120.0,-2.1748879,-79.9083804,1.0,0.0,0.0
750000,3,6,4,820.0,-2.1863066,-79.9652625,1.0,0.0,0.0
460000,5,4,2,637.0,-2.1715877,-79.9030729,1.0,0.0,0.0
1600000,4,5,3,887.0,-2.099106923764053,-79.87544643757325,1.0,0.0,0.0
500000,3,4,4,554.0,-2.0928934,-79.87098370000001,1.0,0.0,0.0
258000,3,3,2,240.0,-2.1271353,-79.8633972,1.0,0.0,0.0
180000,3,3,2,261.0,-2.1666402,-79.94511349999999,1.0,0.0,0.0
500000,4,5,4,636.0,-2.1520745,-79.86258339999999,1.0,0.0,0.0
75000,6,3,1,330.0,-2.2498976,-79.8957712,1.0,0.0,0.0
220000,3,3,2,445.0,-2.159130878299184,-79.94497457606464,1.0,0.0,0.0
842000,4,4,2,651.0,-2.099542701919999,-79.8628649016,1.0,0.0,0.0
199990,6,4,4,597.0,-2.168959720318893,-79.93793964385988,1.0,0.0,0.0
130000,3,3,2,200.0,-2.1420264,-79.90667990000001,1.0,0.0,0.0
430000,4,5,5,597.0,-2.1205552,-79.8667771,1.0,0.0,0.0
949000,6,6,4,1800.0,-2.123451439796392,-79.86366656728822,1.0,0.0,0.0
750000,3,3,2,450.0,-2.1043031,-79.8604831,1.0,0.0,0.0
1600000,4,4,4,1450.0,-2.1077409,-79.8723224,1.0,0.0,0.0
140000,4,3,1,200.0,-2.1138988,-79.899003,1.0,0.0,0.0
159000,3,2,2,158.0,-2.0605016,-79.9045771,1.0,0.0,0.0
449999,4,4,2,255.0,-2.104924952729999,-79.8602685233,1.0,0.0,0.0
88000,3,2,2,108.0,-2.062928612959118,-79.91597167514647,1.0,0.0,0.0
470000,3,3,2,620.0,-2.099993010469999,-79.8630580207,1.0,0.0,0.0
325000,4,4,2,228.0,-2.0741366,-79.8670224,1.0,0.0,0.0
260000,4,5,3,218.0,-2.1628579,-79.94731300000001,1.0,0.0,0.0
320000,4,3,2,400.0,-2.180447019521727,-79.98358652275391,1.0,0.0,0.0
185000,5,3,2,250.0,-2.1786103,-79.9001394,1.0,0.0,0.0
235000,12,10,2,570.0,-2.1886787,-79.9142093,1.0,0.0,0.0
335000,3,3,2,328.0,-2.0793306,-79.8382493,1.0,0.0,0.0
145000,5,5,4,285.0,-2.165651794240491,-79.94216296055231,1.0,0.0,0.0
62000,3,2,1,72.0,-2.024164900338357,-79.93902917707669,1.0,0.0,0.0
310000,3,3,2,300.0,-2.1202591,-79.8661151,1.0,0.0,0.0
120000,3,1,1,296.0,-2.1936964,-79.8889341,1.0,0.0,0.0
950000,4,4,2,627.0,-2.104453202409999,-79.8641416331,1.0,0.0,0.0
225000,4,4,2,235.0,-2.182245975219998,-79.96448726054686,1.0,0.0,0.0
148000,3,3,2,198.0,-2.2043106,-80.0673596,1.0,0.0,0.0
730000,4,4,2,536.0,-2.1043031,-79.86048310000001,1.0,0.0,0.0
499900,3,4,3,470.0,-2.092734365977286,-79.85933316574913,1.0,0.0,0.0
420000,3,4,2,355.0,-2.0851946,-79.8728636,1.0,0.0,0.0
98000,3,2,1,210.0,-2.1715877,-79.9030729,1.0,0.0,0.0
260000,3,3,3,300.0,-2.043923245635196,-79.9078405835754,1.0,0.0,0.0
350000,7,8,4,480.0,-2.1478685,-79.8929407,1.0,0.0,0.0
200000,5,6,2,240.0,-2.224619982253815,-79.89578027639618,1.0,0.0,0.0
200000,3,4,2,380.0,-2.0425739,-79.8631914,1.0,0.0,0.0
120000,3,3,2,136.0,-2.1404445,-79.8681496,1.0,0.0,0.0
390000,3,3,2,640.0,-2.1891341,-79.8899031,1.0,0.0,0.0
109500,4,3,2,144.0,-2.0237764,-79.9178709,1.0,0.0,0.0
562000,6,7,2,782.0,-2.076915968177677,-79.8750921917877,1.0,0.0,0.0
750000,4,4,2,880.0,-2.193141221422654,-79.96406962012516,1.0,0.0,0.0
360000,10,10,4,500.0,-2.1534532,-79.887782,1.0,0.0,0.0
129900,5,4,1,223.0,-2.132318599999974,-79.89273454418033,1.0,0.0,0.0
169000,3,2,2,164.0,-2.0739603,-79.8473232,1.0,0.0,0.0
360000,4,5,2,529.0,-2.078690175289983,-79.83779454652709,1.0,0.0,0.0
256000,8,6,3,205.0,-2.135423594225563,-79.88583770702361,1.0,0.0,0.0
560000,4,4,2,770.0,-2.168924959765389,-79.90899743643506,1.0,0.0,0.0
430000,3,3,2,430.0,-2.150974926295754,-79.94489451699897,1.0,0.0,0.0
160000,3,3,1,150.0,-2.044679818389546,-79.87003378308107,1.0,0.0,0.0
185000,3,2,2,192.0,-2.188497458111361,-80.00766298513754,1.0,0.0,0.0
890000,8,6,3,890.0,-2.166856,-79.9026037,1.0,0.0,0.0
550000,4,4,2,936.0,-2.158760643257732,-79.89566394657794,1.0,0.0,0.0
350000,5,5,4,800.0,-2.1620979,-79.9116519,1.0,0.0,0.0
439500,4,4,2,255.0,-2.06253,-79.86979989999999,1.0,0.0,0.0
510000,4,5,2,826.0,-2.1390415,-79.8631055,1.0,0.0,0.0
419892,4,4,2,232.0,-2.109963006107876,-79.86139523965788,1.0,0.0,0.0
290000,4,4,1,260.0,-2.185376781206228,-79.98310983967288,1.0,0.0,0.0
699000,4,4,2,448.0,-2.1067305,-79.8723857,1.0,0.0,0.0
390000,3,3,2,640.0,-2.1863066,-79.9652625,1.0,0.0,0.0
430000,3,3,2,239.0,-2.1891341,-79.8899031,1.0,0.0,0.0
35000,3,1,1,88.0,-2.0573421,-79.95540419999999,1.0,0.0,0.0
85000,3,3,2,105.0,-2.1891341,-79.8899031,1.0,0.0,0.0
815000,5,5,4,1020.0,-2.2293086,-79.9351849,1.0,0.0,0.0
234000,4,3,3,300.0,-2.1896713,-80.00842519999999,1.0,0.0,0.0
320000,4,5,3,457.0,-2.209055939822656,-79.9065851867697,1.0,0.0,0.0
220000,5,3,2,283.0,-2.0669371,-79.842054,1.0,0.0,0.0
262000,3,4,2,304.0,-2.1884348,-80.0272593,1.0,0.0,0.0
259900,3,3,2,260.0,-2.1891341,-79.8899031,1.0,0.0,0.0
320000,3,3,2,300.0,-2.075688,-79.8662149,1.0,0.0,0.0
199900,3,3,2,230.0,-2.181368967444947,-79.96806677766216,1.0,0.0,0.0
519500,4,5,2,457.0,-2.1332819,-79.8660992,1.0,0.0,0.0
810351,4,4,2,592.0,-2.2488852,-79.90649119999999,1.0,0.0,0.0
65000,3,2,1,90.0,-2.08783492743614,-79.92090861060551,1.0,0.0,0.0
130000,3,2,2,120.0,-2.0974451,-79.8917509,1.0,0.0,0.0
265000,5,4,2,335.0,-2.0715709,-79.8422792,1.0,0.0,0.0
205000,4,5,2,202.0,-2.184709014082069,-79.96596678480927,1.0,0.0,0.0
395000,3,3,3,201.0,-2.116959521523827,-79.85708040354324,1.0,0.0,0.0
320000,4,4,2,273.0,-2.07360804529857,-79.84624886934203,1.0,0.0,0.0
384000,4,5,2,260.0,-2.0727905,-79.8720156,1.0,0.0,0.0
340000,5,7,2,581.0,-2.1740229959325,-79.94176347763168,1.0,0.0,0.0
395000,3,4,1,255.0,-2.0645307,-79.87226729999999,1.0,0.0,0.0
785000,4,5,3,544.0,-2.098471091460381,-79.86082379709777,1.0,0.0,0.0
255000,3,2,2,189.0,-2.1884348,-80.0272593,1.0,0.0,0.0
75000,4,3,1,100.0,-2.0876017,-79.9255983,1.0,0.0,0.0
595000,4,4,2,650.0,-2.08799968976,-79.8717888317,1.0,0.0,0.0
170000,3,3,3,190.0,-2.1821318,-79.96967579999999,1.0,0.0,0.0
625000,3,3,3,400.0,-2.076142184075961,-79.87433914765624,1.0,0.0,0.0
95000,3,3,2,101.0,-2.043867260811246,-79.88290334705198,1.0,0.0,0.0
240000,3,3,2,254.0,-2.0715709,-79.8422792,1.0,0.0,0.0
690000,4,4,2,562.0,-2.1009327443485,-79.86054158472938,1.0,0.0,0.0
270000,3,3,2,225.0,-2.1043031,-79.8604831,1.0,0.0,0.0
790000,4,4,2,750.0,-2.071418319195946,-79.87544782017923,1.0,0.0,0.0
985000,5,5,2,750.0,-2.1891341,-79.8899031,1.0,0.0,0.0
850000,5,5,1,625.0,-2.099542701919999,-79.8633369704,1.0,0.0,0.0
260000,3,3,2,259.0,-2.0715709,-79.8422792,1.0,0.0,0.0
140000,3,2,2,168.0,-2.0494274,-79.9145048,1.0,0.0,0.0
175000,3,3,2,210.0,-2.201530036477206,-80.06939805222575,1.0,0.0,0.0
138000,3,2,1,152.0,-2.038837262596513,-79.89599118891601,1.0,0.0,0.0
315000,3,4,1,420.0,-2.1445739,-79.8635209,1.0,0.0,0.0
550000,4,4,2,340.0,-2.1891341,-79.8899031,1.0,0.0,0.0
160000,3,2,2,98.0,-2.2015001,-80.0559372,1.0,0.0,0.0
259000,4,3,2,260.0,-2.1271353,-79.8633972,1.0,0.0,0.0
490000,3,3,1,278.0,-2.1025188,-79.8679828,1.0,0.0,0.0
335000,3,3,2,217.0,-2.141897075651963,-79.86531020998738,1.0,0.0,0.0
370000,3,3,1,240.0,-2.1626034,-79.9379134,1.0,0.0,0.0
98000,2,2,1,130.0,-2.0383247,-79.8955084,1.0,0.0,0.0
125000,4,3,2,129.0,-2.050780030642563,-79.93243684763793,1.0,0.0,0.0
145000,3,3,2,149.0,-2.1507652,-79.8990551,1.0,0.0,0.0
700000,8,9,6,1200.0,-2.1690471,-79.9066383,1.0,0.0,0.0
265000,3,3,2,256.0,-2.0425739,-79.8631914,1.0,0.0,0.0
291000,3,3,2,207.0,-2.0732059,-79.83264009999999,1.0,0.0,0.0
130000,4,3,2,222.0,-2.171587699999999,-79.9030729,1.0,0.0,0.0
298000,3,4,2,1880.0,-2.007587459855209,-79.9734233042019,1.0,0.0,0.0
800000,4,4,2,714.0,-2.1231067,-79.8709837,1.0,0.0,0.0
294990,4,5,4,255.0,-2.0715709,-79.8422792,1.0,0.0,0.0
178000,5,1,2,180.0,-2.1715877,-79.9030729,1.0,0.0,0.0
120000,3,4,1,160.0,-2.148212234607736,-79.89056296322939,1.0,0.0,0.0
279000,6,4,2,700.0,-2.131320259605369,-79.90491729725014,1.0,0.0,0.0
680000,4,4,2,450.0,-2.102988151404026,-79.87364399311524,1.0,0.0,0.0
192000,4,3,2,183.0,-2.073138574511469,-79.83967299416506,1.0,0.0,0.0
1100000,3,5,2,793.0,-2.116970242089999,-79.8682451688,1.0,0.0,0.0
1600000,5,5,5,1342.0,-2.103087825140794,-79.87168863815918,1.0,0.0,0.0
890000,5,5,2,887.0,-2.1891341,-79.8899031,1.0,0.0,0.0
325000,3,3,3,250.0,-2.1170338,-79.8714701,1.0,0.0,0.0
380000,4,4,1,484.0,-2.1666402,-79.94511349999999,1.0,0.0,0.0
1200000,4,4,2,595.0,-2.07748835356,-79.8696840725,1.0,0.0,0.0
135000,3,3,2,122.0,-2.0506228,-79.87473609999999,1.0,0.0,0.0
980000,4,4,4,798.0,-2.0978785,-79.8757912,1.0,0.0,0.0
195000,4,4,1,293.0,-2.1641252,-79.9118255,1.0,0.0,0.0
140000,4,4,2,135.0,-2.1786103,-79.9001394,1.0,0.0,0.0
139000,4,3,2,130.0,-2.0249140730955,-79.92393441858519,1.0,0.0,0.0
339000,5,6,6,868.0,-2.188150799999999,-79.9169197,1.0,0.0,0.0
880000,4,4,2,510.0,-2.079349832974797,-79.87221944858004,1.0,0.0,0.0
210000,3,4,2,285.0,-2.164206493365055,-79.94090779626464,1.0,0.0,0.0
390000,5,6,3,376.0,-2.144032766853217,-79.85135368436231,1.0,0.0,0.0
560000,3,3,1,373.0,-2.187312546974478,-79.8949637058655,1.0,0.0,0.0
95000,3,2,1,106.0,-2.085884059774258,-79.91204121937676,1.0,0.0,0.0
199000,4,4,4,690.0,-2.219988610967537,-79.89270110044706,1.0,0.0,0.0
560000,4,4,3,850.0,-2.1203864,-79.8677258,1.0,0.0,0.0
259000,3,3,2,277.0,-2.1884348,-80.0272593,1.0,0.0,0.0
550000,4,5,3,572.0,-2.076915968177677,-79.8750921917877,1.0,0.0,0.0
265000,3,4,2,290.0,-2.185373081644078,-79.96953084592437,1.0,0.0,0.0
360000,4,6,3,456.0,-2.166928799999999,-79.9461072,1.0,0.0,0.0
81690,3,2,2,128.0,-2.026674129510397,-79.87296658864136,1.0,0.0,0.0
70000,7,5,1,180.0,-2.2491232,-79.88638229999998,1.0,0.0,0.0
580000,3,3,2,483.0,-2.1025188,-79.8679828,1.0,0.0,0.0
200000,3,3,1,182.0,-2.0715709,-79.8422792,1.0,0.0,0.0
690000,4,5,4,530.0,-2.118905530388896,-79.86735728689271,1.0,0.0,0.0
450000,5,5,2,560.0,-2.1203864,-79.8677258,1.0,0.0,0.0
289000,8,7,3,440.0,-2.1652008,-79.9214625,1.0,0.0,0.0
300000,4,4,2,225.0,-2.0741544,-79.8669051,1.0,0.0,0.0
280000,3,5,1,240.0,-2.1850281,-79.99856199999999,1.0,0.0,0.0
180000,3,2,2,180.0,-2.0715709,-79.8422792,1.0,0.0,0.0
330000,4,6,4,393.0,-2.1902183,-79.99420529999999,1.0,0.0,0.0
950000,4,4,2,650.0,-2.0964447,-79.8597831,1.0,0.0,0.0
275000,4,5,2,280.0,-2.173072627189635,-79.90140025529479,1.0,0.0,0.0
173000,3,3,2,197.0,-2.186274085060504,-79.99996648521117,1.0,0.0,0.0
365000,4,4,2,321.0,-2.0851946,-79.8728636,1.0,0.0,0.0
398000,3,3,2,540.0,-2.0743189,-79.8748615,1.0,0.0,0.0
109000,3,2,1,120.0,-2.0169958,-79.8665477,1.0,0.0,0.0
750000,3,3,2,700.0,-2.128822328660181,-79.86632816207697,1.0,0.0,0.0
760000,4,4,2,546.0,-2.115646190900027,-79.8721638054474,1.0,0.0,0.0
245900,3,3,1,235.0,-2.1884348,-80.0272593,1.0,0.0,0.0
183000,3,2,1,221.0,-2.1835041,-79.9777775,1.0,0.0,0.0
88000,3,2,2,135.0,-2.209948925352119,-80.06954402324217,1.0,0.0,0.0
125000,4,3,3,181.0,-2.1622023,-79.9159203,1.0,0.0,0.0
390000,3,3,2,316.0,-2.0904681,-79.86958369999999,1.0,0.0,0.0
389990,4,4,2,245.0,-2.09928538269,-79.8631867667,1.0,0.0,0.0
420000,4,3,1,556.0,-2.185425591556739,-79.98720546595304,1.0,0.0,0.0
410000,5,5,4,1531.0,-2.221534144548576,-79.89294355572189,1.0,0.0,0.0
580000,4,4,1,500.0,-2.088043,-79.8681837,1.0,0.0,0.0
329000,4,4,2,225.0,-2.079098699999999,-79.8388614,1.0,0.0,0.0
750000,3,3,2,561.0,-2.1025188,-79.8679828,1.0,0.0,0.0
886712,4,3,2,679.0,-2.141897075651963,-79.86531020998738,1.0,0.0,0.0
114000,4,4,2,206.0,-2.2130188,-79.896059,1.0,0.0,0.0
170000,8,8,3,430.0,-2.241430201169466,-79.89799259160156,1.0,0.0,0.0
330000,3,5,1,265.0,-2.0396748,-79.8473739,1.0,0.0,0.0
128000,4,4,2,130.0,-2.048806976643917,-79.91380633767795,1.0,0.0,0.0
295000,3,4,1,352.0,-2.159710984474868,-79.90883783544338,1.0,0.0,0.0
202000,3,4,2,366.0,-2.074992413535177,-79.85868243409938,1.0,0.0,0.0
380000,3,6,2,420.0,-2.154913665176454,-79.90115972982152,1.0,0.0,0.0
690000,3,3,2,430.0,-2.1020415,-79.8578137,1.0,0.0,0.0
89900,4,2,1,140.0,-2.142893318707948,-79.91491414555145,1.0,0.0,0.0
51000,2,1,1,72.0,-2.024517651243977,-79.94641542434694,1.0,0.0,0.0
82000,3,5,2,105.0,-2.0646512,-79.8926809,1.0,0.0,0.0
350000,3,3,2,263.0,-2.094523880404144,-79.85796201211882,1.0,0.0,0.0
125000,3,2,1,120.0,-2.1715877,-79.9030729,1.0,0.0,0.0
250000,4,4,5,450.0,-2.149446435370715,-79.89194044823273,1.0,0.0,0.0
400000,5,5,2,444.0,-2.1884348,-80.0272593,1.0,0.0,0.0
155000,3,2,2,157.0,-2.0348354,-79.8707896,1.0,0.0,0.0
392182,4,3,2,170.0,-2.0987892,-79.8640357,1.0,0.0,0.0
390000,3,3,2,454.0,-2.071999899999999,-79.8666552,1.0,0.0,0.0
348000,3,3,2,375.0,-2.0893231,-79.87285159999999,1.0,0.0,0.0
300000,5,3,3,1000.0,-2.1618543,-79.9435398,1.0,0.0,0.0
130000,4,3,3,325.0,-2.184596,-79.89155149999999,1.0,0.0,0.0
275000,6,6,4,1034.0,-2.008866115444526,-79.97232117839769,1.0,0.0,0.0
55000,3,2,1,104.0,-2.189412799999999,-79.8890662,1.0,0.0,0.0
75000,4,3,1,163.0,-2.2438091,-79.9066763,1.0,0.0,0.0
120000,3,3,2,98.0,-2.1715877,-79.9030729,1.0,0.0,0.0
600000,5,4,4,601.0,-2.010786867830877,-79.97985056052241,1.0,0.0,0.0
115000,3,3,2,128.0,-2.2158125,-80.08806249999999,1.0,0.0,0.0
365000,3,3,4,388.0,-2.065262337286455,-79.87291965853593,1.0,0.0,0.0
1100000,4,4,2,510.0,-2.0771667,-79.87311729999999,1.0,0.0,0.0
1300000,4,5,2,865.0,-2.184334973667674,-79.98909653763565,1.0,0.0,0.0
170000,3,3,2,440.0,-2.006107314478365,-79.96459612785935,1.0,0.0,0.0
315000,3,3,2,245.0,-2.147949853191872,-79.86454598264172,1.0,0.0,0.0
65000,4,2,1,72.0,-2.064381319839792,-79.88720282226274,1.0,0.0,0.0
165000,3,3,2,385.0,-2.1520073,-79.9430537,1.0,0.0,0.0
510000,6,6,10,600.0,-2.1704935,-79.9432731,1.0,0.0,0.0
1100000,3,3,1,567.0,-2.13343839925,-79.8633528195,1.0,0.0,0.0
195000,3,2,2,180.0,-2.1891341,-79.8899031,1.0,0.0,0.0
950000,4,4,2,1225.0,-2.0396748,-79.8473739,1.0,0.0,0.0
980000,6,6,6,1580.0,-2.1717387,-79.9068187,1.0,0.0,0.0
120000,3,2,1,130.0,-2.1891341,-79.8899031,1.0,0.0,0.0
385000,3,3,1,380.0,-2.1715877,-79.9030729,1.0,0.0,0.0
310000,3,3,3,180.0,-2.1095782,-79.87231779999999,1.0,0.0,0.0
260000,3,1,2,470.0,-2.1067305,-79.8723857,1.0,0.0,0.0
230000,4,4,1,300.0,-2.053072099999982,-79.89706110000002,1.0,0.0,0.0
385000,3,3,2,232.0,-2.123451439796392,-79.86366656728822,1.0,0.0,0.0
250000,3,3,1,200.0,-2.1891341,-79.8899031,1.0,0.0,0.0
65000,4,3,1,97.0,-2.1125719,-79.9859278,1.0,0.0,0.0
340000,4,5,2,392.0,-2.088043,-79.8681837,1.0,0.0,0.0
390000,3,4,2,640.0,-2.188230613639925,-79.96292597284187,1.0,0.0,0.0
429990,4,5,4,255.0,-2.0644578,-79.8717859312,1.0,0.0,0.0
270000,6,7,2,475.0,-2.1774475,-79.9657905,1.0,0.0,0.0
64000,3,1,2,93.0,-2.2407652,-80.0730797,1.0,0.0,0.0
285000,4,4,4,250.0,-2.074992413535177,-79.85868243409938,1.0,0.0,0.0
819990,5,5,2,400.0,-2.099435485579999,-79.863165309,1.0,0.0,0.0
480000,4,4,3,300.0,-2.1671394,-79.9437532,1.0,0.0,0.0
660000,3,3,2,550.0,-2.09931810087,-79.8633236159,1.0,0.0,0.0
490000,4,4,2,463.0,-2.1891341,-79.8899031,1.0,0.0,0.0
105000,3,3,1,246.0,-2.1097407,-79.9030444,1.0,0.0,0.0
290000,4,4,2,243.0,-2.07969514019,-79.8382493,1.0,0.0,0.0
450000,5,4,2,441.0,-2.1590432,-79.90947510000001,1.0,0.0,0.0
430000,4,4,2,488.0,-2.1160935,-79.8692892,1.0,0.0,0.0
300000,3,4,3,430.0,-2.12959068252476,-79.86599758311462,1.0,0.0,0.0
398000,4,4,2,400.0,-2.1891341,-79.8899031,1.0,0.0,0.0
1050000,4,4,5,2460.0,-2.070495993178232,-79.85907424341315,1.0,0.0,0.0
495000,4,3,2,500.0,-2.153457141830423,-79.86599603236253,1.0,0.0,0.0
565000,5,5,2,500.0,-2.140590847247401,-79.85978309999999,1.0,0.0,0.0
902219,4,4,2,738.0,-2.0745733,-79.8849716,1.0,0.0,0.0
290000,4,5,6,926.0,-2.1638839,-79.9278817,1.0,0.0,0.0
130000,3,3,1,119.0,-2.070254765341222,-79.91550454303591,1.0,0.0,0.0
345000,3,3,3,200.0,-2.1520073,-79.9430537,1.0,0.0,0.0
190000,3,3,1,250.0,-2.1593406,-79.947965,1.0,0.0,0.0
170000,8,5,2,350.0,-2.174427680183861,-79.89520575633316,1.0,0.0,0.0
399000,6,7,2,300.0,-2.1520073,-79.9430537,1.0,0.0,0.0
220000,4,4,2,280.0,-2.189851029877354,-79.94000508545834,1.0,0.0,0.0
700000,3,3,2,450.0,-2.0771667,-79.87311729999999,1.0,0.0,0.0
850000,4,4,2,532.0,-2.1138497,-79.860282,1.0,0.0,0.0
115000,6,7,1,301.0,-2.087099215302613,-79.91914236552883,1.0,0.0,0.0
291000,3,3,1,207.0,-2.0732059,-79.83264009999999,1.0,0.0,0.0
450000,3,3,2,301.0,-2.0659632,-79.8479874,1.0,0.0,0.0
95000,7,4,4,652.0,-2.2682463,-79.89608659999999,1.0,0.0,0.0
183750,3,3,1,144.0,-2.026023432284072,-79.90840200058693,1.0,0.0,0.0
899000,3,3,2,735.0,-2.1077409,-79.8723224,1.0,0.0,0.0
150000,7,6,1,381.0,-2.168835457595541,-79.92363035903014,1.0,0.0,0.0
800000,3,4,4,1143.0,-2.185824820606865,-79.99110402963868,1.0,0.0,0.0
320000,5,6,4,507.0,-2.146297399999999,-79.9031776,1.0,0.0,0.0
265000,4,4,3,600.0,-2.163537862686295,-79.93299883278641,1.0,0.0,0.0
150000,3,2,2,128.0,-2.0439765,-79.88196429999999,1.0,0.0,0.0
289000,4,4,1,230.0,-2.0793306,-79.8382493,1.0,0.0,0.0
450000,8,5,3,642.0,-2.1709274,-79.8985727,1.0,0.0,0.0
238000,5,4,3,282.0,-2.0746982,-79.8574352,1.0,0.0,0.0
300000,4,4,1,253.0,-2.161217895022307,-79.89812266262214,1.0,0.0,0.0
385000,4,4,7,957.0,-2.141289636096219,-79.94339651795234,1.0,0.0,0.0
99000,3,2,2,132.0,-2.043788600000001,-79.87107590000001,1.0,0.0,0.0
424900,4,5,2,255.0,-2.1077409,-79.8723224,1.0,0.0,0.0
750000,5,5,6,1000.0,-2.170541639068757,-79.9010498338684,1.0,0.0,0.0
335000,3,3,3,250.0,-2.1753338,-79.88391,1.0,0.0,0.0
284000,4,4,4,244.0,-2.0793306,-79.8382493,1.0,0.0,0.0
399990,3,3,2,553.0,-2.0681551,-79.8419207,1.0,0.0,0.0
155000,3,3,2,180.0,-2.0746982,-79.8574352,1.0,0.0,0.0
450000,2,3,2,613.0,-2.1856434,-79.9841239,1.0,0.0,0.0
295000,3,3,2,300.0,-2.150588200000001,-79.8664336,1.0,0.0,0.0
258000,3,2,2,326.0,-2.184495793825831,-79.99586142917475,1.0,0.0,0.0
139500,4,4,2,160.0,-2.136723,-79.91857060000001,1.0,0.0,0.0
191000,3,2,2,200.0,-2.1833741,-79.9846023,1.0,0.0,0.0
75000,3,3,1,60.0,-2.080376,-79.91794139999999,1.0,0.0,0.0
180000,5,1,1,85.0,-2.1561057,-79.8909823,1.0,0.0,0.0
165000,3,2,1,258.0,-2.1562565,-79.945152,1.0,0.0,0.0
155000,3,3,2,150.0,-2.036956,-79.8686776,1.0,0.0,0.0
400000,4,5,2,272.0,-2.0727905,-79.8720156,1.0,0.0,0.0
530000,4,4,2,348.0,-2.10217448288,-79.8617220365,1.0,0.0,0.0
250000,4,3,2,241.0,-2.1591652,-79.947895,1.0,0.0,0.0
950000,5,5,4,650.0,-2.184334973667674,-79.98909653763565,1.0,0.0,0.0
105000,3,2,2,128.0,-2.0529472,-79.9164347,1.0,0.0,0.0
205000,4,3,2,201.0,-2.201807,-80.0693424,1.0,0.0,0.0
410000,12,8,5,950.0,-2.1755713,-79.9041193,1.0,0.0,0.0
1600000,5,5,5,1342.0,-2.0893231,-79.87285159999999,1.0,0.0,0.0
190000,4,3,1,232.0,-2.1478685,-79.8929407,1.0,0.0,0.0
420000,4,7,1,600.0,-2.166200806073626,-79.94237973469721,1.0,0.0,0.0
180000,3,3,2,144.0,-2.1864777,-80.0004992,1.0,0.0,0.0
165000,3,3,1,125.0,-2.0447313,-79.8688995,1.0,0.0,0.0
1300000,1,5,3,900.0,-2.1043031,-79.8604831,1.0,0.0,0.0
185000,4,4,2,155.0,-2.036929992760293,-79.86855933692932,1.0,0.0,0.0
579990,3,4,2,476.0,-2.1043031,-79.8604831,1.0,0.0,0.0
700000,4,4,2,686.0,-2.1133347,-79.8555825,1.0,0.0,0.0
165000,3,4,2,215.0,-2.1666402,-79.94511349999999,1.0,0.0,0.0
1300000,4,4,2,700.0,-2.066926832232086,-79.86426738210756,1.0,0.0,0.0
600000,3,5,2,351.0,-2.1835726,-79.9886512,1.0,0.0,0.0
649500,4,7,4,1045.0,-2.1251644,-79.8622333,1.0,0.0,0.0
169000,3,3,1,165.0,-2.0373147,-79.8690022,1.0,0.0,0.0
360000,4,3,2,341.0,-2.14900252271,-79.8633289672,1.0,0.0,0.0
350000,3,6,6,750.0,-2.007587459855209,-79.9734233042019,1.0,0.0,0.0
220000,4,4,2,201.0,-2.1773195,-79.9667,1.0,0.0,0.0
400000,4,4,2,299.0,-2.061661527052046,-79.8694780349182,1.0,0.0,0.0
505000,4,4,2,350.0,-2.0659632,-79.8479874,1.0,0.0,0.0
340000,4,4,2,475.0,-2.1448075,-79.8611832,1.0,0.0,0.0
670000,3,4,2,1100.0,-2.125974,-79.8635803,1.0,0.0,0.0
49000,4,3,1,105.0,-2.0914437576523,-79.91739286542855,1.0,0.0,0.0
825000,3,3,2,450.0,-2.1077409,-79.8723224,1.0,0.0,0.0
116000,3,3,1,145.0,-2.1389224,-79.9082506,1.0,0.0,0.0
93000,3,2,1,165.0,-2.1250941,-79.9033754,1.0,0.0,0.0
430000,3,1,2,514.0,-2.1891341,-79.8899031,1.0,0.0,0.0
330000,4,4,2,402.0,-2.1863066,-79.9652625,1.0,0.0,0.0
105000,3,3,1,144.0,-2.1378012,-79.9271675,1.0,0.0,0.0
410990,3,3,2,255.0,-2.064287237519999,-79.8719878349,1.0,0.0,0.0
450000,5,5,4,500.0,-2.1410855244891,-79.88758439584936,1.0,0.0,0.0
800000,4,4,2,720.0,-2.1724117,-79.90793359999998,1.0,0.0,0.0
579900,3,4,2,480.0,-2.1891341,-79.8899031,1.0,0.0,0.0
220000,4,3,2,180.0,-2.157267441835863,-79.9462684246567,1.0,0.0,0.0
610000,4,4,2,480.0,-2.1043031,-79.8604831,1.0,0.0,0.0
299000,5,5,2,356.0,-2.193141221422654,-79.96406962012516,1.0,0.0,0.0
95000,10,10,6,325.0,-2.2438513,-79.8956694,1.0,0.0,0.0
1100000,5,6,2,550.0,-2.0772422,-79.8735072,1.0,0.0,0.0
340000,3,4,2,463.0,-2.190100453542128,-79.96419150632936,1.0,0.0,0.0
120000,3,2,1,200.0,-2.136165488329982,-79.91745480104983,1.0,0.0,0.0
181000,3,2,2,226.0,-2.179852804602275,-79.98598230104564,1.0,0.0,0.0
149500,4,2,2,160.0,-2.145887762203024,-79.89010437990112,1.0,0.0,0.0
395000,4,5,4,600.0,-2.1715877,-79.9030729,1.0,0.0,0.0
510000,5,5,4,500.0,-2.1363698,-79.8653836,1.0,0.0,0.0
185000,3,3,1,170.0,-2.0342198,-79.871824,1.0,0.0,0.0
195000,4,4,1,179.0,-2.184903294868819,-79.98167891131291,1.0,0.0,0.0
228000,4,4,2,300.0,-2.053497990099999,-79.896947427,1.0,0.0,0.0
395000,3,3,2,355.0,-2.088043,-79.8681837,1.0,0.0,0.0
479990,4,4,2,260.0,-2.09971424805,-79.863100936,1.0,0.0,0.0
795000,4,5,2,510.0,-2.077184933876407,-79.87299668216504,1.0,0.0,0.0
580000,3,3,4,500.0,-2.082541584627076,-79.87232480450744,1.0,0.0,0.0
475000,4,4,2,307.0,-2.072098824331531,-79.85380916892325,1.0,0.0,0.0
66000,3,3,1,125.0,-2.090542553578866,-79.9200795090149,1.0,0.0,0.0
85000,4,3,1,90.0,-2.1040449,-79.9350718,1.0,0.0,0.0
440000,3,4,3,400.0,-2.1715877,-79.9030729,1.0,0.0,0.0
392000,3,3,2,220.0,-2.1027766,-79.85803279999999,1.0,0.0,0.0
240000,4,4,2,363.0,-2.2125015,-80.06990630000001,1.0,0.0,0.0
209800,4,4,5,387.0,-2.169668208016205,-79.9106730551476,1.0,0.0,0.0
169000,3,5,2,240.0,-2.167147371018608,-79.94558278068692,1.0,0.0,0.0
389996,4,3,2,132.0,-2.0987892,-79.8640357,1.0,0.0,0.0
189000,3,2,2,180.0,-2.183460242684346,-79.9668344953125,1.0,0.0,0.0
430000,4,4,2,797.0,-2.163537862686295,-79.93299883278641,1.0,0.0,0.0
480000,4,4,1,600.0,-2.1856104,-79.9899024,1.0,0.0,0.0
405000,4,4,1,560.0,-2.134631199999999,-79.8675129,1.0,0.0,0.0
220000,3,3,1,300.0,-2.0530431,-79.8970025,1.0,0.0,0.0
330000,4,4,2,5000.0,-2.066889921507235,-79.84183486931151,1.0,0.0,0.0
280000,9,8,2,260.0,-2.146791930873729,-79.86531577088623,1.0,0.0,0.0
355000,4,4,4,861.0,-2.168532797283715,-79.93685868348084,1.0,0.0,0.0
139000,3,3,3,306.0,-2.1250581,-79.90401399999999,1.0,0.0,0.0
270000,6,5,2,670.0,-2.1683217,-79.9395566,1.0,0.0,0.0
680000,3,3,2,540.0,-2.084462086949999,-79.8726898111,1.0,0.0,0.0
90000,4,3,1,159.0,-2.1183727,-79.8863823,1.0,0.0,0.0
68000,3,3,3,109.0,-2.0780021,-79.9181905,1.0,0.0,0.0
180000,5,5,2,421.0,-2.1934689,-79.8981182,1.0,0.0,0.0
500000,3,5,5,716.0,-2.163865,-79.9066763,1.0,0.0,0.0
295000,3,3,1,796.0,-2.162672,-79.9312167,1.0,0.0,0.0
120000,3,2,2,120.0,-2.134481670154389,-79.92684113059217,1.0,0.0,0.0
208000,4,3,1,362.0,-2.122386373654404,-79.90581240344508,1.0,0.0,0.0
193000,3,3,1,358.0,-2.184036489186838,-79.99878862519529,1.0,0.0,0.0
300000,7,7,4,600.0,-2.110356805300674,-79.90425048360595,1.0,0.0,0.0
163000,5,4,2,260.0,-2.1374756,-79.9092441,1.0,0.0,0.0
125000,4,3,1,160.0,-2.178861449616585,-79.91376373627786,1.0,0.0,0.0
355000,3,3,2,375.0,-2.088043,-79.8681837,1.0,0.0,0.0
320000,5,4,2,225.0,-2.077962857853795,-79.84240269956969,1.0,0.0,0.0
1150000,4,4,2,1046.0,-2.09924249615,-79.8639377852,1.0,0.0,0.0
850000,4,4,2,650.0,-2.098471091460381,-79.86082379709777,1.0,0.0,0.0
100000,3,2,3,120.0,-2.1715877,-79.9030729,1.0,0.0,0.0
885000,5,5,2,510.0,-2.077184933876407,-79.87299668216504,1.0,0.0,0.0
500000,4,4,2,518.0,-2.10426424544,-79.8604202585,1.0,0.0,0.0
132900,3,4,4,270.0,-2.1862926,-79.903802,1.0,0.0,0.0
97000,3,3,3,135.0,-2.043671385241505,-79.87043105183716,1.0,0.0,0.0
102000,3,3,2,134.0,-2.1251964,-79.9034839,1.0,0.0,0.0
225000,4,3,2,260.0,-2.0736081,-79.8454914,1.0,0.0,0.0
338000,3,3,2,436.0,-2.065157280289999,-79.8723870671,1.0,0.0,0.0
305000,4,4,2,451.0,-2.077863742696065,-79.83788660178217,1.0,0.0,0.0
279000,6,4,2,700.0,-2.131320259605369,-79.90491729725014,1.0,0.0,0.0
170000,4,5,1,165.0,-2.221876,-79.8898816,1.0,0.0,0.0
507990,4,4,2,540.0,-2.098792187379999,-79.8631223937,1.0,0.0,0.0
290000,6,4,4,207.0,-2.123368699999999,-79.90515,1.0,0.0,0.0
380000,4,4,2,450.0,-2.186762509989999,-79.969947098,1.0,0.0,0.0
450000,5,5,4,600.0,-2.164879059981518,-79.92068687535135,1.0,0.0,0.0
980000,3,3,2,1000.0,-2.0733123,-79.8912905,1.0,0.0,0.0
59900,3,2,1,120.0,-2.227120796073474,-80.07750803869249,1.0,0.0,0.0
725000,4,4,2,546.0,-2.114212873736293,-79.85509628570557,1.0,0.0,0.0
298000,3,4,2,1880.0,-2.007587459855209,-79.9734233042019,1.0,0.0,0.0
880000,7,7,4,2500.0,-2.134123,-79.8635425,1.0,0.0,0.0
130000,5,3,1,190.0,-2.1462974,-79.90317759999999,1.0,0.0,0.0
120000,3,2,2,120.0,-2.1385605,-79.9220686,1.0,0.0,0.0
280000,3,3,2,200.0,-2.1891341,-79.8899031,1.0,0.0,0.0
79000,3,3,2,105.0,-2.090719117521893,-79.91324959351238,1.0,0.0,0.0
950000,4,8,2,927.0,-2.1954122,-79.88867719999996,1.0,0.0,0.0
439500,4,4,2,255.0,-2.06253,-79.86979989999999,1.0,0.0,0.0
265000,5,4,2,335.0,-2.0715709,-79.8422792,1.0,0.0,0.0
210000,3,3,2,202.0,-2.156548554812862,-79.94371848892118,1.0,0.0,0.0
800000,4,4,3,670.0,-2.185824820606865,-79.99110402963868,1.0,0.0,0.0
328000,3,3,2,325.0,-2.0715709,-79.8422792,1.0,0.0,0.0
295000,10,6,2,287.0,-2.164117,-79.9141683,1.0,0.0,0.0
185000,3,2,2,260.0,-2.1863066,-79.9652625,1.0,0.0,0.0
95000,3,2,1,72.0,-2.0447313,-79.8688995,1.0,0.0,0.0
975000,4,8,3,805.0,-2.109963006107876,-79.86139523965788,1.0,0.0,0.0
380000,3,3,2,315.0,-2.122571498219409,-79.86441939687677,1.0,0.0,0.0
850000,4,5,2,800.0,-2.1231067,-79.87098370000001,1.0,0.0,0.0
390000,5,5,2,715.0,-2.1666402,-79.94511349999999,1.0,0.0,0.0
465000,4,4,2,650.0,-2.16827758079142,-79.89726665991058,1.0,0.0,0.0
173000,4,3,3,190.0,-2.053686,-79.9173215,1.0,0.0,0.0
525000,4,5,2,500.0,-2.084483530420788,-79.87148818150635,1.0,0.0,0.0
215000,4,4,2,225.0,-2.1830914,-79.9914225,1.0,0.0,0.0
260000,4,5,2,440.0,-2.22961071652902,-79.89107072353364,1.0,0.0,0.0
850000,4,4,2,750.0,-2.0744394,-79.8905631,1.0,0.0,0.0
216400,3,3,1,180.0,-2.1908521,-80.0340942,1.0,0.0,0.0
580000,3,3,2,591.0,-2.090757658507079,-79.87374387646662,1.0,0.0,0.0
300000,5,5,2,250.0,-2.0715709,-79.8422792,1.0,0.0,0.0
240000,3,3,2,300.0,-2.178076221450221,-79.98632723531951,1.0,0.0,0.0
180000,3,3,2,148.0,-2.1837606,-79.99816489999999,1.0,0.0,0.0
299000,5,5,2,356.0,-2.193141221422654,-79.96406962012516,1.0,0.0,0.0
820000,5,6,2,570.0,-2.1891341,-79.8899031,1.0,0.0,0.0
420000,3,3,2,454.0,-2.1891341,-79.8899031,1.0,0.0,0.0
750000,5,5,6,1000.0,-2.170541639068757,-79.9010498338684,1.0,0.0,0.0
240000,3,3,2,184.0,-2.0741366,-79.8670224,1.0,0.0,0.0
285000,4,4,2,292.0,-2.074492493563755,-79.84713566406248,1.0,0.0,0.0
750000,3,6,4,820.0,-2.1863066,-79.9652625,1.0,0.0,0.0
107000,4,2,1,183.0,-2.1399771,-79.89401939999999,1.0,0.0,0.0
165000,3,2,1,258.0,-2.1562565,-79.945152,1.0,0.0,0.0
450000,8,5,3,642.0,-2.1709274,-79.8985727,1.0,0.0,0.0
290000,4,4,1,260.0,-2.185376781206228,-79.98310983967288,1.0,0.0,0.0
235000,12,10,2,570.0,-2.1886787,-79.9142093,1.0,0.0,0.0
565000,3,3,2,488.0,-2.0396748,-79.8473739,1.0,0.0,0.0
1600000,5,5,2,4000.0,-2.089597034646807,-79.87290332636005,1.0,0.0,0.0
68000,3,3,2,120.0,-2.136433365370086,-79.94199032124021,1.0,0.0,0.0
370000,3,3,1,240.0,-2.1626034,-79.9379134,1.0,0.0,0.0
735000,4,4,2,686.0,-2.1025188,-79.8679828,1.0,0.0,0.0
360000,4,5,2,339.0,-2.163865,-79.9066763,1.0,0.0,0.0
500000,4,4,2,518.0,-2.10426424544,-79.8604202585,1.0,0.0,0.0
260000,3,2,2,200.0,-2.116879120576477,-79.86465491834923,1.0,0.0,0.0
190000,3,3,1,120.0,-2.1560322,-79.9115741,1.0,0.0,0.0
670000,5,5,3,510.0,-2.1538716,-79.8657097,1.0,0.0,0.0
250000,3,4,2,328.0,-2.1520073,-79.9430537,1.0,0.0,0.0
800000,4,4,2,714.0,-2.1231067,-79.8709837,1.0,0.0,0.0
60000,2,2,1,92.0,-2.0230657,-79.9480245,1.0,0.0,0.0
560000,4,4,2,850.0,-2.091214977486169,-79.87491007683745,1.0,0.0,0.0
730000,4,4,2,596.0,-2.10452513345072,-79.86391856969816,1.0,0.0,0.0
350000,5,4,2,450.0,-2.164277,-79.87798339999999,1.0,0.0,0.0
105000,3,2,1,136.0,-2.1860134,-80.04999959999998,1.0,0.0,0.0
82000,3,1,2,100.0,-2.1252485,-79.90351419999999,1.0,0.0,0.0
1100000,5,5,2,510.0,-2.1753338,-79.88391,1.0,0.0,0.0
260000,3,3,2,225.0,-2.0793306,-79.8382493,1.0,0.0,0.0
230000,4,4,1,180.0,-2.1831066,-80.00060529999999,1.0,0.0,0.0
290000,4,5,6,926.0,-2.1638839,-79.9278817,1.0,0.0,0.0
429990,4,5,4,255.0,-2.0644578,-79.8717859312,1.0,0.0,0.0
950000,4,4,2,650.0,-2.0964447,-79.8597831,1.0,0.0,0.0
950000,4,4,3,510.0,-2.077536016579999,-79.8697042905,1.0,0.0,0.0
289000,8,7,3,440.0,-2.1652008,-79.9214625,1.0,0.0,0.0
1600000,4,4,4,1450.0,-2.1077409,-79.8723224,1.0,0.0,0.0
410990,3,3,2,255.0,-2.064287237519999,-79.8719878349,1.0,0.0,0.0
175000,4,3,2,184.0,-2.1891341,-79.8899031,1.0,0.0,0.0
800000,4,4,3,670.0,-2.185824820606865,-79.99110402963868,1.0,0.0,0.0
138000,4,3,2,190.0,-2.1111844,-79.89618,1.0,0.0,0.0
690000,4,4,2,530.0,-2.0964447,-79.8597831,1.0,0.0,0.0
89990,3,2,2,124.0,-2.224664399999999,-80.0759152,1.0,0.0,0.0
260000,4,5,3,218.0,-2.1628579,-79.94731300000001,1.0,0.0,0.0
320000,4,4,1,240.0,-2.0741366,-79.8670224,1.0,0.0,0.0
395000,3,5,2,547.0,-2.1740229959325,-79.94176347763168,1.0,0.0,0.0
700000,6,6,4,1180.0,-2.0694276,-79.8591493,1.0,0.0,0.0
320000,4,5,2,300.0,-2.1696851,-79.9434127,1.0,0.0,0.0
580000,3,3,2,483.0,-2.1025188,-79.8679828,1.0,0.0,0.0
1600000,4,5,2,801.0,-2.1862078,-79.9659848,1.0,0.0,0.0
550000,3,3,2,479.0,-2.118905530388896,-79.86735728689271,1.0,0.0,0.0
235000,5,4,4,400.0,-2.1686578,-79.9129827,1.0,0.0,0.0
435000,3,3,2,454.0,-2.08456916137,-79.8689561762,1.0,0.0,0.0
490000,3,4,2,649.0,-2.157443964163368,-79.90097995060404,1.0,0.0,0.0
139000,4,3,2,130.0,-2.0249140730955,-79.92393441858519,1.0,0.0,0.0
579500,5,5,2,590.0,-2.075444604499999,-79.8738019064,1.0,0.0,0.0
474990,4,4,2,307.0,-2.10205156218,-79.8618134757,1.0,0.0,0.0
395000,4,3,2,255.0,-2.0644159,-79.8723097,1.0,0.0,0.0
245900,3,3,1,235.0,-2.1884348,-80.0272593,1.0,0.0,0.0
725000,4,4,2,450.0,-2.079349832974797,-79.87221944858004,1.0,0.0,0.0
129000,4,3,4,220.0,-2.164386731453503,-79.91546492488402,1.0,0.0,0.0
385000,3,3,2,265.0,-2.06253,-79.86979989999999,1.0,0.0,0.0
340000,3,3,2,245.0,-2.0793306,-79.8382493,1.0,0.0,0.0
180000,3,3,1,320.0,-2.182784146879702,-79.96939715333355,1.0,0.0,0.0
168000,3,3,3,160.0,-2.036792674197404,-79.86924962006411,1.0,0.0,0.0
910000,4,4,2,528.0,-2.1043031,-79.8604831,1.0,0.0,0.0
580000,4,4,1,500.0,-2.088043,-79.8681837,1.0,0.0,0.0
255000,4,4,2,225.0,-2.0791498,-79.8391474,1.0,0.0,0.0
489000,4,4,2,350.0,-2.123451439796392,-79.86366656728822,1.0,0.0,0.0
220000,3,3,2,213.0,-2.0681551,-79.8419207,1.0,0.0,0.0
1300000,1,5,3,900.0,-2.1043031,-79.8604831,1.0,0.0,0.0
118000,3,3,2,150.0,-2.183741652014601,-79.915976176035,1.0,0.0,0.0
169000,3,2,2,165.0,-2.0377085,-79.8692999,1.0,0.0,0.0
98000,7,6,1,87.0,-2.129365,-79.90317759999999,1.0,0.0,0.0
890000,8,6,3,890.0,-2.166856,-79.9026037,1.0,0.0,0.0
815000,5,5,4,1020.0,-2.2293086,-79.9351849,1.0,0.0,0.0
185000,4,3,2,182.0,-2.072472788740987,-79.83862378824557,1.0,0.0,0.0
800000,4,4,2,555.0,-2.1043031,-79.8604831,1.0,0.0,0.0
667500,5,5,2,454.0,-2.083754452159999,-79.869685737,1.0,0.0,0.0
70000,3,3,2,87.0,-2.100303674929007,-79.90618741667174,1.0,0.0,0.0
259000,4,3,2,260.0,-2.1271353,-79.8633972,1.0,0.0,0.0
550000,5,5,1,562.0,-2.163865,-79.9066763,1.0,0.0,0.0
78300,3,2,2,93.0,-2.230579812992638,-80.06589174270631,1.0,0.0,0.0
750000,4,7,2,548.0,-2.074488299811243,-79.85743268623048,1.0,0.0,0.0
179900,3,3,2,184.0,-2.070241393229999,-79.8421075386,1.0,0.0,0.0
325000,3,3,2,317.0,-2.0875217,-79.871105,1.0,0.0,0.0
340000,5,6,2,800.0,-2.1711772,-79.90478009999998,1.0,0.0,0.0
300000,3,3,2,292.0,-2.184757252082034,-80.00138189182718,1.0,0.0,0.0
190000,3,3,1,250.0,-2.1593406,-79.947965,1.0,0.0,0.0
365000,4,4,2,321.0,-2.0851946,-79.8728636,1.0,0.0,0.0
600000,9,9,3,520.0,-2.1478685,-79.8929407,1.0,0.0,0.0
250000,4,4,5,450.0,-2.149446435370715,-79.89194044823273,1.0,0.0,0.0
270000,3,3,2,225.0,-2.1043031,-79.8604831,1.0,0.0,0.0
395000,2,2,2,800.0,-2.17316559909956,-79.90442249741531,1.0,0.0,0.0
980000,6,6,6,1580.0,-2.1717387,-79.9068187,1.0,0.0,0.0
690000,4,5,4,530.0,-2.118905530388896,-79.86735728689271,1.0,0.0,0.0
89000,4,2,2,120.0,-2.117666178215311,-79.90669785570468,1.0,0.0,0.0
695000,3,3,2,450.0,-2.077166699999999,-79.8731173,1.0,0.0,0.0
189000,3,2,2,180.0,-2.183460242684346,-79.9668344953125,1.0,0.0,0.0
120000,3,4,1,171.0,-2.1715877,-79.9030729,1.0,0.0,0.0
139500,4,4,2,160.0,-2.136723,-79.91857060000001,1.0,0.0,0.0
69000,3,2,2,100.0,-2.240651639324103,-80.08210081683049,1.0,0.0,0.0
452000,4,4,2,260.0,-2.09924249615,-79.8630580207,1.0,0.0,0.0
285000,4,3,1,288.0,-2.186415138280977,-79.97919731343569,1.0,0.0,0.0
72000,3,1,2,102.0,-2.1402579,-79.89823489999999,1.0,0.0,0.0
950000,4,4,2,627.0,-2.104453202409999,-79.8641416331,1.0,0.0,0.0
842000,4,4,2,651.0,-2.099542701919999,-79.8628649016,1.0,0.0,0.0
810351,4,4,2,592.0,-2.2488852,-79.90649119999999,1.0,0.0,0.0
125000,3,1,1,200.0,-2.1748879,-79.9083804,1.0,0.0,0.0
297000,3,3,1,259.0,-2.184233768290094,-79.99413951534427,1.0,0.0,0.0
265000,4,4,3,600.0,-2.163537862686295,-79.93299883278641,1.0,0.0,0.0
180000,5,3,1,312.0,-2.189176992512332,-79.88949044828703,1.0,0.0,0.0
64000,3,1,2,93.0,-2.2407652,-80.0730797,1.0,0.0,0.0
410000,5,5,2,274.0,-2.077131150525923,-79.87210860952369,1.0,0.0,0.0
430000,4,4,2,488.0,-2.1160935,-79.8692892,1.0,0.0,0.0
240000,4,4,2,546.0,-2.1666402,-79.94511349999999,1.0,0.0,0.0
400000,5,5,2,444.0,-2.1884348,-80.0272593,1.0,0.0,0.0
285000,4,4,2,226.0,-2.0793306,-79.8382493,1.0,0.0,0.0
475000,4,4,2,275.0,-2.094523880404144,-79.85796201211882,1.0,0.0,0.0
310000,3,3,2,300.0,-2.1202591,-79.8661151,1.0,0.0,0.0
339999,3,5,2,301.0,-2.0793306,-79.8382493,1.0,0.0,0.0
700000,6,7,6,1205.0,-2.163868717620965,-79.90857608118047,1.0,0.0,0.0
450000,5,5,4,600.0,-2.164879059981518,-79.92068687535135,1.0,0.0,0.0
431000,4,4,2,255.0,-2.0644159,-79.8723097,1.0,0.0,0.0
245000,3,3,2,200.0,-2.1884348,-80.0272593,1.0,0.0,0.0
720000,4,5,2,480.0,-2.077184933876407,-79.87299668216504,1.0,0.0,0.0
125000,3,2,1,120.0,-2.117168049416246,-79.89166348081207,1.0,0.0,0.0
116000,3,2,1,143.0,-2.134052,-79.920212,1.0,0.0,0.0
280000,4,4,2,420.0,-2.173869999498072,-79.88753557205202,1.0,0.0,0.0
220000,6,6,5,304.0,-2.183569904949745,-79.89467728731077,1.0,0.0,0.0
256000,4,4,2,270.0,-2.1891341,-79.8899031,1.0,0.0,0.0
320000,3,3,2,430.0,-2.14024657745,-79.8636594584,1.0,0.0,0.0
424995,4,4,2,255.0,-2.06369949409,-79.8724025927,1.0,0.0,0.0
230000,3,2,2,222.0,-2.181598102469584,-79.98399550938998,1.0,0.0,0.0
125000,3,3,2,240.0,-2.136723,-79.91857060000001,1.0,0.0,0.0
291000,3,3,2,207.0,-2.0732059,-79.83264009999999,1.0,0.0,0.0
419000,4,5,2,560.0,-2.138525139868481,-79.86303108859697,1.0,0.0,0.0
150000,3,3,1,120.0,-2.1748879,-79.9083804,1.0,0.0,0.0
175000,3,3,2,210.0,-2.201530036477206,-80.06939805222575,1.0,0.0,0.0
180000,5,5,2,421.0,-2.1934689,-79.8981182,1.0,0.0,0.0
239000,4,4,2,283.0,-2.189478639999999,-79.96786077,1.0,0.0,0.0
120000,3,3,2,136.0,-2.1404445,-79.8681496,1.0,0.0,0.0
460000,5,4,2,637.0,-2.1715877,-79.9030729,1.0,0.0,0.0
550000,4,5,3,572.0,-2.076915968177677,-79.8750921917877,1.0,0.0,0.0
348000,3,3,2,375.0,-2.0893231,-79.87285159999999,1.0,0.0,0.0
330000,4,6,4,393.0,-2.1902183,-79.99420529999999,1.0,0.0,0.0
408990,5,5,2,274.0,-2.06179976093,-79.8691554222,1.0,0.0,0.0
234000,3,3,2,300.0,-2.1891341,-79.8899031,1.0,0.0,0.0
744990,4,4,2,408.0,-2.09702176182,-79.8613682725,1.0,0.0,0.0
110000,3,2,1,324.0,-2.193767769122128,-79.8882617455078,1.0,0.0,0.0
160000,3,3,1,200.0,-2.164879059981518,-79.92068687535135,1.0,0.0,0.0
189000,3,3,2,144.0,-2.1906588,-80.0479722,1.0,0.0,0.0
210000,4,4,1,183.0,-2.189236352637497,-80.00908230346606,1.0,0.0,0.0
130000,4,3,3,325.0,-2.184596,-79.89155149999999,1.0,0.0,0.0
550000,4,4,2,750.0,-2.118905530388896,-79.86735728689271,1.0,0.0,0.0
107000,4,2,1,183.0,-2.1399771,-79.89401939999999,1.0,0.0,0.0
250000,4,4,5,450.0,-2.149446435370715,-79.89194044823273,1.0,0.0,0.0
85000,3,3,2,105.0,-2.1891341,-79.8899031,1.0,0.0,0.0
125000,4,3,2,129.0,-2.050780030642563,-79.93243684763793,1.0,0.0,0.0
585000,4,5,2,625.0,-2.094197888574197,-79.87377766850891,1.0,0.0,0.0
118000,3,3,1,180.0,-2.187038908857924,-79.96834998531902,1.0,0.0,0.0
715000,3,3,2,450.0,-2.093148448941644,-79.86074306472686,1.0,0.0,0.0
270000,4,4,1,225.0,-2.0793306,-79.8382493,1.0,0.0,0.0
228000,4,4,2,300.0,-2.053497990099999,-79.896947427,1.0,0.0,0.0
288900,4,4,2,271.0,-2.0793306,-79.8382493,1.0,0.0,0.0
149000,5,4,2,200.0,-2.1245065,-79.9021916,1.0,0.0,0.0
105000,3,3,1,246.0,-2.1097407,-79.9030444,1.0,0.0,0.0
1200000,4,4,2,650.0,-2.1043031,-79.8604831,1.0,0.0,0.0
235000,12,10,2,570.0,-2.1886787,-79.9142093,1.0,0.0,0.0
390000,3,3,2,400.0,-2.116154635672189,-79.86926532418977,1.0,0.0,0.0
950000,4,4,4,510.0,-2.077166699999999,-79.8731173,1.0,0.0,0.0
313000,11,10,2,356.0,-2.147793405558578,-79.8969287635681,1.0,0.0,0.0
215000,4,4,2,225.0,-2.1830914,-79.9914225,1.0,0.0,0.0
345000,3,3,2,214.0,-2.0425739,-79.8631914,1.0,0.0,0.0
330000,4,4,2,402.0,-2.1877874,-79.96369969999999,1.0,0.0,0.0
470000,3,3,2,620.0,-2.099993010469999,-79.8630580207,1.0,0.0,0.0
145000,3,2,1,179.0,-2.2001198,-80.0580111,1.0,0.0,0.0
130000,5,3,1,190.0,-2.1462974,-79.90317759999999,1.0,0.0,0.0
1600000,5,8,1,1342.0,-2.0929125,-79.8734219,1.0,0.0,0.0
1200000,4,4,7,795.0,-2.1891341,-79.8899031,1.0,0.0,0.0
320000,5,4,2,450.0,-2.1478685,-79.8929407,1.0,0.0,0.0
620000,4,4,2,507.0,-2.117925190024501,-79.86943292822265,1.0,0.0,0.0
660000,4,6,2,911.0,-2.149849504417151,-79.8625672198517,1.0,0.0,0.0
170000,3,3,2,440.0,-2.006107314478365,-79.96459612785935,1.0,0.0,0.0
610000,4,4,2,480.0,-2.1043031,-79.8604831,1.0,0.0,0.0
290000,5,4,1,200.0,-2.1498332,-79.8891817,1.0,0.0,0.0
289000,8,7,3,440.0,-2.1652008,-79.9214625,1.0,0.0,0.0
399990,4,4,2,380.0,-2.079888132029999,-79.8379488926,1.0,0.0,0.0
275000,3,3,2,229.0,-2.098663206135963,-79.8747387261017,1.0,0.0,0.0
408500,3,3,2,255.0,-2.06424435003,-79.871193901,1.0,0.0,0.0
405000,4,4,1,560.0,-2.134631199999999,-79.8675129,1.0,0.0,0.0
220000,3,3,1,300.0,-2.0530431,-79.8970025,1.0,0.0,0.0
89900,4,2,1,140.0,-2.142893318707948,-79.91491414555145,1.0,0.0,0.0
180000,3,3,1,320.0,-2.182784146879702,-79.96939715333355,1.0,0.0,0.0
168960,3,4,2,180.0,-2.20849088817,-80.071260637,1.0,0.0,0.0
360000,4,6,3,456.0,-2.166928799999999,-79.9461072,1.0,0.0,0.0
328000,3,4,2,230.0,-2.079483246844988,-79.83750042456131,1.0,0.0,0.0
65000,3,2,2,132.0,-2.171587699999999,-79.9030729,1.0,0.0,0.0
470000,10,10,2,634.0,-2.165688739076359,-79.92047433124165,1.0,0.0,0.0
128000,3,2,2,160.0,-2.16284325108693,-79.94313754391904,1.0,0.0,0.0
135000,3,3,2,122.0,-2.0506228,-79.87473609999999,1.0,0.0,0.0
154900,3,3,1,180.0,-2.0715709,-79.8422792,1.0,0.0,0.0
380000,3,3,2,315.0,-2.122571498219409,-79.86441939687677,1.0,0.0,0.0
75000,4,2,1,156.0,-2.127720614559999,-79.890074719,1.0,0.0,0.0
414000,5,6,2,700.0,-2.1541792,-79.8657755,1.0,0.0,0.0
70000,3,2,2,88.0,-2.0961166,-79.9518543,1.0,0.0,0.0
429990,4,5,4,255.0,-2.0644578,-79.8717859312,1.0,0.0,0.0
160000,4,4,4,341.0,-2.2219564,-79.90501549999999,1.0,0.0,0.0
105000,3,3,1,144.0,-2.1378012,-79.9271675,1.0,0.0,0.0
170000,8,8,3,430.0,-2.241430201169466,-79.89799259160156,1.0,0.0,0.0
780000,4,4,2,560.0,-2.094523880404144,-79.85796201211882,1.0,0.0,0.0
470000,5,5,2,318.0,-2.129912963399125,-79.86985476770631,1.0,0.0,0.0
800000,4,4,3,670.0,-2.185824820606865,-79.99110402963868,1.0,0.0,0.0
365000,4,4,2,275.0,-2.0793306,-79.8382493,1.0,0.0,0.0
240000,3,3,2,184.0,-2.0741366,-79.8670224,1.0,0.0,0.0
185000,3,4,2,220.0,-2.0605016,-79.9045771,1.0,0.0,0.0
240000,4,4,2,254.0,-2.0715709,-79.8422792,1.0,0.0,0.0
149500,4,2,2,160.0,-2.145887762203024,-79.89010437990112,1.0,0.0,0.0
1150000,5,5,2,710.0,-2.104252800613464,-79.86081373988667,1.0,0.0,0.0
579900,3,4,2,480.0,-2.1891341,-79.8899031,1.0,0.0,0.0
173000,3,4,2,219.0,-2.244584613246015,-79.92438710404457,1.0,0.0,0.0
265000,5,4,2,426.0,-2.0648687,-79.8904929,1.0,0.0,0.0
260000,3,3,2,207.0,-2.052014195815059,-79.85176862078416,1.0,0.0,0.0
270000,3,2,2,300.0,-2.191491772180838,-79.96635360629321,1.0,0.0,0.0
168000,3,3,2,144.0,-2.1860134,-80.04999959999999,1.0,0.0,0.0
175000,4,3,2,184.0,-2.1891341,-79.8899031,1.0,0.0,0.0
550000,4,4,2,537.0,-2.0907078,-79.87308800000001,1.0,0.0,0.0
62000,3,2,1,72.0,-2.0252002,-79.9443051,1.0,0.0,0.0
153000,6,4,1,476.0,-2.183741652014601,-79.915976176035,1.0,0.0,0.0
156000,3,4,2,233.0,-2.203733399999999,-80.0608297,1.0,0.0,0.0
66000,3,2,1,142.0,-2.0817392,-79.9206694,1.0,0.0,0.0
430000,3,1,2,514.0,-2.1891341,-79.8899031,1.0,0.0,0.0
150000,3,2,2,128.0,-2.0439765,-79.88196429999999,1.0,0.0,0.0
109000,7,6,1,421.0,-2.1197352,-79.90631619999999,1.0,0.0,0.0
299999,10,10,2,450.0,-2.16998393977175,-79.89669515368958,1.0,0.0,0.0
280000,3,5,1,240.0,-2.1850281,-79.99856199999999,1.0,0.0,0.0
369000,5,6,2,278.0,-2.1891341,-79.8899031,1.0,0.0,0.0
319900,4,5,2,392.0,-2.1891341,-79.8899031,1.0,0.0,0.0
320000,4,5,3,457.0,-2.209055939822656,-79.9065851867697,1.0,0.0,0.0
78300,3,2,2,93.0,-2.230579812992638,-80.06589174270631,1.0,0.0,0.0
450000,3,3,2,301.0,-2.0659632,-79.8479874,1.0,0.0,0.0
748990,4,4,2,476.0,-2.0772422,-79.8732926233,1.0,0.0,0.0
380000,12,10,4,800.0,-2.169691110656324,-79.90756857236225,1.0,0.0,0.0
490000,4,4,2,463.0,-2.0743189,-79.8748615,1.0,0.0,0.0
189000,3,2,2,180.0,-2.183460242684346,-79.9668344953125,1.0,0.0,0.0
172000,3,2,1,258.0,-2.1884348,-80.0272593,1.0,0.0,0.0
191000,3,2,2,200.0,-2.1833741,-79.9846023,1.0,0.0,0.0
880000,7,7,4,2500.0,-2.134123,-79.8635425,1.0,0.0,0.0
52000,3,2,1,72.0,-2.0946678,-79.92024719999999,1.0,0.0,0.0
500000,3,4,4,554.0,-2.0928934,-79.87098370000001,1.0,0.0,0.0
138000,4,3,2,190.0,-2.1111844,-79.89618,1.0,0.0,0.0
90000,2,2,1,120.0,-2.0397423,-79.91889750000001,1.0,0.0,0.0
430000,3,3,2,239.0,-2.1891341,-79.8899031,1.0,0.0,0.0
820000,5,6,2,570.0,-2.1891341,-79.8899031,1.0,0.0,0.0
220000,3,3,2,261.0,-2.178287527251668,-79.98415839891551,1.0,0.0,0.0
155000,4,5,2,150.0,-2.045018580500688,-79.86898848042604,1.0,0.0,0.0
105000,3,2,1,118.0,-2.027243407024504,-79.86840536347655,1.0,0.0,0.0
280000,6,4,3,262.0,-2.158615763759038,-79.89503289728984,1.0,0.0,0.0
320000,4,4,1,317.0,-2.0870969,-79.8728283,1.0,0.0,0.0
365000,4,4,2,321.0,-2.0851946,-79.8728636,1.0,0.0,0.0
450000,7,9,2,600.0,-2.190100453542128,-79.96419150632936,1.0,0.0,0.0
1231815,4,4,2,660.0,-2.07632731711128,-79.87580326663625,1.0,0.0,0.0
284000,3,3,2,210.0,-2.0761067,-79.837738,1.0,0.0,0.0
79000,3,3,2,105.0,-2.090719117521893,-79.91324959351238,1.0,0.0,0.0
130000,3,3,2,200.0,-2.1124809,-79.8965493,1.0,0.0,0.0
114000,4,4,2,206.0,-2.2130188,-79.896059,1.0,0.0,0.0
259000,4,5,1,277.0,-2.192116,-79.9668308,1.0,0.0,0.0
216400,3,3,1,180.0,-2.1908521,-80.0340942,1.0,0.0,0.0
320000,4,3,2,400.0,-2.180447019521727,-79.98358652275391,1.0,0.0,0.0
155000,3,3,2,180.0,-2.0746982,-79.8574352,1.0,0.0,0.0
84999,4,3,2,120.0,-2.064998533163115,-79.91986227677025,1.0,0.0,0.0
390000,5,6,3,376.0,-2.144032766853217,-79.85135368436231,1.0,0.0,0.0
69500,6,6,1,194.0,-2.0854802,-79.9191937,1.0,0.0,0.0
284000,4,4,4,244.0,-2.0793306,-79.8382493,1.0,0.0,0.0
240000,4,4,2,546.0,-2.1666402,-79.94511349999999,1.0,0.0,0.0
118000,3,3,2,120.0,-2.011208746371221,-79.86606004166411,1.0,0.0,0.0
360000,5,5,3,972.0,-2.1666402,-79.94511349999999,1.0,0.0,0.0
255000,3,2,2,189.0,-2.1884348,-80.0272593,1.0,0.0,0.0
280000,3,3,2,464.0,-2.16785550856952,-79.94503289888125,1.0,0.0,0.0
648990,4,4,2,745.0,-2.146284298939999,-79.8599782508,1.0,0.0,0.0
410000,5,5,2,274.0,-2.077131150525923,-79.87210860952369,1.0,0.0,0.0
399990,4,4,2,311.0,-2.099215314179999,-79.8632669888,1.0,0.0,0.0
98000,3,2,1,210.0,-2.1715877,-79.9030729,1.0,0.0,0.0
660000,3,3,2,550.0,-2.09931810087,-79.8633236159,1.0,0.0,0.0
600000,9,9,3,520.0,-2.1478685,-79.8929407,1.0,0.0,0.0
180000,7,4,1,339.0,-2.119545690168512,-79.88329188062524,1.0,0.0,0.0
680000,4,5,3,528.0,-2.082541584627076,-79.87232480450744,1.0,0.0,0.0
320000,3,3,3,253.0,-2.079394930628512,-79.84023949908907,1.0,0.0,0.0
380000,5,4,2,479.0,-2.1863066,-79.9652625,1.0,0.0,0.0
600000,3,5,2,351.0,-2.1835726,-79.9886512,1.0,0.0,0.0
395000,2,2,2,800.0,-2.17316559909956,-79.90442249741531,1.0,0.0,0.0
648000,5,5,4,1200.0,-2.190100453542128,-79.96419150632936,1.0,0.0,0.0
170000,4,5,1,165.0,-2.221876,-79.8898816,1.0,0.0,0.0
450000,5,5,4,500.0,-2.1410855244891,-79.88758439584936,1.0,0.0,0.0
350000,4,4,3,647.0,-2.169470585175838,-79.94401915872191,1.0,0.0,0.0
145000,3,3,2,149.0,-2.1507652,-79.8990551,1.0,0.0,0.0
180000,3,3,2,261.0,-2.1666402,-79.94511349999999,1.0,0.0,0.0
154000,3,3,2,180.0,-2.201807,-80.0693424,1.0,0.0,0.0
250000,3,3,6,1400.0,-2.0059491,-79.9642126,1.0,0.0,0.0
88000,3,2,2,135.0,-2.209948925352119,-80.06954402324217,1.0,0.0,0.0
670000,5,5,3,510.0,-2.1538716,-79.8657097,1.0,0.0,0.0
355000,3,3,2,375.0,-2.1891341,-79.8899031,1.0,0.0,0.0
790000,3,3,2,450.0,-2.0771667,-79.87311729999999,1.0,0.0,0.0
199990,6,4,4,597.0,-2.168959720318893,-79.93793964385988,1.0,0.0,0.0
80000,3,3,1,93.0,-2.0646512,-79.8926809,1.0,0.0,0.0
185000,4,4,2,155.0,-2.036929992760293,-79.86855933692932,1.0,0.0,0.0
300000,4,4,2,224.0,-2.080045562424568,-79.83628323970221,1.0,0.0,0.0
1600000,4,4,4,1450.0,-2.1077409,-79.8723224,1.0,0.0,0.0
424900,4,5,2,255.0,-2.063307194415256,-79.8686170892578,1.0,0.0,0.0
81690,3,2,2,128.0,-2.026674129510397,-79.87296658864136,1.0,0.0,0.0
720000,4,5,2,560.0,-2.1043031,-79.8604831,1.0,0.0,0.0
350000,4,4,4,330.0,-2.1067305,-79.8723857,1.0,0.0,0.0
415000,4,4,2,301.0,-2.069172270702206,-79.84758613145372,1.0,0.0,0.0
178000,3,3,1,148.0,-2.0439765,-79.88196429999999,1.0,0.0,0.0
80000,3,2,2,176.0,-2.113898799999999,-79.899003,1.0,0.0,0.0
850000,3,3,1,544.0,-2.107493987572502,-79.86104347213653,1.0,0.0,0.0
850000,5,6,3,1500.0,-2.0396748,-79.8473739,1.0,0.0,0.0
75000,4,3,1,163.0,-2.2438091,-79.9066763,1.0,0.0,0.0
825000,4,5,2,560.0,-2.104252800613464,-79.86081373988667,1.0,0.0,0.0
562000,6,7,2,782.0,-2.076915968177677,-79.8750921917877,1.0,0.0,0.0
790000,4,4,2,464.0,-2.075796462183973,-79.87261044340823,1.0,0.0,0.0
910000,4,4,2,528.0,-2.1043031,-79.8604831,1.0,0.0,0.0
169000,3,3,1,165.0,-2.0373147,-79.8690022,1.0,0.0,0.0
275000,3,3,1,230.0,-2.0715709,-79.8422792,1.0,0.0,0.0
198000,3,3,1,208.0,-2.0715709,-79.8422792,1.0,0.0,0.0
750000,3,3,2,561.0,-2.1025188,-79.8679828,1.0,0.0,0.0
450000,3,3,2,450.0,-2.0987892,-79.8640357,1.0,0.0,0.0
1300000,4,4,2,700.0,-2.066926832232086,-79.86426738210756,1.0,0.0,0.0
74090,3,2,1,72.0,-2.062809176722062,-79.96179218647461,1.0,0.0,0.0
205000,4,5,2,202.0,-2.184709014082069,-79.96596678480927,1.0,0.0,0.0
239000,3,2,2,288.0,-2.188299011105297,-80.00816770793455,1.0,0.0,0.0
370000,12,6,2,647.0,-2.1620979,-79.9116519,1.0,0.0,0.0
75000,3,3,1,60.0,-2.080376,-79.91794139999999,1.0,0.0,0.0
83000,4,3,1,89.0,-2.0622399,-79.8924713,1.0,0.0,0.0
399000,5,7,3,500.0,-2.1891341,-79.8899031,1.0,0.0,0.0
385000,3,3,2,232.0,-2.123451439796392,-79.86366656728822,1.0,0.0,0.0
130000,3,2,1,194.0,-2.233508900000011,-79.89079541901854,1.0,0.0,0.0
195000,5,5,3,252.0,-2.168011299999999,-79.8933807,1.0,0.0,0.0
560000,4,4,2,770.0,-2.168924959765389,-79.90899743643506,1.0,0.0,0.0
1100000,5,6,2,550.0,-2.0772422,-79.8735072,1.0,0.0,0.0
90000,5,5,2,5000.0,-2.0590834,-79.9085819,1.0,0.0,0.0
179999,3,2,2,180.0,-2.06715350225,-79.8419787926,1.0,0.0,0.0
105000,3,3,1,153.0,-2.1931661,-79.9430537,1.0,0.0,0.0
240000,4,5,2,200.0,-2.1073055,-79.872252,1.0,0.0,0.0
180000,3,2,2,180.0,-2.0715709,-79.8422792,1.0,0.0,0.0
399990,3,3,2,553.0,-2.0681551,-79.8419207,1.0,0.0,0.0
355000,3,3,2,375.0,-2.088043,-79.8681837,1.0,0.0,0.0
260000,3,4,2,425.0,-2.079070267790196,-79.83788279802253,1.0,0.0,0.0
700000,3,3,2,450.0,-2.0771667,-79.87311729999999,1.0,0.0,0.0
285000,4,4,2,226.0,-2.0793306,-79.8382493,1.0,0.0,0.0
480000,4,4,1,600.0,-2.1856104,-79.9899024,1.0,0.0,0.0
300000,4,4,1,253.0,-2.161217895022307,-79.89812266262214,1.0,0.0,0.0
695000,3,3,2,450.0,-2.0772422,-79.8735072,1.0,0.0,0.0
199000,4,4,4,690.0,-2.219988610967537,-79.89270110044706,1.0,0.0,0.0
105000,3,3,1,150.0,-2.0621958,-79.9189521,1.0,0.0,0.0
120000,3,2,2,180.0,-2.1374756,-79.9092441,1.0,0.0,0.0
220000,3,3,2,236.0,-2.190005517978492,-80.0009498150877,1.0,0.0,0.0
650000,4,4,2,764.0,-2.1863066,-79.9652625,1.0,0.0,0.0
300000,4,4,2,466.0,-2.1666402,-79.94511349999999,1.0,0.0,0.0
199800,5,4,1,135.0,-2.1715877,-79.9030729,1.0,0.0,0.0
200000,3,2,2,200.0,-2.185737,-79.9691573,1.0,0.0,0.0
519500,4,5,2,457.0,-2.1332819,-79.8660992,1.0,0.0,0.0
180000,3,3,2,144.0,-2.1864777,-80.0004992,1.0,0.0,0.0
370000,4,4,2,354.0,-2.097885371088195,-79.8736246055091,1.0,0.0,0.0
55000,4,2,1,108.0,-2.093112780197086,-79.91688627242165,1.0,0.0,0.0
340000,3,3,2,310.0,-2.099503847239999,-79.8630380945,1.0,0.0,0.0
650000,4,4,2,450.0,-2.1043031,-79.8604831,1.0,0.0,0.0
452000,4,4,2,260.0,-2.09924249615,-79.8630580207,1.0,0.0,0.0
340000,4,4,2,347.0,-2.1884348,-80.0272593,1.0,0.0,0.0
295160,3,3,2,207.0,-2.0737992,-79.8316253,1.0,0.0,0.0
190000,3,3,1,120.0,-2.1560322,-79.9115741,1.0,0.0,0.0
82000,3,2,1,84.0,-2.1190862,-79.9384489,1.0,0.0,0.0
190000,4,3,1,232.0,-2.1478685,-79.8929407,1.0,0.0,0.0
295000,5,5,2,348.0,-2.163868717620965,-79.90857608118047,1.0,0.0,0.0
270000,4,4,1,342.0,-2.162672,-79.9312167,1.0,0.0,0.0
285000,4,3,1,288.0,-2.186415138280977,-79.97919731343569,1.0,0.0,0.0
210000,3,4,2,285.0,-2.164206493365055,-79.94090779626464,1.0,0.0,0.0
450000,4,4,2,700.0,-2.1545699,-79.8659089,1.0,0.0,0.0
180000,3,2,2,176.0,-2.202978550254519,-80.0680015891632,1.0,0.0,0.0
259000,3,3,2,277.0,-2.1884348,-80.0272593,1.0,0.0,0.0
459000,4,4,2,367.0,-2.1043031,-79.8604831,1.0,0.0,0.0
168000,6,5,1,784.0,-2.161993822998648,-79.9066837237241,1.0,0.0,0.0
388000,4,4,2,332.0,-2.065262337286455,-79.87291965853593,1.0,0.0,0.0
58000,3,2,2,134.0,-2.171587699999999,-79.9030729,1.0,0.0,0.0
259000,4,3,2,260.0,-2.1271353,-79.8633972,1.0,0.0,0.0
459990,3,3,2,360.0,-2.1045389752,-79.8604401847,1.0,0.0,0.0
200000,3,3,2,250.0,-2.1666402,-79.94511349999999,1.0,0.0,0.0
173000,3,3,2,197.0,-2.186274085060504,-79.99996648521117,1.0,0.0,0.0
390000,4,4,2,535.0,-2.1255153,-79.86958369999999,1.0,0.0,0.0
650000,4,4,1,1077.0,-2.13795143888,-79.8633734777,1.0,0.0,0.0
95000,3,3,1,69.0,-2.055881940805641,-79.8809223761782,1.0,0.0,0.0
407000,3,3,2,255.0,-2.06253,-79.86979989999999,1.0,0.0,0.0
142888,4,4,1,149.0,-2.045018580500688,-79.86898848042604,1.0,0.0,0.0
343000,4,5,2,297.0,-2.090998210912313,-79.87353662372469,1.0,0.0,0.0
125000,3,4,2,145.0,-2.043671385241505,-79.87043105183716,1.0,0.0,0.0
38000,2,1,1,96.0,-2.048815908873368,-79.95121842813657,1.0,0.0,0.0
179000,3,4,1,129.0,-2.189549784721617,-79.99940724158934,1.0,0.0,0.0
260000,3,3,2,225.0,-2.078644406466179,-79.83790597724611,1.0,0.0,0.0
145000,4,3,4,199.0,-2.111573,-79.9082905,1.0,0.0,0.0
98000,7,6,1,87.0,-2.129365,-79.90317759999999,1.0,0.0,0.0
280000,3,3,2,200.0,-2.1891341,-79.8899031,1.0,0.0,0.0
215000,4,3,2,252.0,-2.1891341,-79.8899031,1.0,0.0,0.0
225000,8,8,5,846.0,-2.166200806073626,-79.94237973469721,1.0,0.0,0.0
290000,4,5,6,926.0,-2.1638839,-79.9278817,1.0,0.0,0.0
234000,4,3,3,300.0,-2.1896713,-80.00842519999999,1.0,0.0,0.0
980000,4,4,4,798.0,-2.0978785,-79.8757912,1.0,0.0,0.0
680000,3,3,2,580.0,-2.08549137334,-79.8735695757,1.0,0.0,0.0
109000,3,2,3,98.0,-2.05699964304133,-79.90748178738953,1.0,0.0,0.0
145000,3,4,2,198.0,-2.2043106,-80.0673596,1.0,0.0,0.0
465000,4,4,2,650.0,-2.16827758079142,-79.89726665991058,1.0,0.0,0.0
380000,3,3,2,360.0,-2.1891341,-79.8899031,1.0,0.0,0.0
320000,3,3,2,300.0,-2.1312469,-79.86783369999999,1.0,0.0,0.0
330000,3,5,1,265.0,-2.0396748,-79.8473739,1.0,0.0,0.0
350000,3,3,2,360.0,-2.184334973667674,-79.98909653763565,1.0,0.0,0.0
325000,3,3,3,250.0,-2.1170338,-79.8714701,1.0,0.0,0.0
230000,5,3,3,400.0,-2.1748879,-79.9083804,1.0,0.0,0.0
60000,3,2,1,96.0,-2.0817392,-79.9206694,1.0,0.0,0.0
145000,3,4,2,180.0,-2.2021226,-80.0647523,1.0,0.0,0.0
120000,3,2,2,120.0,-2.134481670154389,-79.92684113059217,1.0,0.0,0.0
73000,3,3,1,162.0,-2.247564000000001,-79.892338,1.0,0.0,0.0
129000,4,3,4,220.0,-2.164386731453503,-79.91546492488402,1.0,0.0,0.0
410000,5,5,4,1531.0,-2.221534144548576,-79.89294355572189,1.0,0.0,0.0
409000,4,7,4,850.0,-2.221534144548576,-79.89294355572189,1.0,0.0,0.0
885000,5,5,2,510.0,-2.077184933876407,-79.87299668216504,1.0,0.0,0.0
88000,4,3,2,100.0,-2.0145451,-79.9259385,1.0,0.0,0.0
800000,3,4,4,1143.0,-2.185824820606865,-79.99110402963868,1.0,0.0,0.0
750000,3,6,4,820.0,-2.1863066,-79.9652625,1.0,0.0,0.0
265000,3,3,2,256.0,-2.0425739,-79.8631914,1.0,0.0,0.0
560000,3,3,1,373.0,-2.187312546974478,-79.8949637058655,1.0,0.0,0.0
190000,3,2,2,243.0,-2.1627096,-79.94172789999999,1.0,0.0,0.0
210000,3,3,1,175.0,-2.162672,-79.9312167,1.0,0.0,0.0
799000,4,5,2,714.0,-2.119375835785515,-79.86538235131223,1.0,0.0,0.0
500000,4,5,2,500.0,-2.171045268266024,-79.94293265290422,1.0,0.0,0.0
684990,4,4,2,407.0,-2.09895799489,-79.8618078671,1.0,0.0,0.0
50000,3,1,1,147.0,-2.0569621,-79.9560873,1.0,0.0,0.0
490000,3,4,2,649.0,-2.157443964163368,-79.90097995060404,1.0,0.0,0.0
680000,5,5,2,764.0,-2.188118526799831,-79.96781373649048,1.0,0.0,0.0
220000,3,2,2,232.0,-2.1332819,-79.8660992,1.0,0.0,0.0
70000,7,5,1,180.0,-2.2491232,-79.88638229999998,1.0,0.0,0.0
160000,3,3,2,477.0,-2.1826756,-79.9147059,1.0,0.0,0.0
260000,4,5,3,218.0,-2.1628579,-79.94731300000001,1.0,0.0,0.0
130000,4,4,2,122.0,-2.0974451,-79.8917509,1.0,0.0,0.0
130000,4,3,2,222.0,-2.171587699999999,-79.9030729,1.0,0.0,0.0
140000,3,2,1,181.0,-2.201378,-80.06030279999999,1.0,0.0,0.0
310000,4,4,2,405.0,-2.1863066,-79.9652625,1.0,0.0,0.0
180000,12,6,1,200.0,-2.203953,-79.8959694,1.0,0.0,0.0
390000,3,3,2,640.0,-2.1891341,-79.8899031,1.0,0.0,0.0
200000,5,6,2,240.0,-2.224619982253815,-79.89578027639618,1.0,0.0,0.0
174900,4,4,2,250.0,-2.176758107046603,-79.9048898460327,1.0,0.0,0.0
140000,4,3,1,200.0,-2.1138988,-79.899003,1.0,0.0,0.0
66000,3,2,1,72.0,-2.080949605730492,-79.91670461586914,1.0,0.0,0.0
70000,2,2,1,130.0,-2.1265013,-79.8985254,1.0,0.0,0.0
185000,3,2,2,260.0,-2.1863066,-79.9652625,1.0,0.0,0.0
476000,4,4,2,580.0,-2.116154635672189,-79.86926532418977,1.0,0.0,0.0
128000,3,3,1,153.0,-2.1748879,-79.9083804,1.0,0.0,0.0
195000,4,4,1,293.0,-2.1641252,-79.9118255,1.0,0.0,0.0
205000,11,8,1,185.0,-2.120707378357403,-79.90689632747801,1.0,0.0,0.0
350000,5,6,1,362.0,-2.1691909,-79.9101713,1.0,0.0,0.0
110000,3,4,2,132.0,-2.043788600000001,-79.87107590000001,1.0,0.0,0.0
400000,4,3,2,415.0,-2.1618057,-79.90950819999999,1.0,0.0,0.0
75000,6,3,1,330.0,-2.2498976,-79.8957712,1.0,0.0,0.0
160000,3,3,3,153.0,-2.0644072,-79.9251413,1.0,0.0,0.0
520000,3,4,3,477.0,-2.086040398815973,-79.86650168871614,1.0,0.0,0.0
200000,3,3,1,182.0,-2.0715709,-79.8422792,1.0,0.0,0.0
163000,5,4,2,260.0,-2.1374756,-79.9092441,1.0,0.0,0.0
135000,3,3,1,152.0,-2.1884348,-80.0272593,1.0,0.0,0.0
240000,4,4,2,300.0,-2.072983479300443,-79.856575122229,1.0,0.0,0.0
315000,5,4,2,377.0,-2.1666402,-79.94511349999999,1.0,0.0,0.0
920000,4,6,3,1200.0,-2.1411698,-79.8597831,1.0,0.0,0.0
540000,4,4,2,570.0,-2.0907999,-79.87306769999998,1.0,0.0,0.0
340000,5,7,2,581.0,-2.1740229959325,-79.94176347763168,1.0,0.0,0.0
495000,4,4,2,376.0,-2.0659632,-79.8479874,1.0,0.0,0.0
169000,3,4,4,166.0,-2.037172912216416,-79.86857451306837,1.0,0.0,0.0
275000,4,4,2,250.0,-2.13519,-79.8674143,1.0,0.0,0.0
226500,3,3,1,180.0,-2.1921522,-80.0465092,1.0,0.0,0.0
430000,4,4,2,659.0,-2.1671394,-79.9437532,1.0,0.0,0.0
320000,4,4,2,312.0,-2.0868532,-79.8709837,1.0,0.0,0.0
1200000,4,5,2,900.0,-2.1025188,-79.8679828,1.0,0.0,0.0
580000,4,4,3,500.0,-2.0844192,-79.8681837,1.0,0.0,0.0
95000,3,3,2,101.0,-2.043867260811246,-79.88290334705198,1.0,0.0,0.0
258000,3,2,2,326.0,-2.184495793825831,-79.99586142917475,1.0,0.0,0.0
975000,4,7,2,805.0,-2.102759188699068,-79.86717789370117,1.0,0.0,0.0
1300000,5,6,4,670.0,-2.097620521644886,-79.8643468284506,1.0,0.0,0.0
420000,4,3,1,556.0,-2.185425591556739,-79.98720546595304,1.0,0.0,0.0
67000,3,1,2,83.0,-2.2328393,-80.0706305,1.0,0.0,0.0
270000,6,5,2,670.0,-2.1683217,-79.9395566,1.0,0.0,0.0
667500,5,5,2,454.0,-2.083754452159999,-79.869685737,1.0,0.0,0.0
220000,3,3,2,213.0,-2.0715709,-79.8422792,1.0,0.0,0.0
285000,3,4,2,267.0,-2.1831221,-79.9965118,1.0,0.0,0.0
345000,3,3,3,200.0,-2.1520073,-79.9430537,1.0,0.0,0.0
890000,8,6,3,890.0,-2.166856,-79.9026037,1.0,0.0,0.0
489000,4,4,2,350.0,-2.123451439796392,-79.86366656728822,1.0,0.0,0.0
320000,4,5,2,337.0,-2.1731919,-79.9437532,1.0,0.0,0.0
328000,3,3,1,253.0,-2.0681551,-79.8419207,1.0,0.0,0.0
330000,3,3,2,300.0,-2.132620409439571,-79.86323097811581,1.0,0.0,0.0
850000,4,5,4,800.0,-2.094523880404144,-79.85796201211882,1.0,0.0,0.0
202000,3,4,2,366.0,-2.074992413535177,-79.85868243409938,1.0,0.0,0.0
579500,5,5,2,590.0,-2.075444604499999,-79.8738019064,1.0,0.0,0.0
280900,4,5,3,270.0,-2.079566478959999,-79.8379918079,1.0,0.0,0.0
580000,3,3,2,591.0,-2.090757658507079,-79.87374387646662,1.0,0.0,0.0
580000,3,3,2,483.0,-2.1025188,-79.8679828,1.0,0.0,0.0
230000,3,2,1,218.0,-2.0715709,-79.8422792,1.0,0.0,0.0
182000,3,3,1,144.0,-2.1884348,-80.0272593,1.0,0.0,0.0
349000,3,3,1,320.0,-2.088043,-79.8681837,1.0,0.0,0.0
649000,4,4,2,544.0,-2.1090227,-79.8609302,1.0,0.0,0.0
439500,4,5,2,255.0,-2.189134099999999,-79.8899031,1.0,0.0,0.0
239000,4,3,4,453.0,-0.963486617634493,-80.76628502648407,0.0,1.0,0.0
145000,3,3,2,133.0,-0.9735743,-80.6968371,0.0,1.0,0.0
163990,3,3,3,151.0,-0.9966422,-80.7334323,0.0,1.0,0.0
265000,5,5,2,380.0,-0.9566149,-80.7657543,0.0,1.0,0.0
325000,12,10,4,1094.0,-0.9682791,-80.70099619999999,0.0,1.0,0.0
270000,3,4,3,441.0,-0.9438615,-80.72888990000001,0.0,1.0,0.0
155000,7,8,2,205.0,-0.9497117,-80.7013427,0.0,1.0,0.0
380000,5,7,4,400.0,-0.9423049,-80.7410161,0.0,1.0,0.0
163990,3,3,2,150.0,-0.9423049,-80.7410161,0.0,1.0,0.0
55000,2,2,2,97.0,-0.9612438,-80.7279193,0.0,1.0,0.0
75000,2,2,1,95.0,-0.9537539,-80.7337258,0.0,1.0,0.0
80000,3,1,2,114.0,-0.9673101,-80.6695594,0.0,1.0,0.0
135000,4,4,3,191.0,-0.9822409,-80.688633,0.0,1.0,0.0
70500,3,2,1,144.0,-0.969687395670607,-80.69162309682008,0.0,1.0,0.0
169000,5,5,2,300.0,-0.9512165,-80.7353453,0.0,1.0,0.0
86000,3,2,2,154.0,-0.973082699999999,-80.6883082,0.0,1.0,0.0
69900,3,2,1,100.0,-0.986226999999999,-80.71592849999999,0.0,1.0,0.0
204900,5,4,2,364.0,-0.956321399999999,-80.7477708,0.0,1.0,0.0
228000,5,4,2,378.0,-0.9676533,-80.7089101,0.0,1.0,0.0
225000,6,3,3,350.0,-0.9492404,-80.7449997,0.0,1.0,0.0
62000,4,3,1,152.0,-0.959049,-80.702168,0.0,1.0,0.0
125000,4,4,3,400.0,-0.95628649390798,-80.70548057556154,0.0,1.0,0.0
320000,4,5,1,462.0,-0.955146101198351,-80.76904756827547,0.0,1.0,0.0
350000,3,3,2,284.0,-0.954431093453188,-80.77324796540779,0.0,1.0,0.0
139900,3,3,2,198.0,-0.961827161436611,-80.75771927833559,0.0,1.0,0.0
410000,4,4,3,400.0,-0.9308841,-80.6619966,0.0,1.0,0.0
237000,4,3,2,242.0,-0.957111099999999,-80.7677722,0.0,1.0,0.0
650000,5,5,2,475.0,-0.9549137,-80.7616861,0.0,1.0,0.0
360000,3,3,4,300.0,-0.953059907824757,-80.77510498031765,0.0,1.0,0.0
118000,6,4,1,119.0,-0.9774079,-80.7093913,0.0,1.0,0.0
565000,5,5,4,411.0,-0.949120643244498,-80.7703471454384,0.0,1.0,0.0
140000,8,9,3,270.0,-0.9730292,-80.69592,0.0,1.0,0.0
429990,3,3,4,409.0,-0.952171299999999,-80.76935519999999,0.0,1.0,0.0
104500,3,2,3,152.0,-0.9676533,-80.7089101,0.0,1.0,0.0
114990,4,4,2,180.0,-0.963087999999999,-80.753395,0.0,1.0,0.0
149900,5,5,3,297.0,-0.958662599280437,-80.75279474258424,0.0,1.0,0.0
86000,3,3,2,154.0,-0.9698678,-80.697262,0.0,1.0,0.0
259600,2,2,1,114.0,-0.9423049,-80.7410161,0.0,1.0,0.0
480000,4,4,3,442.0,-0.953756399999999,-80.7695962,0.0,1.0,0.0
460000,5,5,2,571.0,-0.950779391609389,-80.77169651534423,0.0,1.0,0.0
55000,2,2,2,210.0,-0.953511958726538,-80.71530543463746,0.0,1.0,0.0
106000,3,2,1,115.0,-0.9545398,-80.74292129999999,0.0,1.0,0.0
130000,3,3,2,200.0,-0.959083034666205,-80.76936943335726,0.0,1.0,0.0
179000,2,3,4,230.0,-0.946594,-80.7473721,0.0,1.0,0.0
195000,4,4,10,205.0,-0.9676533,-80.7089101,0.0,1.0,0.0
140000,8,4,3,250.0,-0.9536221,-80.7140694,0.0,1.0,0.0
100000,3,3,3,450.0,-0.9761817,-80.6857414,0.0,1.0,0.0
68000,3,2,1,79.0,-0.9605477,-80.7027139,0.0,1.0,0.0
105000,3,2,3,240.0,-0.9468321,-80.7221784,0.0,1.0,0.0
115000,3,3,3,200.0,-0.9609289,-80.7480179,0.0,1.0,0.0
160000,3,3,4,170.0,-0.9650297,-80.6985701,0.0,1.0,0.0
220000,6,5,8,251.0,-0.9619007,-80.7101155,0.0,1.0,0.0
170000,4,4,1,300.0,-0.9679246,-80.6919463,0.0,1.0,0.0
244000,4,3,3,222.0,-0.944752,-80.7524791,0.0,1.0,0.0
850000,4,5,2,937.0,-0.9521713,-80.76935519999999,0.0,1.0,0.0
90000,4,4,2,160.0,-0.969707,-80.6903767,0.0,1.0,0.0
30000,2,2,2,49.0,-0.9673101,-80.6695594,0.0,1.0,0.0
292000,5,6,3,380.0,-0.9513829,-80.7376921,0.0,1.0,0.0
170000,7,5,2,230.0,-0.9676533,-80.7089101,0.0,1.0,0.0
350000,10,9,1,356.0,-0.9448322,-80.7346683,0.0,1.0,0.0
98000,4,3,2,200.0,-0.9859363,-80.7160863,0.0,1.0,0.0
450000,5,7,3,1200.0,-0.9676533,-80.7089101,0.0,1.0,0.0
72900,3,2,2,76.0,-0.9644071,-80.7056201,0.0,1.0,0.0
280000,5,5,4,703.0,-0.9670087,-80.72260659999999,0.0,1.0,0.0
160000,3,3,1,240.0,-0.952124952252098,-80.74613772746623,0.0,1.0,0.0
70000,3,3,4,160.0,-0.9702802,-80.6784655,0.0,1.0,0.0
185000,2,2,1,244.0,-0.9531693,-80.7190403,0.0,1.0,0.0
338000,3,3,2,408.0,-0.959083034666205,-80.76936943335726,0.0,1.0,0.0
39000,3,1,1,105.0,-1.0131591,-80.6830473,0.0,1.0,0.0
455000,3,4,8,614.0,-0.9537539,-80.7337258,0.0,1.0,0.0
87000,3,2,2,102.0,-0.9533774,-80.6994932,0.0,1.0,0.0
115000,3,2,1,125.0,-0.9676533,-80.70891010000003,0.0,1.0,0.0
160000,4,3,2,500.0,-0.9546446,-80.6732652,0.0,1.0,0.0
147000,3,2,1,311.0,-0.9609289,-80.7480179,0.0,1.0,0.0
150000,12,8,1,196.0,-0.97424911049393,-80.70519044884281,0.0,1.0,0.0
159000,2,2,2,240.0,-0.9554829984346,-80.76069113121338,0.0,1.0,0.0
108000,3,2,2,120.0,-0.965281358135159,-80.76707482337953,0.0,1.0,0.0
635000,6,6,5,1271.0,-0.94881489227516,-80.7513999938965,0.0,1.0,0.0
110000,5,4,2,300.0,-0.950075433902588,-80.70273696137696,0.0,1.0,0.0
350000,3,3,3,250.0,-0.9510711,-80.77388549999999,0.0,1.0,0.0
75000,3,2,2,170.0,-0.9803906,-80.6857566,0.0,1.0,0.0
165000,3,3,1,180.0,-0.964531776939327,-80.75641789738035,0.0,1.0,0.0
120000,2,2,1,107.0,-0.947555633074161,-80.75138019754182,0.0,1.0,0.0
82000,3,2,2,105.0,-0.9525055,-80.741065,0.0,1.0,0.0
600000,5,6,3,522.0,-0.9534464,-80.7527925,0.0,1.0,0.0
28000,2,1,2,91.0,-1.002493714049092,-80.72423813425445,0.0,1.0,0.0
295000,4,4,2,319.0,-0.956789,-80.7576952,0.0,1.0,0.0
139440,3,3,3,200.0,-0.956888571666679,-80.75414603751211,0.0,1.0,0.0
335000,4,4,2,288.0,-0.955954399999999,-80.7716536,0.0,1.0,0.0
163000,4,4,2,500.0,-0.958924478637843,-80.67986704298096,0.0,1.0,0.0
120000,3,3,2,102.0,-0.983225078758911,-80.71663000034792,0.0,1.0,0.0
340000,4,5,2,390.0,-0.9566149,-80.7657543,0.0,1.0,0.0
180000,3,2,2,286.0,-0.962944807227911,-80.76470117378845,0.0,1.0,0.0
340000,3,3,2,350.0,-0.954023477757349,-80.77317709472045,0.0,1.0,0.0
295000,5,1,3,292.0,-0.955719,-80.7611632,0.0,1.0,0.0
150000,3,3,2,152.0,-0.971764655522873,-80.75987137832642,0.0,1.0,0.0
138000,3,3,1,198.0,-0.962607560656252,-80.75758644456634,0.0,1.0,0.0
370000,3,3,2,300.0,-0.952323743228333,-80.77635220750958,0.0,1.0,0.0
59000,3,3,1,255.0,-0.992820999999999,-80.723476,0.0,1.0,0.0
550000,4,4,4,340.0,-0.954628113520392,-80.77106377109887,0.0,1.0,0.0
400000,3,4,4,900.0,-0.94467565130328,-80.7465843659149,0.0,1.0,0.0
50000,3,2,1,92.0,-0.953331461111406,-80.69632907713778,0.0,1.0,0.0
310000,4,5,1,450.0,-0.9821786,-80.7243292,0.0,1.0,0.0
325000,4,8,1,273.0,-0.9759847,-80.70396219999999,0.0,1.0,0.0
87000,3,4,3,240.0,-0.948274937134113,-80.74845438521118,0.0,1.0,0.0
125000,3,3,3,145.0,-0.9625863,-80.7552612,0.0,1.0,0.0
425000,8,8,3,600.0,-0.9644071,-80.7056201,0.0,1.0,0.0
80000,3,3,1,230.0,-0.9671537,-80.6695979,0.0,1.0,0.0
140000,5,3,3,200.0,-0.944695332976374,-80.73892048921113,0.0,1.0,0.0
160000,3,4,1,164.0,-0.9488842,-80.7447381,0.0,1.0,0.0
55000,4,2,1,190.0,-1.019246252872451,-80.70239282345482,0.0,1.0,0.0
90000,2,1,4,100.0,-0.9779198,-80.7119855,0.0,1.0,0.0
249000,4,7,1,355.0,-0.9537539,-80.7337258,0.0,1.0,0.0
140000,4,3,1,200.0,-0.9838038,-80.6956275,0.0,1.0,0.0
245000,5,4,2,270.0,-0.955719,-80.7611632,0.0,1.0,0.0
90000,3,2,3,200.0,-0.9676533,-80.7089101,0.0,1.0,0.0
200000,4,4,1,280.0,-0.9670215,-80.7226866,0.0,1.0,0.0
225000,6,3,2,270.0,-0.9477405,-80.7393941,0.0,1.0,0.0
145000,3,3,3,329.0,-0.9445098,-80.7394405,0.0,1.0,0.0
298000,5,10,1,476.0,-0.957436,-80.76012530000001,0.0,1.0,0.0
220000,5,4,2,250.0,-0.9423049,-80.7410161,0.0,1.0,0.0
130000,2,6,6,467.0,-0.9533184,-80.70814,0.0,1.0,0.0
93000,3,2,1,204.0,-0.975973119536474,-80.68996288296283,0.0,1.0,0.0
175000,3,2,2,475.0,-0.978855414636603,-80.70989591163942,0.0,1.0,0.0
73000,3,2,2,120.0,-0.9803906,-80.68575659999999,0.0,1.0,0.0
65000,2,1,1,250.0,-0.9680599,-80.7283712,0.0,1.0,0.0
52000,1,1,1,180.0,-0.9670082,-80.6788663,0.0,1.0,0.0
220000,7,8,1,900.0,-0.9544053,-80.7088931,0.0,1.0,0.0
85000,3,2,2,156.0,-0.9680599,-80.72837119999997,0.0,1.0,0.0
115000,3,2,1,120.0,-0.9655093,-80.7589651,0.0,1.0,0.0
250000,7,8,4,350.0,-0.959700408683454,-80.7036996,0.0,1.0,0.0
650000,12,7,10,1000.0,-0.968418133851183,-80.73270314902891,0.0,1.0,0.0
160000,3,3,2,201.0,-0.9423049,-80.7410161,0.0,1.0,0.0
139000,3,3,2,195.0,-0.9474143,-80.7235206,0.0,1.0,0.0
230000,4,2,1,225.0,-0.9525055,-80.741065,0.0,1.0,0.0
280000,12,10,6,48.0,-0.9452424,-80.7265899,0.0,1.0,0.0
150000,7,7,3,400.0,-0.974416599999999,-80.7137544,0.0,1.0,0.0
235000,3,3,3,600.0,-0.9537539,-80.7337258,0.0,1.0,0.0
60000,3,2,2,123.0,-0.971776399999999,-80.6864386,0.0,1.0,0.0
90000,3,3,2,5000.0,-0.9626368,-80.7396304,0.0,1.0,0.0
135000,4,4,2,200.0,-0.965034629915759,-80.7635021209717,0.0,1.0,0.0
445414,4,4,2,375.0,-0.955954399999999,-80.7716536,0.0,1.0,0.0
79800,4,2,1,172.0,-0.968288799999999,-80.6885969,0.0,1.0,0.0
260000,5,6,8,328.0,-0.9833435,-80.7156618,0.0,1.0,0.0
138000,3,3,3,5000.0,-0.9557466,-80.7520794,0.0,1.0,0.0
195000,4,4,2,200.0,-0.963555599999999,-80.7645059,0.0,1.0,0.0
110000,2,2,1,227.0,-0.952124952252098,-80.74613772746623,0.0,1.0,0.0
130000,4,4,2,265.0,-0.959730884329469,-80.6869995057434,0.0,1.0,0.0
155000,3,4,2,147.0,-0.948771982814899,-80.75496196746828,0.0,1.0,0.0
140000,4,3,1,145.0,-0.957869799999999,-80.7616132,0.0,1.0,0.0
64000,3,2,1,98.0,-0.9746426,-80.6445428,0.0,1.0,0.0
165000,3,3,1,200.0,-0.954268655290347,-80.7663531594234,0.0,1.0,0.0
805000,6,7,4,724.0,-0.955565101180466,-80.76947006309052,0.0,1.0,0.0
185000,3,3,1,145.0,-0.946274030228581,-80.74814004714354,0.0,1.0,0.0
172500,4,4,2,240.0,-0.9566149,-80.7657543,0.0,1.0,0.0
450000,3,3,2,435.0,-0.955873639387374,-80.77896840782472,0.0,1.0,0.0
190000,4,3,2,220.0,-0.962515699999999,-80.7598148,0.0,1.0,0.0
195000,4,4,2,300.0,-0.958866458073623,-80.75172319447326,0.0,1.0,0.0
108000,3,2,1,128.0,-0.969123399999999,-80.7629242,0.0,1.0,0.0
79000,3,2,2,112.0,-0.9679603,-80.6923312,0.0,1.0,0.0
50000,3,2,1,5000.0,-0.9623136,-80.7292374,0.0,1.0,0.0
160000,4,5,2,203.0,-0.9752758,-80.7301733,0.0,1.0,0.0
320000,4,4,2,450.0,-0.947384054645445,-80.74138220182192,0.0,1.0,0.0
75000,4,3,2,231.0,-0.961852577521963,-80.75649179370792,0.0,1.0,0.0
260000,5,4,2,357.0,-0.94405745182805,-80.74503951716609,0.0,1.0,0.0
110000,3,2,2,272.0,-0.965769899999999,-80.7533126,0.0,1.0,0.0
155000,5,5,2,224.0,-0.9702802,-80.6784655,0.0,1.0,0.0
90000,3,3,2,5000.0,-0.9751488,-80.6989997,0.0,1.0,0.0
140000,4,3,2,161.0,-0.956023013442898,-80.75130884093932,0.0,1.0,0.0
145500,5,5,2,242.0,-0.9454894,-80.7374847,0.0,1.0,0.0
450000,5,5,2,333.0,-0.953847244980684,-80.76644630992583,0.0,1.0,0.0
550000,5,6,4,522.0,-0.9521713,-80.7693552,0.0,1.0,0.0
410000,3,4,2,390.0,-0.955954399999999,-80.7716536,0.0,1.0,0.0
139000,4,3,2,155.0,-0.9575025,-80.7625189,0.0,1.0,0.0
215000,4,4,2,242.0,-0.957111099999999,-80.7677722,0.0,1.0,0.0
190000,3,3,2,208.0,-0.965413799999999,-80.6687554,0.0,1.0,0.0
140000,3,3,1,145.0,-0.958354957324786,-80.78954432161754,0.0,1.0,0.0
360000,3,1,2,5000.0,-0.9559544,-80.7716536,0.0,1.0,0.0
145000,3,3,1,200.0,-0.953393691765526,-80.7691409319108,0.0,1.0,0.0
350000,3,3,1,295.0,-0.955954399999999,-80.7716536,0.0,1.0,0.0
120000,3,3,1,132.0,-0.965413799999999,-80.6687554,0.0,1.0,0.0
165000,3,3,2,186.0,-0.965413799999999,-80.6687554,0.0,1.0,0.0
650000,12,6,6,1100.0,-0.944798450444309,-80.75008851221287,0.0,1.0,0.0
473600,4,4,2,375.0,-0.955954399999999,-80.7716536,0.0,1.0,0.0
125000,3,2,2,148.0,-0.962870393572551,-80.76515167951585,0.0,1.0,0.0
135000,3,3,2,250.0,-0.960071012600841,-80.76485520425719,0.0,1.0,0.0
379000,4,4,3,403.0,-0.9676533,-80.7089101,0.0,1.0,0.0
163000,6,8,2,270.0,-0.9513198,-80.7425122,0.0,1.0,0.0
300000,3,3,3,320.0,-0.9423049,-80.7410161,0.0,1.0,0.0
169000,4,5,2,300.0,-0.9512165,-80.7353453,0.0,1.0,0.0
280000,4,4,1,255.0,-0.955954399999999,-80.7716536,0.0,1.0,0.0
63500,3,2,2,160.0,-0.967481099999999,-80.67933,0.0,1.0,0.0
300000,3,3,4,600.0,-0.9676533,-80.7089101,0.0,1.0,0.0
74500,3,2,1,113.0,-0.990179699999999,-80.6752494,0.0,1.0,0.0
163000,6,8,2,270.0,-0.9513198,-80.7425122,0.0,1.0,0.0
106990,3,2,2,111.0,-0.9390377,-80.6542396,0.0,1.0,0.0
139500,3,3,2,200.0,-0.9724627,-80.7618866,0.0,1.0,0.0
107612,3,2,1,166.0,-0.970927699999998,-80.759763,0.0,1.0,0.0
350000,3,4,10,1240.0,-0.9492893,-80.7265296,0.0,1.0,0.0
75000,3,2,3,120.0,-0.9708987,-80.68886499999999,0.0,1.0,0.0
71990,3,2,1,119.0,-0.952107999999999,-80.6719104,0.0,1.0,0.0
80000,3,2,2,5000.0,-0.9317044,-80.6559647,0.0,1.0,0.0
850000,6,6,6,1271.0,-0.9474143,-80.7235206,0.0,1.0,0.0
86000,3,2,3,150.0,-0.9708987,-80.688865,0.0,1.0,0.0
270000,4,4,1,255.0,-0.955954399999999,-80.7716536,0.0,1.0,0.0
140000,3,2,1,162.0,-0.956023013442898,-80.75130884093932,0.0,1.0,0.0
775000,3,4,3,974.0,-0.9521713,-80.7693552,0.0,1.0,0.0
130990,3,2,1,173.0,-0.9676533,-80.7089101,0.0,1.0,0.0
135000,3,3,2,200.0,-0.960148,-80.7599195,0.0,1.0,0.0
195000,4,4,2,218.0,-0.965413799999999,-80.6687554,0.0,1.0,0.0
65000,3,2,1,110.0,-0.986210291081798,-80.66664930102539,0.0,1.0,0.0
125000,7,5,2,243.0,-0.942499069304681,-80.73588476950096,0.0,1.0,0.0
215000,4,5,2,347.0,-0.958629734468027,-80.7480774188771,0.0,1.0,0.0
475000,3,2,1,606.0,-0.9465481,-80.7301035,0.0,1.0,0.0
105000,3,2,8,192.0,-0.9614108,-80.7675014,0.0,1.0,0.0
447000,4,5,3,427.0,-0.955954399999999,-80.7716536,0.0,1.0,0.0
129000,5,6,1,620.0,-0.975457,-80.688763,0.0,1.0,0.0
450000,3,3,2,409.0,-0.954719399999999,-80.77006960000001,0.0,1.0,0.0
139000,3,3,2,124.0,-0.956342499999999,-80.7193584,0.0,1.0,0.0
65000,3,2,3,160.0,-0.9721516,-80.6811998,0.0,1.0,0.0
239000,4,4,3,383.0,-0.954254868460245,-80.7707859797646,0.0,1.0,0.0
600000,4,4,4,570.0,-0.9422669,-80.7342716,0.0,1.0,0.0
400000,4,4,4,527.0,-0.949299148056773,-80.75164837653506,0.0,1.0,0.0
300000,5,5,1,5000.0,-0.9482502,-80.7268417,0.0,1.0,0.0
490000,3,3,2,5000.0,-0.9559544,-80.7716536,0.0,1.0,0.0
410000,4,4,2,290.0,-0.954800756755534,-80.77247142791748,0.0,1.0,0.0
390000,5,6,2,667.0,-0.955519241505975,-80.75935549411243,0.0,1.0,0.0
95000,3,2,1,104.0,-0.9497117,-80.7013427,0.0,1.0,0.0
149990,4,4,2,200.0,-0.963555599999999,-80.7645059,0.0,1.0,0.0
130000,5,5,2,251.0,-0.9567771,-80.7064153,0.0,1.0,0.0
430000,4,5,2,466.0,-0.955954399999999,-80.7716536,0.0,1.0,0.0
160000,3,5,1,161.0,-0.9676533,-80.7089101,0.0,1.0,0.0
115000,3,3,1,123.0,-0.9851185,-80.7124324,0.0,1.0,0.0
450000,4,4,2,470.0,-0.9521713,-80.7693552,0.0,1.0,0.0
57000,2,1,1,170.0,-0.9838038,-80.6956275,0.0,1.0,0.0
280000,4,4,2,765.0,-0.9592762,-80.7516107,0.0,1.0,0.0
98800,3,3,2,102.0,-1.001674071455961,-80.68212967857664,0.0,1.0,0.0
120000,3,2,2,124.0,-0.962893189129806,-80.7651972770691,0.0,1.0,0.0
